ISO-10303-21;
HEADER;
FILE_DESCRIPTION(('ViewDefinition [CoordinationView_V2.0]','RevitIdentifiers [ContentGUID: f67eb5e0-e96f-4f55-9997-477074c69940, VersionGUID: ed19d4e0-42fb-458e-a61b-251396734daa, NumberOfSaves: 3]','CoordinateReference [CoordinateBase: Shared Coordinates]'),'2;1');
FILE_NAME('MechanicalRoom_Model.ifc','2026-09-26T12:01:59+08:00',(''),(''),'ODA SDAI 25.12','Autodesk - Revit 26.5.0.55 (ENU) - 26.5.0.55','');
FILE_SCHEMA(('IFC2X3'));
ENDSEC;

DATA;
#1=IFCORGANIZATION($,'Autodesk Revit 2026 (ENU)',$,$,$);
#2=IFCAPPLICATION(#1,'2026','Autodesk Revit 2026 (ENU)','Revit');
#3=IFCPERSON($,'','mmcmanipol',$,$,$,$,$);
#4=IFCORGANIZATION($,'Organization Name','Organization Description',$,$);
#5=IFCPERSONANDORGANIZATION(#3,#4,$);
#6=IFCOWNERHISTORY(#5,#2,$,.NOCHANGE.,$,$,$,1790394648);
#7=IFCSIUNIT(*,.LENGTHUNIT.,.MILLI.,.METRE.);
#8=IFCSIUNIT(*,.AREAUNIT.,$,.SQUARE_METRE.);
#9=IFCSIUNIT(*,.VOLUMEUNIT.,$,.CUBIC_METRE.);
#10=IFCCARTESIANPOINT((0.,0.,0.));
#11=IFCAXIS2PLACEMENT3D(#10,$,$);
#12=IFCDIRECTION((0.,1.));
#13=IFCGEOMETRICREPRESENTATIONCONTEXT($,'Model',3,0.01,#11,#12);
#14=IFCGEOMETRICREPRESENTATIONSUBCONTEXT('Axis','Model',*,*,*,*,#13,$,.GRAPH_VIEW.,$);
#15=IFCGEOMETRICREPRESENTATIONSUBCONTEXT('Body','Model',*,*,*,*,#13,$,.MODEL_VIEW.,$);
#16=IFCGEOMETRICREPRESENTATIONSUBCONTEXT('Box','Model',*,*,*,*,#13,$,.MODEL_VIEW.,$);
#17=IFCGEOMETRICREPRESENTATIONSUBCONTEXT('FootPrint','Model',*,*,*,*,#13,$,.MODEL_VIEW.,$);
#18=IFCPROJECT('3sVhNWwMzFLPcNHt2BEMQm',#6,'Project Number',$,$,'Project Name','Project Status',(#13),#11367);
#19=IFCPOSTALADDRESS($,$,$,$,('Enter address here\X\0D\X\0AAddress Line 2'),$,'','Boston','','MA');
#20=IFCAXIS2PLACEMENT3D(#10,$,$);
#21=IFCLOCALPLACEMENT(#31,#20);
#22=IFCBUILDING('3sVhNWwMzFLPcNHt2BEMQn',#6,'Building Name',$,$,#21,$,'Building Name',.ELEMENT.,$,$,#19);
#23=IFCAXIS2PLACEMENT3D(#10,$,$);
#24=IFCLOCALPLACEMENT(#21,#23);
#25=IFCBUILDINGSTOREY('2JF4e6axWHqu3u0C1FZlmi',#6,'Ground Floor',$,$,#24,$,'Ground Floor',.ELEMENT.,0.);
#26=IFCCARTESIANPOINT((0.,0.,4000.));
#27=IFCAXIS2PLACEMENT3D(#26,$,$);
#28=IFCLOCALPLACEMENT(#21,#27);
#29=IFCBUILDINGSTOREY('1ZGO8hrFCHqw0v0026FpFv',#6,'Roof',$,$,#28,$,'Roof',.ELEMENT.,4000.0000000000005);
#30=IFCAXIS2PLACEMENT3D(#10,$,$);
#31=IFCLOCALPLACEMENT($,#30);
#32=IFCSITE('3sVhNWwMzFLPcNHt2BEMQo',#6,'Default',$,$,#31,$,$,.ELEMENT.,(42,21,31,401672),(-71,-3,-24,-345703),0.,$,$);
#33=IFCCARTESIANPOINT((-7310.9791389701768,1647.6508540347425,0.));
#34=IFCAXIS2PLACEMENT3D(#33,$,$);
#35=IFCLOCALPLACEMENT(#24,#34);
#36=IFCCARTESIANPOINT((0.,0.));
#37=IFCCARTESIANPOINT((6200.,0.));
#38=IFCPOLYLINE((#36,#37));
#39=IFCSHAPEREPRESENTATION(#14,'Axis','Curve2D',(#38));
#40=IFCPRODUCTDEFINITIONSHAPE($,$,(#39,#53));
#41=IFCCARTESIANPOINT((3099.9999999999991,0.));
#42=IFCDIRECTION((-1.,0.));
#43=IFCAXIS2PLACEMENT2D(#41,#42);
#44=IFCRECTANGLEPROFILEDEF(.AREA.,$,#43,6199.9999999999982,200.);
#45=IFCAXIS2PLACEMENT3D(#10,$,$);
#46=IFCDIRECTION((0.,0.,1.));
#47=IFCEXTRUDEDAREASOLID(#44,#45,#46,6000.);
#48=IFCCOLOURRGB($,0.75294117647058822,0.75294117647058822,0.75294117647058822);
#49=IFCSURFACESTYLERENDERING(#48,0.,$,$,$,$,IFCNORMALISEDRATIOMEASURE(0.5),IFCSPECULAREXPONENT(10.),.NOTDEFINED.);
#50=IFCSURFACESTYLE('Default Wall',.BOTH.,(#49));
#51=IFCPRESENTATIONSTYLEASSIGNMENT((#50));
#52=IFCSTYLEDITEM(#47,(#51),$);
#53=IFCSHAPEREPRESENTATION(#15,'Body','SweptSolid',(#47));
#54=IFCWALLSTANDARDCASE('0JmuMww311gfxijwkYZQ10',#6,'Basic Wall:Generic - 200mm:1664157',$,$,#35,#40,'1664157');
#55=IFCMATERIAL('Default Wall');
#56=IFCPRESENTATIONSTYLEASSIGNMENT((#50));
#57=IFCSTYLEDITEM($,(#56),$);
#58=IFCSTYLEDREPRESENTATION(#13,'Style','Material',(#57));
#59=IFCMATERIALDEFINITIONREPRESENTATION($,$,(#58),#55);
#60=IFCMATERIALLAYER(#55,200.,$);
#61=IFCMATERIALLAYERSET((#60),'Basic Wall:Generic - 200mm');
#62=IFCMATERIALLAYERSETUSAGE(#61,.AXIS2.,.NEGATIVE.,100.);
#63=IFCWALLTYPE('1xZrMVYp52mhf4uMzw11Hk',#6,'Basic Wall:Generic - 200mm',$,$,(#76),$,'441451',$,.STANDARD.);
#64=IFCPROPERTYSINGLEVALUE('Reference',$,IFCIDENTIFIER('Generic - 200mm'),$);
#65=IFCPROPERTYSET('2vdubPWmcCQYsj0Np_7FRJ',#6,'Pset_QuantityTakeOff',$,(#64));
#66=IFCPROPERTYSINGLEVALUE('Reference',$,IFCLABEL('Generic - 200mm'),$);
#67=IFCPROPERTYSET('0jix9sXw0Rn$EU_tqv9YeY',#6,'Pset_ReinforcementBarPitchOfWall',$,(#66));
#68=IFCPROPERTYSINGLEVALUE('IsExternal',$,IFCBOOLEAN(.T.),$);
#69=IFCPROPERTYSINGLEVALUE('ExtendToStructure',$,IFCBOOLEAN(.F.),$);
#70=IFCPROPERTYSINGLEVALUE('LoadBearing',$,IFCBOOLEAN(.F.),$);
#71=IFCPROPERTYSET('3ubXdkmn6993dCnLvhnILd',#6,'Pset_WallCommon',$,(#64,#68,#69,#70));
#72=IFCRELDEFINESBYPROPERTIES('22kALKeOvSY9Bwp29w8HTL',#6,$,$,(#54),#65);
#73=IFCRELDEFINESBYPROPERTIES('01HdI_WpuUidFQX7yDpTp1',#6,$,$,(#54),#67);
#74=IFCRELDEFINESBYPROPERTIES('3bUe2fh4rmT_tJCuWlKNYX',#6,$,$,(#54),#71);
#75=IFCPROPERTYSINGLEVALUE('Description',$,IFCTEXT('Generic Wall (Material By Category), 200mm thick'),$);
#76=IFCPROPERTYSET('2L7lvTstnIeeydfwzfZZLR',#6,'Pset_ReinforcementBarPitchOfWall',$,(#75));
#77=IFCCARTESIANPOINT((-7210.9791389701777,-6652.3491459652596,0.));
#78=IFCDIRECTION((0.,1.,0.));
#79=IFCAXIS2PLACEMENT3D(#77,#46,#78);
#80=IFCLOCALPLACEMENT(#24,#79);
#81=IFCCARTESIANPOINT((8200.,0.));
#82=IFCPOLYLINE((#36,#81));
#83=IFCSHAPEREPRESENTATION(#14,'Axis','Curve2D',(#82));
#84=IFCPRODUCTDEFINITIONSHAPE($,$,(#83,#91));
#85=IFCCARTESIANPOINT((4100.0000000000009,0.));
#86=IFCAXIS2PLACEMENT2D(#85,#42);
#87=IFCRECTANGLEPROFILEDEF(.AREA.,$,#86,8200.0000000000018,200.);
#88=IFCAXIS2PLACEMENT3D(#10,$,$);
#89=IFCEXTRUDEDAREASOLID(#87,#88,#46,6000.);
#90=IFCSTYLEDITEM(#89,(#51),$);
#91=IFCSHAPEREPRESENTATION(#15,'Body','SweptSolid',(#89));
#92=IFCWALLSTANDARDCASE('0JmuMww311gfxijwkYZQ13',#6,'Basic Wall:Generic - 200mm:1664158',$,$,#80,#84,'1664158');
#93=IFCMATERIALLAYERSETUSAGE(#61,.AXIS2.,.NEGATIVE.,100.);
#94=IFCPROPERTYSET('2DLJoCzmra0UEZWooNbDYs',#6,'Pset_QuantityTakeOff',$,(#64));
#95=IFCPROPERTYSINGLEVALUE('Reference',$,IFCLABEL('Generic - 200mm'),$);
#96=IFCPROPERTYSET('3fd$u8jeyW41Juouoaowuz',#6,'Pset_ReinforcementBarPitchOfWall',$,(#95));
#97=IFCPROPERTYSET('3uS4HyJzTzdeZEpab4HO9v',#6,'Pset_WallCommon',$,(#64,#68,#69,#70));
#98=IFCRELDEFINESBYPROPERTIES('0tpB$bmDMYp7IntDY1kjLw',#6,$,$,(#92),#94);
#99=IFCRELDEFINESBYPROPERTIES('0G6kooHNgxyIK7pvjfPrFA',#6,$,$,(#92),#96);
#100=IFCRELDEFINESBYPROPERTIES('1Krm3xJ7PK6ln32h1VKluP',#6,$,$,(#92),#97);
#101=IFCCARTESIANPOINT((-910.97913897017816,-6552.3491459652578,0.));
#102=IFCDIRECTION((-1.,0.,0.));
#103=IFCAXIS2PLACEMENT3D(#101,#46,#102);
#104=IFCLOCALPLACEMENT(#24,#103);
#105=IFCCARTESIANPOINT((6200.,0.));
#106=IFCPOLYLINE((#36,#105));
#107=IFCSHAPEREPRESENTATION(#14,'Axis','Curve2D',(#106));
#108=IFCPRODUCTDEFINITIONSHAPE($,$,(#107,#115));
#109=IFCCARTESIANPOINT((3099.9999999999991,0.));
#110=IFCAXIS2PLACEMENT2D(#109,#42);
#111=IFCRECTANGLEPROFILEDEF(.AREA.,$,#110,6199.9999999999982,200.);
#112=IFCAXIS2PLACEMENT3D(#10,$,$);
#113=IFCEXTRUDEDAREASOLID(#111,#112,#46,6000.);
#114=IFCSTYLEDITEM(#113,(#51),$);
#115=IFCSHAPEREPRESENTATION(#15,'Body','SweptSolid',(#113));
#116=IFCWALLSTANDARDCASE('0JmuMww311gfxijwkYZQ12',#6,'Basic Wall:Generic - 200mm:1664159',$,$,#104,#108,'1664159');
#117=IFCMATERIALLAYERSETUSAGE(#61,.AXIS2.,.NEGATIVE.,100.);
#118=IFCPROPERTYSET('0nuW4A11vG5wPDiO8zE6Qb',#6,'Pset_QuantityTakeOff',$,(#64));
#119=IFCPROPERTYSINGLEVALUE('Reference',$,IFCLABEL('Generic - 200mm'),$);
#120=IFCPROPERTYSET('2mAcpYOziZ8RWNBBGU2TsP',#6,'Pset_ReinforcementBarPitchOfWall',$,(#119));
#121=IFCPROPERTYSET('0nDH8HQoCgEq6SRdBqfXpk',#6,'Pset_WallCommon',$,(#64,#68,#69,#70));
#122=IFCRELDEFINESBYPROPERTIES('1sOSDyQzK0cDC$jJlssRZ0',#6,$,$,(#116),#118);
#123=IFCRELDEFINESBYPROPERTIES('0acmgQT_3H0DJ4179BqOit',#6,$,$,(#116),#120);
#124=IFCRELDEFINESBYPROPERTIES('2Lp9SQYxH2ilHpFkXHKRcl',#6,$,$,(#116),#121);
#125=IFCCARTESIANPOINT((-1010.9791389701771,1747.6508540347425,0.));
#126=IFCDIRECTION((0.,-1.,0.));
#127=IFCAXIS2PLACEMENT3D(#125,#46,#126);
#128=IFCLOCALPLACEMENT(#24,#127);
#129=IFCCARTESIANPOINT((8200.,0.));
#130=IFCPOLYLINE((#36,#129));
#131=IFCSHAPEREPRESENTATION(#14,'Axis','Curve2D',(#130));
#132=IFCPRODUCTDEFINITIONSHAPE($,$,(#131,#139));
#133=IFCCARTESIANPOINT((4100.,0.));
#134=IFCAXIS2PLACEMENT2D(#133,#42);
#135=IFCRECTANGLEPROFILEDEF(.AREA.,$,#134,8200.,200.);
#136=IFCAXIS2PLACEMENT3D(#10,$,$);
#137=IFCEXTRUDEDAREASOLID(#135,#136,#46,6000.);
#138=IFCSTYLEDITEM(#137,(#51),$);
#139=IFCSHAPEREPRESENTATION(#15,'Body','SweptSolid',(#137));
#140=IFCWALLSTANDARDCASE('0JmuMww311gfxijwkYZQ1z',#6,'Basic Wall:Generic - 200mm:1664160',$,$,#128,#132,'1664160');
#141=IFCMATERIALLAYERSETUSAGE(#61,.AXIS2.,.NEGATIVE.,100.);
#142=IFCPROPERTYSET('1BzvbuxdJ0xxXoPIOBfogy',#6,'Pset_QuantityTakeOff',$,(#64));
#143=IFCPROPERTYSINGLEVALUE('Reference',$,IFCLABEL('Generic - 200mm'),$);
#144=IFCPROPERTYSET('1G3kS9zlz62FMU7lfU6noj',#6,'Pset_ReinforcementBarPitchOfWall',$,(#143));
#145=IFCPROPERTYSET('1A1maCbpqQ9t_Y6kXtcQuU',#6,'Pset_WallCommon',$,(#64,#68,#69,#70));
#146=IFCRELDEFINESBYPROPERTIES('3JtQV79zScD9RF4GOFLUWG',#6,$,$,(#140),#142);
#147=IFCRELDEFINESBYPROPERTIES('1LLOJ0zluWjLka4bdJReGh',#6,$,$,(#140),#144);
#148=IFCRELDEFINESBYPROPERTIES('3oH1BTBB6IC7ZUS81NQ0pM',#6,$,$,(#140),#145);
#149=IFCCARTESIANPOINT((-31.031999999993737,507.,130.));
#150=IFCCARTESIANPOINT((-29.974610241396086,507.,138.03167260769462));
#151=IFCCARTESIANPOINT((-26.874500330232394,507.,145.51600000007321));
#152=IFCCARTESIANPOINT((-21.94293763377463,507.,151.94293763385411));
#153=IFCCARTESIANPOINT((-15.515999999993685,507.,156.87450033031186));
#154=IFCCARTESIANPOINT((-8.0316726076151141,507.,159.97461024147549));
#155=IFCCARTESIANPOINT((0.,507.,161.03200000007314));
#156=IFCCARTESIANPOINT((8.0316726076277281,507.,159.97461024147546));
#157=IFCCARTESIANPOINT((15.516000000006294,507.,156.8745003303118));
#158=IFCCARTESIANPOINT((21.942937633787224,507.,151.94293763385406));
#159=IFCCARTESIANPOINT((26.874500330244974,507.,145.51600000007312));
#160=IFCCARTESIANPOINT((29.974610241408637,507.,138.03167260769453));
#161=IFCCARTESIANPOINT((31.032000000006267,507.,130.));
#162=IFCCARTESIANPOINT((29.974610241408584,507.,121.96832739245151));
#163=IFCCARTESIANPOINT((26.874500330244878,507.,114.48400000007295));
#164=IFCCARTESIANPOINT((21.942937633787089,507.,108.05706236629206));
#165=IFCCARTESIANPOINT((15.516000000006123,507.,103.12549966983434));
#166=IFCCARTESIANPOINT((8.0316726076275415,507.,100.0253897586707));
#167=IFCCARTESIANPOINT((0.,507.,98.968000000073118));
#168=IFCCARTESIANPOINT((-8.0316726076152918,507.,100.02538975867078));
#169=IFCCARTESIANPOINT((-15.515999999993847,507.,103.12549966983447));
#170=IFCCARTESIANPOINT((-21.942937633774765,507.,108.05706236629226));
#171=IFCCARTESIANPOINT((-26.874500330232497,507.,114.48400000007322));
#172=IFCCARTESIANPOINT((-29.974610241396135,507.,121.9683273924518));
#173=IFCPOLYLOOP((#149,#150,#151,#152,#153,#154,#155,#156,#157,#158,#159,#160,#161,#162,#163,#164,#165,#166,#167,#168,#169,#170,#171,#172));
#174=IFCFACEOUTERBOUND(#173,.T.);
#175=IFCFACE((#174));
#176=IFCCARTESIANPOINT((-29.974610245227815,494.29998836517336,121.96832735538483));
#177=IFCCARTESIANPOINT((-31.031999373435976,494.29998836517336,129.99999554157259));
#178=IFCPOLYLOOP((#149,#172,#176,#177));
#179=IFCFACEOUTERBOUND(#178,.T.);
#180=IFCFACE((#179));
#181=IFCCARTESIANPOINT((-26.874499690532684,494.29998836517336,114.48400039672852));
#182=IFCPOLYLOOP((#172,#171,#181,#176));
#183=IFCFACEOUTERBOUND(#182,.T.);
#184=IFCFACE((#183));
#185=IFCCARTESIANPOINT((-15.515999686717988,494.29998836517336,103.12550039291382));
#186=IFCCARTESIANPOINT((-21.94293751716614,494.29998836517336,108.05705802440643));
#187=IFCPOLYLOOP((#170,#169,#185,#186));
#188=IFCFACEOUTERBOUND(#187,.T.);
#189=IFCFACE((#188));
#190=IFCPOLYLOOP((#171,#170,#186,#181));
#191=IFCFACEOUTERBOUND(#190,.T.);
#192=IFCFACE((#191));
#193=IFCCARTESIANPOINT((-8.0316727280616771,494.29998836517336,100.02538983821869));
#194=IFCPOLYLOOP((#169,#168,#193,#185));
#195=IFCFACEOUTERBOUND(#194,.T.);
#196=IFCFACE((#195));
#197=IFCCARTESIANPOINT((0.,494.29998836517336,98.967996168136594));
#198=IFCPOLYLOOP((#197,#193,#168,#167));
#199=IFCFACEOUTERBOUND(#198,.T.);
#200=IFCFACE((#199));
#201=IFCCARTESIANPOINT((8.0316727280616771,494.29998836517336,100.02538983821869));
#202=IFCPOLYLOOP((#167,#166,#201,#197));
#203=IFCFACEOUTERBOUND(#202,.T.);
#204=IFCFACE((#203));
#205=IFCCARTESIANPOINT((15.515999686717988,494.29998836517336,103.12550039291382));
#206=IFCPOLYLOOP((#166,#165,#205,#201));
#207=IFCFACEOUTERBOUND(#206,.T.);
#208=IFCFACE((#207));
#209=IFCCARTESIANPOINT((26.874499690532684,494.29998836517336,114.48400039672852));
#210=IFCCARTESIANPOINT((21.94293751716614,494.29998836517336,108.05705802440643));
#211=IFCPOLYLOOP((#164,#163,#209,#210));
#212=IFCFACEOUTERBOUND(#211,.T.);
#213=IFCFACE((#212));
#214=IFCPOLYLOOP((#165,#164,#210,#205));
#215=IFCFACEOUTERBOUND(#214,.T.);
#216=IFCFACE((#215));
#217=IFCCARTESIANPOINT((29.974610245227815,494.29998836517336,121.96832735538483));
#218=IFCPOLYLOOP((#163,#162,#217,#209));
#219=IFCFACEOUTERBOUND(#218,.T.);
#220=IFCFACE((#219));
#221=IFCCARTESIANPOINT((31.031999373435976,494.29998836517336,129.99999554157259));
#222=IFCPOLYLOOP((#221,#217,#162,#161));
#223=IFCFACEOUTERBOUND(#222,.T.);
#224=IFCFACE((#223));
#225=IFCCARTESIANPOINT((29.974610245227815,494.29998836517336,138.03167281150817));
#226=IFCPOLYLOOP((#161,#160,#225,#221));
#227=IFCFACEOUTERBOUND(#226,.T.);
#228=IFCFACE((#227));
#229=IFCCARTESIANPOINT((26.874499690532684,494.29998836517336,145.51599977016448));
#230=IFCPOLYLOOP((#160,#159,#229,#225));
#231=IFCFACEOUTERBOUND(#230,.T.);
#232=IFCFACE((#231));
#233=IFCCARTESIANPOINT((15.515999686717988,494.29998836517336,156.87450885772705));
#234=IFCCARTESIANPOINT((21.94293751716614,494.29998836517336,151.94294214248657));
#235=IFCPOLYLOOP((#158,#157,#233,#234));
#236=IFCFACEOUTERBOUND(#235,.T.);
#237=IFCFACE((#236));
#238=IFCPOLYLOOP((#159,#158,#234,#229));
#239=IFCFACEOUTERBOUND(#238,.T.);
#240=IFCFACE((#239));
#241=IFCCARTESIANPOINT((8.0316727280616771,494.29998836517336,159.97461032867432));
#242=IFCPOLYLOOP((#157,#156,#241,#233));
#243=IFCFACEOUTERBOUND(#242,.T.);
#244=IFCFACE((#243));
#245=IFCCARTESIANPOINT((0.,494.29998836517336,161.03199491500854));
#246=IFCPOLYLOOP((#245,#241,#156,#155));
#247=IFCFACEOUTERBOUND(#246,.T.);
#248=IFCFACE((#247));
#249=IFCCARTESIANPOINT((-8.0316727280616771,494.29998836517336,159.97461032867432));
#250=IFCPOLYLOOP((#155,#154,#249,#245));
#251=IFCFACEOUTERBOUND(#250,.T.);
#252=IFCFACE((#251));
#253=IFCCARTESIANPOINT((-15.515999686717988,494.29998836517336,156.87450885772705));
#254=IFCPOLYLOOP((#154,#153,#253,#249));
#255=IFCFACEOUTERBOUND(#254,.T.);
#256=IFCFACE((#255));
#257=IFCCARTESIANPOINT((-26.874499690532684,494.29998836517336,145.51599977016448));
#258=IFCCARTESIANPOINT((-21.94293751716614,494.29998836517336,151.94294214248657));
#259=IFCPOLYLOOP((#152,#151,#257,#258));
#260=IFCFACEOUTERBOUND(#259,.T.);
#261=IFCFACE((#260));
#262=IFCPOLYLOOP((#153,#152,#258,#253));
#263=IFCFACEOUTERBOUND(#262,.T.);
#264=IFCFACE((#263));
#265=IFCCARTESIANPOINT((-29.974610245227815,494.29998836517336,138.03167281150817));
#266=IFCPOLYLOOP((#151,#150,#265,#257));
#267=IFCFACEOUTERBOUND(#266,.T.);
#268=IFCFACE((#267));
#269=IFCPOLYLOOP((#177,#265,#150,#149));
#270=IFCFACEOUTERBOUND(#269,.T.);
#271=IFCFACE((#270));
#272=IFCCARTESIANPOINT((-79.149999999993753,494.29999999999063,130.));
#273=IFCCARTESIANPOINT((-76.453029150773432,494.29999999999035,150.48552741993768));
#274=IFCCARTESIANPOINT((-68.545910709531967,494.29999999999012,169.57500000007312));
#275=IFCCARTESIANPOINT((-55.96750173090885,494.29999999998989,185.96750173098832));
#276=IFCCARTESIANPOINT((-39.574999999993608,494.29999999998967,198.54591070961138));
#277=IFCCARTESIANPOINT((-20.485527419858133,494.29999999998955,206.45302915085273));
#278=IFCCARTESIANPOINT((0.,494.29999999998955,209.15000000007296));
#279=IFCCARTESIANPOINT((20.485527419870891,494.29999999998955,206.45302915085267));
#280=IFCCARTESIANPOINT((39.575000000006334,494.29999999998967,198.54591070961123));
#281=IFCCARTESIANPOINT((55.967501730921548,494.29999999998989,185.96750173098815));
#282=IFCCARTESIANPOINT((68.545910709544614,494.29999999999012,169.57500000007292));
#283=IFCCARTESIANPOINT((76.453029150786037,494.29999999999035,150.48552741993745));
#284=IFCCARTESIANPOINT((79.150000000006273,494.29999999999063,130.));
#285=IFCCARTESIANPOINT((76.453029150785895,494.29999999999092,109.51447258020796));
#286=IFCCARTESIANPOINT((68.545910709544358,494.2999999999912,90.425000000072529));
#287=IFCCARTESIANPOINT((55.967501730921192,494.29999999999137,74.032498269157387));
#288=IFCCARTESIANPOINT((39.5750000000059,494.2999999999916,61.454089290534412));
#289=IFCCARTESIANPOINT((20.485527419870408,494.29999999999171,53.546970849293089));
#290=IFCCARTESIANPOINT((0.,494.29999999999171,50.850000000072939));
#291=IFCCARTESIANPOINT((-20.485527419858588,494.29999999999171,53.546970849293274));
#292=IFCCARTESIANPOINT((-39.574999999994013,494.2999999999916,61.454089290534782));
#293=IFCCARTESIANPOINT((-55.967501730909184,494.29999999999137,74.032498269157912));
#294=IFCCARTESIANPOINT((-68.545910709532237,494.2999999999912,90.425000000073211));
#295=IFCCARTESIANPOINT((-76.45302915077356,494.29999999999092,109.5144725802087));
#296=IFCPOLYLOOP((#272,#273,#274,#275,#276,#277,#278,#279,#280,#281,#282,#283,#284,#285,#286,#287,#288,#289,#290,#291,#292,#293,#294,#295));
#297=IFCFACEOUTERBOUND(#296,.T.);
#298=IFCPOLYLOOP((#177,#176,#181,#186,#185,#193,#197,#201,#205,#210,#209,#217,#221,#225,#229,#234,#233,#241,#245,#249,#253,#258,#257,#265));
#299=IFCFACEBOUND(#298,.T.);
#300=IFCFACE((#297,#299));
#301=IFCCARTESIANPOINT((-78.070443606376656,468.900012588501,116.97202076911927));
#302=IFCPOLYLOOP((#295,#301,#272));
#303=IFCFACEOUTERBOUND(#302,.T.);
#304=IFCFACE((#303));
#305=IFCCARTESIANPOINT((-74.86122815608978,468.900012588501,104.29942946434021));
#306=IFCPOLYLOOP((#305,#295,#294));
#307=IFCFACEOUTERBOUND(#306,.T.);
#308=IFCFACE((#307));
#309=IFCCARTESIANPOINT((-62.459682261943819,468.900012588501,81.384049487113955));
#310=IFCPOLYLOOP((#294,#293,#309));
#311=IFCFACEOUTERBOUND(#310,.T.);
#312=IFCFACE((#311));
#313=IFCCARTESIANPOINT((-31.79213874936104,468.900012588501,57.515639019012454));
#314=IFCPOLYLOOP((#313,#292,#291));
#315=IFCFACEOUTERBOUND(#314,.T.);
#316=IFCFACE((#315));
#317=IFCCARTESIANPOINT((-6.5332818344235424,468.900012588501,51.120099163055421));
#318=IFCCARTESIANPOINT((-19.427690881490708,468.900012588501,53.271339583396916));
#319=IFCPOLYLOOP((#317,#318,#291));
#320=IFCFACEOUTERBOUND(#319,.T.);
#321=IFCFACE((#320));
#322=IFCPOLYLOOP((#291,#290,#317));
#323=IFCFACEOUTERBOUND(#322,.T.);
#324=IFCFACE((#323));
#325=IFCCARTESIANPOINT((-43.289336228370665,468.900012588501,63.737220561504365));
#326=IFCPOLYLOOP((#293,#292,#325));
#327=IFCFACEOUTERBOUND(#326,.T.);
#328=IFCFACE((#327));
#329=IFCPOLYLOOP((#318,#313,#291));
#330=IFCFACEOUTERBOUND(#329,.T.);
#331=IFCFACE((#330));
#332=IFCCARTESIANPOINT((-69.609890806674954,468.900012588501,92.327921819686892));
#333=IFCPOLYLOOP((#332,#305,#294));
#334=IFCFACEOUTERBOUND(#333,.T.);
#335=IFCFACE((#334));
#336=IFCPOLYLOOP((#305,#301,#295));
#337=IFCFACEOUTERBOUND(#336,.T.);
#338=IFCFACE((#337));
#339=IFCCARTESIANPOINT((-79.150001621246346,468.900012588501,129.99999554157259));
#340=IFCPOLYLOOP((#301,#339,#272));
#341=IFCFACEOUTERBOUND(#340,.T.);
#342=IFCFACE((#341));
#343=IFCCARTESIANPOINT((-53.605657839775084,468.900012588501,71.766368007659921));
#344=IFCPOLYLOOP((#325,#343,#293));
#345=IFCFACEOUTERBOUND(#344,.T.);
#346=IFCFACE((#345));
#347=IFCPOLYLOOP((#309,#293,#343));
#348=IFCFACEOUTERBOUND(#347,.T.);
#349=IFCFACE((#348));
#350=IFCPOLYLOOP((#309,#332,#294));
#351=IFCFACEOUTERBOUND(#350,.T.);
#352=IFCFACE((#351));
#353=IFCPOLYLOOP((#325,#292,#313));
#354=IFCFACEOUTERBOUND(#353,.T.);
#355=IFCFACE((#354));
#356=IFCCARTESIANPOINT((6.5393475070595741,468.900012588501,51.120603311061863));
#357=IFCPOLYLOOP((#289,#356,#290));
#358=IFCFACEOUTERBOUND(#357,.T.);
#359=IFCFACE((#358));
#360=IFCCARTESIANPOINT((31.797713899612429,468.900012588501,57.518087089061737));
#361=IFCPOLYLOOP((#360,#289,#288));
#362=IFCFACEOUTERBOUND(#361,.T.);
#363=IFCFACE((#362));
#364=IFCCARTESIANPOINT((43.294432210922245,468.900012588501,63.740549755096438));
#365=IFCPOLYLOOP((#288,#287,#364));
#366=IFCFACEOUTERBOUND(#365,.T.);
#367=IFCFACE((#366));
#368=IFCCARTESIANPOINT((74.86320387125015,468.900012588501,104.30518856048585));
#369=IFCPOLYLOOP((#368,#286,#285));
#370=IFCFACEOUTERBOUND(#369,.T.);
#371=IFCFACE((#370));
#372=IFCCARTESIANPOINT((78.071442818641671,468.900012588501,116.97802512645723));
#373=IFCPOLYLOOP((#285,#284,#372));
#374=IFCFACEOUTERBOUND(#373,.T.);
#375=IFCFACE((#374));
#376=IFCCARTESIANPOINT((62.463424766063696,468.900012588501,81.388854789733884));
#377=IFCPOLYLOOP((#287,#286,#376));
#378=IFCFACEOUTERBOUND(#377,.T.);
#379=IFCFACE((#378));
#380=IFCCARTESIANPOINT((79.150001621246346,468.900012588501,129.99999554157259));
#381=IFCPOLYLOOP((#284,#380,#372));
#382=IFCFACEOUTERBOUND(#381,.T.);
#383=IFCFACE((#382));
#384=IFCPOLYLOOP((#364,#360,#288));
#385=IFCFACEOUTERBOUND(#384,.T.);
#386=IFCFACE((#385));
#387=IFCCARTESIANPOINT((19.433593046665191,468.900012588501,53.272833859920503));
#388=IFCPOLYLOOP((#360,#387,#289));
#389=IFCFACEOUTERBOUND(#388,.T.);
#390=IFCFACE((#389));
#391=IFCPOLYLOOP((#387,#356,#289));
#392=IFCFACEOUTERBOUND(#391,.T.);
#393=IFCFACE((#392));
#394=IFCCARTESIANPOINT((69.612788522243505,468.900012588501,92.333272147178647));
#395=IFCPOLYLOOP((#368,#394,#286));
#396=IFCFACEOUTERBOUND(#395,.T.);
#397=IFCFACE((#396));
#398=IFCCARTESIANPOINT((53.610136127471925,468.900012588501,71.770492029190066));
#399=IFCPOLYLOOP((#376,#398,#287));
#400=IFCFACEOUTERBOUND(#399,.T.);
#401=IFCFACE((#400));
#402=IFCPOLYLOOP((#286,#394,#376));
#403=IFCFACEOUTERBOUND(#402,.T.);
#404=IFCFACE((#403));
#405=IFCPOLYLOOP((#398,#364,#287));
#406=IFCFACEOUTERBOUND(#405,.T.);
#407=IFCFACE((#406));
#408=IFCPOLYLOOP((#285,#372,#368));
#409=IFCFACEOUTERBOUND(#408,.T.);
#410=IFCFACE((#409));
#411=IFCPOLYLOOP((#290,#356,#317));
#412=IFCFACEOUTERBOUND(#411,.T.);
#413=IFCFACE((#412));
#414=IFCCARTESIANPOINT((78.071442818641671,468.900012588501,143.02197504043579));
#415=IFCPOLYLOOP((#283,#414,#284));
#416=IFCFACEOUTERBOUND(#415,.T.);
#417=IFCFACE((#416));
#418=IFCCARTESIANPOINT((74.86320387125015,468.900012588501,155.69482069015504));
#419=IFCPOLYLOOP((#418,#283,#282));
#420=IFCFACEOUTERBOUND(#419,.T.);
#421=IFCFACE((#420));
#422=IFCCARTESIANPOINT((62.463424766063696,468.900012588501,178.61113629341125));
#423=IFCPOLYLOOP((#282,#281,#422));
#424=IFCFACEOUTERBOUND(#423,.T.);
#425=IFCFACE((#424));
#426=IFCCARTESIANPOINT((31.797713899612429,468.900012588501,202.4819176197052));
#427=IFCPOLYLOOP((#426,#280,#279));
#428=IFCFACEOUTERBOUND(#427,.T.);
#429=IFCFACE((#428));
#430=IFCCARTESIANPOINT((6.5393475070595741,468.900012588501,208.8794013977051));
#431=IFCCARTESIANPOINT((19.433593046665191,468.900012588501,206.72717084884644));
#432=IFCPOLYLOOP((#430,#431,#279));
#433=IFCFACEOUTERBOUND(#432,.T.);
#434=IFCFACE((#433));
#435=IFCPOLYLOOP((#279,#278,#430));
#436=IFCFACEOUTERBOUND(#435,.T.);
#437=IFCFACE((#436));
#438=IFCCARTESIANPOINT((43.294432210922245,468.900012588501,196.25944132804872));
#439=IFCPOLYLOOP((#281,#280,#438));
#440=IFCFACEOUTERBOUND(#439,.T.);
#441=IFCFACE((#440));
#442=IFCPOLYLOOP((#431,#426,#279));
#443=IFCFACEOUTERBOUND(#442,.T.);
#444=IFCFACE((#443));
#445=IFCCARTESIANPOINT((69.612788522243505,468.900012588501,167.66672801971436));
#446=IFCPOLYLOOP((#445,#418,#282));
#447=IFCFACEOUTERBOUND(#446,.T.);
#448=IFCFACE((#447));
#449=IFCPOLYLOOP((#418,#414,#283));
#450=IFCFACEOUTERBOUND(#449,.T.);
#451=IFCFACE((#450));
#452=IFCPOLYLOOP((#414,#380,#284));
#453=IFCFACEOUTERBOUND(#452,.T.);
#454=IFCFACE((#453));
#455=IFCCARTESIANPOINT((53.610136127471925,468.900012588501,188.22951722145081));
#456=IFCPOLYLOOP((#438,#455,#281));
#457=IFCFACEOUTERBOUND(#456,.T.);
#458=IFCFACE((#457));
#459=IFCPOLYLOOP((#422,#281,#455));
#460=IFCFACEOUTERBOUND(#459,.T.);
#461=IFCFACE((#460));
#462=IFCPOLYLOOP((#422,#445,#282));
#463=IFCFACEOUTERBOUND(#462,.T.);
#464=IFCFACE((#463));
#465=IFCPOLYLOOP((#438,#280,#426));
#466=IFCFACEOUTERBOUND(#465,.T.);
#467=IFCFACE((#466));
#468=IFCCARTESIANPOINT((-6.5332818344235424,468.900012588501,208.87989192008973));
#469=IFCPOLYLOOP((#277,#468,#278));
#470=IFCFACEOUTERBOUND(#469,.T.);
#471=IFCFACE((#470));
#472=IFCCARTESIANPOINT((-31.79213874936104,468.900012588501,202.48435206413271));
#473=IFCPOLYLOOP((#472,#277,#276));
#474=IFCFACEOUTERBOUND(#473,.T.);
#475=IFCFACE((#474));
#476=IFCCARTESIANPOINT((-43.289336228370665,468.900012588501,196.26278414726258));
#477=IFCPOLYLOOP((#276,#275,#476));
#478=IFCFACEOUTERBOUND(#477,.T.);
#479=IFCFACE((#478));
#480=IFCCARTESIANPOINT((-74.86122815608978,468.900012588501,155.70056161880493));
#481=IFCPOLYLOOP((#480,#274,#273));
#482=IFCFACEOUTERBOUND(#481,.T.);
#483=IFCFACE((#482));
#484=IFCCARTESIANPOINT((-78.070443606376656,468.900012588501,143.02797939777375));
#485=IFCPOLYLOOP((#273,#272,#484));
#486=IFCFACEOUTERBOUND(#485,.T.);
#487=IFCFACE((#486));
#488=IFCCARTESIANPOINT((-62.459682261943819,468.900012588501,178.61595067977905));
#489=IFCPOLYLOOP((#275,#274,#488));
#490=IFCFACEOUTERBOUND(#489,.T.);
#491=IFCFACE((#490));
#492=IFCPOLYLOOP((#272,#339,#484));
#493=IFCFACEOUTERBOUND(#492,.T.);
#494=IFCFACE((#493));
#495=IFCPOLYLOOP((#476,#472,#276));
#496=IFCFACEOUTERBOUND(#495,.T.);
#497=IFCFACE((#496));
#498=IFCCARTESIANPOINT((-19.427690881490708,468.900012588501,206.72866058349609));
#499=IFCPOLYLOOP((#472,#498,#277));
#500=IFCFACEOUTERBOUND(#499,.T.);
#501=IFCFACE((#500));
#502=IFCPOLYLOOP((#498,#468,#277));
#503=IFCFACEOUTERBOUND(#502,.T.);
#504=IFCFACE((#503));
#505=IFCCARTESIANPOINT((-69.609890806674954,468.900012588501,167.67208743095398));
#506=IFCPOLYLOOP((#505,#274,#480));
#507=IFCFACEOUTERBOUND(#506,.T.);
#508=IFCFACE((#507));
#509=IFCCARTESIANPOINT((-53.605657839775084,468.900012588501,188.23364124298095));
#510=IFCPOLYLOOP((#488,#509,#275));
#511=IFCFACEOUTERBOUND(#510,.T.);
#512=IFCFACE((#511));
#513=IFCPOLYLOOP((#274,#505,#488));
#514=IFCFACEOUTERBOUND(#513,.T.);
#515=IFCFACE((#514));
#516=IFCPOLYLOOP((#509,#476,#275));
#517=IFCFACEOUTERBOUND(#516,.T.);
#518=IFCFACE((#517));
#519=IFCPOLYLOOP((#480,#273,#484));
#520=IFCFACEOUTERBOUND(#519,.T.);
#521=IFCFACE((#520));
#522=IFCPOLYLOOP((#278,#468,#430));
#523=IFCFACEOUTERBOUND(#522,.T.);
#524=IFCFACE((#523));
#525=IFCCARTESIANPOINT((71.694656360149381,462.55000047683717,117.36211323738098));
#526=IFCCARTESIANPOINT((72.799998593330386,462.55000047683717,129.99999554157259));
#527=IFCPOLYLOOP((#525,#526,#372));
#528=IFCFACEOUTERBOUND(#527,.T.);
#529=IFCFACE((#528));
#530=IFCCARTESIANPOINT((68.410831546783456,462.55000047683717,105.10425860881806));
#531=IFCPOLYLOOP((#530,#525,#368));
#532=IFCFACEOUTERBOUND(#531,.T.);
#533=IFCFACE((#532));
#534=IFCCARTESIANPOINT((63.048309123516084,462.55000047683717,93.602871251106265));
#535=IFCPOLYLOOP((#530,#394,#534));
#536=IFCFACEOUTERBOUND(#535,.T.);
#537=IFCFACE((#536));
#538=IFCCARTESIANPOINT((46.797143554687501,462.55000047683717,74.233813691139218));
#539=IFCCARTESIANPOINT((55.770024275779726,462.55000047683717,83.207439279556283));
#540=IFCPOLYLOOP((#538,#539,#398));
#541=IFCFACEOUTERBOUND(#540,.T.);
#542=IFCFACE((#541));
#543=IFCCARTESIANPOINT((24.901352959871293,462.55000047683717,61.591207838058473));
#544=IFCCARTESIANPOINT((36.40229975581169,462.55000047683717,66.954679512977606));
#545=IFCPOLYLOOP((#360,#543,#544));
#546=IFCFACEOUTERBOUND(#545,.T.);
#547=IFCFACE((#546));
#548=IFCPOLYLOOP((#538,#364,#544));
#549=IFCFACEOUTERBOUND(#548,.T.);
#550=IFCFACE((#549));
#551=IFCPOLYLOOP((#539,#534,#376));
#552=IFCFACEOUTERBOUND(#551,.T.);
#553=IFCFACE((#552));
#554=IFCCARTESIANPOINT((12.643766301870347,462.55000047683717,58.306379270553592));
#555=IFCPOLYLOOP((#554,#543,#387));
#556=IFCFACEOUTERBOUND(#555,.T.);
#557=IFCFACE((#556));
#558=IFCPOLYLOOP((#526,#380,#372));
#559=IFCFACEOUTERBOUND(#558,.T.);
#560=IFCFACE((#559));
#561=IFCPOLYLOOP((#530,#368,#394));
#562=IFCFACEOUTERBOUND(#561,.T.);
#563=IFCFACE((#562));
#564=IFCPOLYLOOP((#534,#394,#376));
#565=IFCFACEOUTERBOUND(#564,.T.);
#566=IFCFACE((#565));
#567=IFCPOLYLOOP((#368,#525,#372));
#568=IFCFACEOUTERBOUND(#567,.T.);
#569=IFCFACE((#568));
#570=IFCPOLYLOOP((#538,#398,#364));
#571=IFCFACEOUTERBOUND(#570,.T.);
#572=IFCFACE((#571));
#573=IFCPOLYLOOP((#543,#360,#387));
#574=IFCFACEOUTERBOUND(#573,.T.);
#575=IFCFACE((#574));
#576=IFCPOLYLOOP((#554,#387,#356));
#577=IFCFACEOUTERBOUND(#576,.T.);
#578=IFCFACE((#577));
#579=IFCPOLYLOOP((#360,#544,#364));
#580=IFCFACEOUTERBOUND(#579,.T.);
#581=IFCFACE((#580));
#582=IFCPOLYLOOP((#398,#539,#376));
#583=IFCFACEOUTERBOUND(#582,.T.);
#584=IFCFACE((#583));
#585=IFCCARTESIANPOINT((0.0019912797553843123,462.55000047683717,57.200001490116122));
#586=IFCPOLYLOOP((#356,#585,#554));
#587=IFCFACEOUTERBOUND(#586,.T.);
#588=IFCFACE((#587));
#589=IFCCARTESIANPOINT((-12.639844393730163,462.55000047683717,58.305688905715947));
#590=IFCPOLYLOOP((#589,#585,#317));
#591=IFCFACEOUTERBOUND(#590,.T.);
#592=IFCFACE((#591));
#593=IFCCARTESIANPOINT((-36.398850202560425,462.55000047683717,66.952685630321511));
#594=IFCCARTESIANPOINT((-24.897610455751419,462.55000047683717,61.589845275878908));
#595=IFCPOLYLOOP((#593,#594,#313));
#596=IFCFACEOUTERBOUND(#595,.T.);
#597=IFCFACE((#596));
#598=IFCPOLYLOOP((#318,#594,#589));
#599=IFCFACEOUTERBOUND(#598,.T.);
#600=IFCFACE((#599));
#601=IFCCARTESIANPOINT((-46.794091415405276,462.55000047683717,74.231252074241638));
#602=IFCPOLYLOOP((#593,#325,#601));
#603=IFCFACEOUTERBOUND(#602,.T.);
#604=IFCFACE((#603));
#605=IFCCARTESIANPOINT((-55.767467200756073,462.55000047683717,83.204387140274051));
#606=IFCPOLYLOOP((#605,#601,#343));
#607=IFCFACEOUTERBOUND(#606,.T.);
#608=IFCFACE((#607));
#609=IFCCARTESIANPOINT((-72.799998593330386,462.55000047683717,129.99999554157259));
#610=IFCCARTESIANPOINT((-71.693965995311743,462.55000047683717,117.35819814205171));
#611=IFCPOLYLOOP((#301,#609,#610));
#612=IFCFACEOUTERBOUND(#611,.T.);
#613=IFCFACE((#612));
#614=IFCCARTESIANPOINT((-68.409473526477811,462.55000047683717,105.10051610469819));
#615=IFCPOLYLOOP((#305,#610,#614));
#616=IFCFACEOUTERBOUND(#615,.T.);
#617=IFCFACE((#616));
#618=IFCCARTESIANPOINT((-63.046319782733917,462.55000047683717,93.599428510665902));
#619=IFCPOLYLOOP((#618,#605,#309));
#620=IFCFACEOUTERBOUND(#619,.T.);
#621=IFCFACE((#620));
#622=IFCPOLYLOOP((#614,#618,#332));
#623=IFCFACEOUTERBOUND(#622,.T.);
#624=IFCFACE((#623));
#625=IFCPOLYLOOP((#589,#317,#318));
#626=IFCFACEOUTERBOUND(#625,.T.);
#627=IFCFACE((#626));
#628=IFCPOLYLOOP((#593,#313,#325));
#629=IFCFACEOUTERBOUND(#628,.T.);
#630=IFCFACE((#629));
#631=IFCPOLYLOOP((#601,#325,#343));
#632=IFCFACEOUTERBOUND(#631,.T.);
#633=IFCFACE((#632));
#634=IFCPOLYLOOP((#313,#594,#318));
#635=IFCFACEOUTERBOUND(#634,.T.);
#636=IFCFACE((#635));
#637=IFCPOLYLOOP((#332,#618,#309));
#638=IFCFACEOUTERBOUND(#637,.T.);
#639=IFCFACE((#638));
#640=IFCPOLYLOOP((#305,#301,#610));
#641=IFCFACEOUTERBOUND(#640,.T.);
#642=IFCFACE((#641));
#643=IFCPOLYLOOP((#614,#332,#305));
#644=IFCFACEOUTERBOUND(#643,.T.);
#645=IFCFACE((#644));
#646=IFCPOLYLOOP((#309,#605,#343));
#647=IFCFACEOUTERBOUND(#646,.T.);
#648=IFCFACE((#647));
#649=IFCPOLYLOOP((#301,#339,#609));
#650=IFCFACEOUTERBOUND(#649,.T.);
#651=IFCFACE((#650));
#652=IFCPOLYLOOP((#356,#317,#585));
#653=IFCFACEOUTERBOUND(#652,.T.);
#654=IFCFACE((#653));
#655=IFCCARTESIANPOINT((-71.693965995311743,462.55000047683717,142.64180202484133));
#656=IFCPOLYLOOP((#655,#609,#484));
#657=IFCFACEOUTERBOUND(#656,.T.);
#658=IFCFACE((#657));
#659=IFCCARTESIANPOINT((-68.409473526477811,462.55000047683717,154.89948406219483));
#660=IFCPOLYLOOP((#659,#655,#480));
#661=IFCFACEOUTERBOUND(#660,.T.);
#662=IFCFACE((#661));
#663=IFCCARTESIANPOINT((-63.046319782733917,462.55000047683717,166.40058073997497));
#664=IFCPOLYLOOP((#659,#505,#663));
#665=IFCFACEOUTERBOUND(#664,.T.);
#666=IFCFACE((#665));
#667=IFCCARTESIANPOINT((-46.794091415405276,462.55000047683717,185.76874809265138));
#668=IFCCARTESIANPOINT((-55.767467200756073,462.55000047683717,176.79562211036682));
#669=IFCPOLYLOOP((#667,#668,#509));
#670=IFCFACEOUTERBOUND(#669,.T.);
#671=IFCFACE((#670));
#672=IFCCARTESIANPOINT((-24.897610455751419,462.55000047683717,198.41014580726625));
#673=IFCCARTESIANPOINT((-36.398850202560425,462.55000047683717,193.04731907844544));
#674=IFCPOLYLOOP((#472,#672,#673));
#675=IFCFACEOUTERBOUND(#674,.T.);
#676=IFCFACE((#675));
#677=IFCPOLYLOOP((#667,#476,#673));
#678=IFCFACEOUTERBOUND(#677,.T.);
#679=IFCFACE((#678));
#680=IFCPOLYLOOP((#668,#663,#488));
#681=IFCFACEOUTERBOUND(#680,.T.);
#682=IFCFACE((#681));
#683=IFCCARTESIANPOINT((-12.639844393730163,462.55000047683717,201.69432034492493));
#684=IFCPOLYLOOP((#683,#672,#498));
#685=IFCFACEOUTERBOUND(#684,.T.);
#686=IFCFACE((#685));
#687=IFCPOLYLOOP((#609,#339,#484));
#688=IFCFACEOUTERBOUND(#687,.T.);
#689=IFCFACE((#688));
#690=IFCPOLYLOOP((#659,#480,#505));
#691=IFCFACEOUTERBOUND(#690,.T.);
#692=IFCFACE((#691));
#693=IFCPOLYLOOP((#663,#505,#488));
#694=IFCFACEOUTERBOUND(#693,.T.);
#695=IFCFACE((#694));
#696=IFCPOLYLOOP((#480,#655,#484));
#697=IFCFACEOUTERBOUND(#696,.T.);
#698=IFCFACE((#697));
#699=IFCPOLYLOOP((#667,#509,#476));
#700=IFCFACEOUTERBOUND(#699,.T.);
#701=IFCFACE((#700));
#702=IFCPOLYLOOP((#672,#472,#498));
#703=IFCFACEOUTERBOUND(#702,.T.);
#704=IFCFACE((#703));
#705=IFCPOLYLOOP((#683,#498,#468));
#706=IFCFACEOUTERBOUND(#705,.T.);
#707=IFCFACE((#706));
#708=IFCPOLYLOOP((#472,#673,#476));
#709=IFCFACEOUTERBOUND(#708,.T.);
#710=IFCFACE((#709));
#711=IFCPOLYLOOP((#509,#668,#488));
#712=IFCFACEOUTERBOUND(#711,.T.);
#713=IFCFACE((#712));
#714=IFCCARTESIANPOINT((0.0019912797553843123,462.55000047683717,202.79999413490296));
#715=IFCPOLYLOOP((#468,#714,#683));
#716=IFCFACEOUTERBOUND(#715,.T.);
#717=IFCFACE((#716));
#718=IFCCARTESIANPOINT((12.643766301870347,462.55000047683717,201.69361181259157));
#719=IFCPOLYLOOP((#718,#714,#430));
#720=IFCFACEOUTERBOUND(#719,.T.);
#721=IFCFACE((#720));
#722=IFCCARTESIANPOINT((36.40229975581169,462.55000047683717,193.04532065391541));
#723=IFCCARTESIANPOINT((24.901352959871293,462.55000047683717,198.40878324508668));
#724=IFCPOLYLOOP((#722,#723,#426));
#725=IFCFACEOUTERBOUND(#724,.T.);
#726=IFCFACE((#725));
#727=IFCPOLYLOOP((#431,#723,#718));
#728=IFCFACEOUTERBOUND(#727,.T.);
#729=IFCFACE((#728));
#730=IFCCARTESIANPOINT((46.797143554687501,462.55000047683717,185.76618647575378));
#731=IFCPOLYLOOP((#722,#438,#730));
#732=IFCFACEOUTERBOUND(#731,.T.);
#733=IFCFACE((#732));
#734=IFCCARTESIANPOINT((55.770024275779726,462.55000047683717,176.79256997108459));
#735=IFCPOLYLOOP((#734,#730,#455));
#736=IFCFACEOUTERBOUND(#735,.T.);
#737=IFCFACE((#736));
#738=IFCCARTESIANPOINT((71.694656360149381,462.55000047683717,142.63788692951204));
#739=IFCPOLYLOOP((#414,#526,#738));
#740=IFCFACEOUTERBOUND(#739,.T.);
#741=IFCFACE((#740));
#742=IFCCARTESIANPOINT((68.410831546783456,462.55000047683717,154.89574155807495));
#743=IFCPOLYLOOP((#418,#738,#742));
#744=IFCFACEOUTERBOUND(#743,.T.);
#745=IFCFACE((#744));
#746=IFCCARTESIANPOINT((63.048309123516084,462.55000047683717,166.39712891578674));
#747=IFCPOLYLOOP((#746,#734,#422));
#748=IFCFACEOUTERBOUND(#747,.T.);
#749=IFCFACE((#748));
#750=IFCPOLYLOOP((#742,#746,#445));
#751=IFCFACEOUTERBOUND(#750,.T.);
#752=IFCFACE((#751));
#753=IFCPOLYLOOP((#718,#430,#431));
#754=IFCFACEOUTERBOUND(#753,.T.);
#755=IFCFACE((#754));
#756=IFCPOLYLOOP((#722,#426,#438));
#757=IFCFACEOUTERBOUND(#756,.T.);
#758=IFCFACE((#757));
#759=IFCPOLYLOOP((#730,#438,#455));
#760=IFCFACEOUTERBOUND(#759,.T.);
#761=IFCFACE((#760));
#762=IFCPOLYLOOP((#426,#723,#431));
#763=IFCFACEOUTERBOUND(#762,.T.);
#764=IFCFACE((#763));
#765=IFCPOLYLOOP((#445,#746,#422));
#766=IFCFACEOUTERBOUND(#765,.T.);
#767=IFCFACE((#766));
#768=IFCPOLYLOOP((#418,#414,#738));
#769=IFCFACEOUTERBOUND(#768,.T.);
#770=IFCFACE((#769));
#771=IFCPOLYLOOP((#742,#445,#418));
#772=IFCFACEOUTERBOUND(#771,.T.);
#773=IFCFACE((#772));
#774=IFCPOLYLOOP((#422,#734,#455));
#775=IFCFACEOUTERBOUND(#774,.T.);
#776=IFCFACE((#775));
#777=IFCPOLYLOOP((#414,#380,#526));
#778=IFCFACEOUTERBOUND(#777,.T.);
#779=IFCFACE((#778));
#780=IFCPOLYLOOP((#468,#430,#714));
#781=IFCFACEOUTERBOUND(#780,.T.);
#782=IFCFACE((#781));
#783=IFCCARTESIANPOINT((-61.243091368675238,243.31400012969971,90.641088008880615));
#784=IFCPOLYLOOP((#783,#614,#618));
#785=IFCFACEOUTERBOUND(#784,.T.);
#786=IFCFACE((#785));
#787=IFCPOLYLOOP((#605,#783,#618));
#788=IFCFACEOUTERBOUND(#787,.T.);
#789=IFCFACE((#788));
#790=IFCCARTESIANPOINT((-30.241658806800842,243.31400012969971,63.77853798866272));
#791=IFCPOLYLOOP((#593,#594,#790));
#792=IFCFACEOUTERBOUND(#791,.T.);
#793=IFCFACE((#792));
#794=IFCCARTESIANPOINT((-47.673516297340392,243.31400012969971,74.981133627891538));
#795=IFCPOLYLOOP((#794,#601,#593));
#796=IFCFACEOUTERBOUND(#795,.T.);
#797=IFCFACE((#796));
#798=IFCPOLYLOOP((#794,#605,#601));
#799=IFCFACEOUTERBOUND(#798,.T.);
#800=IFCFACE((#799));
#801=IFCCARTESIANPOINT((-10.35976577103138,243.31400012969971,57.94089013338089));
#802=IFCPOLYLOOP((#801,#594,#589));
#803=IFCFACEOUTERBOUND(#802,.T.);
#804=IFCFACE((#803));
#805=IFCCARTESIANPOINT((-72.799998593330386,243.31400012969971,129.99999554157259));
#806=IFCPOLYLOOP((#609,#610,#805));
#807=IFCFACEOUTERBOUND(#806,.T.);
#808=IFCFACE((#807));
#809=IFCCARTESIANPOINT((-69.851046144962311,243.31400012969971,109.48971948623658));
#810=IFCPOLYLOOP((#809,#805,#610));
#811=IFCFACEOUTERBOUND(#810,.T.);
#812=IFCFACE((#811));
#813=IFCPOLYLOOP((#614,#809,#610));
#814=IFCFACEOUTERBOUND(#813,.T.);
#815=IFCFACE((#814));
#816=IFCPOLYLOOP((#614,#783,#809));
#817=IFCFACEOUTERBOUND(#816,.T.);
#818=IFCFACE((#817));
#819=IFCPOLYLOOP((#605,#794,#783));
#820=IFCFACEOUTERBOUND(#819,.T.);
#821=IFCFACE((#820));
#822=IFCPOLYLOOP((#790,#794,#593));
#823=IFCFACEOUTERBOUND(#822,.T.);
#824=IFCFACE((#823));
#825=IFCPOLYLOOP((#594,#801,#790));
#826=IFCFACEOUTERBOUND(#825,.T.);
#827=IFCFACE((#826));
#828=IFCPOLYLOOP((#589,#585,#801));
#829=IFCFACEOUTERBOUND(#828,.T.);
#830=IFCFACE((#829));
#831=IFCCARTESIANPOINT((47.674783480167392,243.31400012969971,74.982228219509125));
#832=IFCPOLYLOOP((#831,#544,#538));
#833=IFCFACEOUTERBOUND(#832,.T.);
#834=IFCFACE((#833));
#835=IFCCARTESIANPOINT((30.243182605504991,243.31400012969971,63.7792328953743));
#836=IFCPOLYLOOP((#835,#543,#544));
#837=IFCFACEOUTERBOUND(#836,.T.);
#838=IFCFACE((#837));
#839=IFCPOLYLOOP((#831,#538,#539));
#840=IFCFACEOUTERBOUND(#839,.T.);
#841=IFCFACE((#840));
#842=IFCCARTESIANPOINT((69.851518499851224,243.31400012969971,109.49133639335632));
#843=IFCPOLYLOOP((#530,#525,#842));
#844=IFCFACEOUTERBOUND(#843,.T.);
#845=IFCFACE((#844));
#846=IFCCARTESIANPOINT((61.243999743461615,243.31400012969971,90.642505073547369));
#847=IFCPOLYLOOP((#846,#534,#530));
#848=IFCFACEOUTERBOUND(#847,.T.);
#849=IFCFACE((#848));
#850=IFCPOLYLOOP((#846,#539,#534));
#851=IFCFACEOUTERBOUND(#850,.T.);
#852=IFCFACE((#851));
#853=IFCCARTESIANPOINT((72.799998593330386,243.31400012969971,129.99999554157259));
#854=IFCPOLYLOOP((#853,#525,#526));
#855=IFCFACEOUTERBOUND(#854,.T.);
#856=IFCFACE((#855));
#857=IFCCARTESIANPOINT((10.361425825953484,243.31400012969971,57.941130852699281));
#858=IFCPOLYLOOP((#585,#554,#857));
#859=IFCFACEOUTERBOUND(#858,.T.);
#860=IFCFACE((#859));
#861=IFCPOLYLOOP((#857,#554,#543));
#862=IFCFACEOUTERBOUND(#861,.T.);
#863=IFCFACE((#862));
#864=IFCPOLYLOOP((#835,#857,#543));
#865=IFCFACEOUTERBOUND(#864,.T.);
#866=IFCFACE((#865));
#867=IFCPOLYLOOP((#585,#857,#801));
#868=IFCFACEOUTERBOUND(#867,.T.);
#869=IFCFACE((#868));
#870=IFCPOLYLOOP((#544,#831,#835));
#871=IFCFACEOUTERBOUND(#870,.T.);
#872=IFCFACE((#871));
#873=IFCPOLYLOOP((#539,#846,#831));
#874=IFCFACEOUTERBOUND(#873,.T.);
#875=IFCFACE((#874));
#876=IFCPOLYLOOP((#842,#846,#530));
#877=IFCFACEOUTERBOUND(#876,.T.);
#878=IFCFACE((#877));
#879=IFCPOLYLOOP((#525,#853,#842));
#880=IFCFACEOUTERBOUND(#879,.T.);
#881=IFCFACE((#880));
#882=IFCPOLYLOOP((#526,#738,#853));
#883=IFCFACEOUTERBOUND(#882,.T.);
#884=IFCFACE((#883));
#885=IFCCARTESIANPOINT((30.243182605504991,243.31400012969971,196.22076272964478));
#886=IFCPOLYLOOP((#722,#723,#885));
#887=IFCFACEOUTERBOUND(#886,.T.);
#888=IFCFACE((#887));
#889=IFCCARTESIANPOINT((47.674783480167392,243.31400012969971,185.01777648925781));
#890=IFCPOLYLOOP((#889,#730,#722));
#891=IFCFACEOUTERBOUND(#890,.T.);
#892=IFCFACE((#891));
#893=IFCPOLYLOOP((#734,#730,#889));
#894=IFCFACEOUTERBOUND(#893,.T.);
#895=IFCFACE((#894));
#896=IFCCARTESIANPOINT((10.361425825953484,243.31400012969971,202.05886931419374));
#897=IFCPOLYLOOP((#718,#896,#723));
#898=IFCFACEOUTERBOUND(#897,.T.);
#899=IFCFACE((#898));
#900=IFCCARTESIANPOINT((69.851518499851224,243.31400012969971,150.50866377353668));
#901=IFCCARTESIANPOINT((61.243999743461615,243.31400012969971,169.35750417709352));
#902=IFCPOLYLOOP((#900,#742,#901));
#903=IFCFACEOUTERBOUND(#902,.T.);
#904=IFCFACE((#903));
#905=IFCPOLYLOOP((#853,#738,#900));
#906=IFCFACEOUTERBOUND(#905,.T.);
#907=IFCFACE((#906));
#908=IFCPOLYLOOP((#742,#746,#901));
#909=IFCFACEOUTERBOUND(#908,.T.);
#910=IFCFACE((#909));
#911=IFCPOLYLOOP((#900,#738,#742));
#912=IFCFACEOUTERBOUND(#911,.T.);
#913=IFCFACE((#912));
#914=IFCPOLYLOOP((#746,#734,#901));
#915=IFCFACEOUTERBOUND(#914,.T.);
#916=IFCFACE((#915));
#917=IFCPOLYLOOP((#734,#889,#901));
#918=IFCFACEOUTERBOUND(#917,.T.);
#919=IFCFACE((#918));
#920=IFCPOLYLOOP((#885,#889,#722));
#921=IFCFACEOUTERBOUND(#920,.T.);
#922=IFCFACE((#921));
#923=IFCPOLYLOOP((#723,#896,#885));
#924=IFCFACEOUTERBOUND(#923,.T.);
#925=IFCFACE((#924));
#926=IFCPOLYLOOP((#718,#714,#896));
#927=IFCFACEOUTERBOUND(#926,.T.);
#928=IFCFACE((#927));
#929=IFCCARTESIANPOINT((-47.673516297340392,243.31400012969971,185.01886653900146));
#930=IFCPOLYLOOP((#929,#673,#667));
#931=IFCFACEOUTERBOUND(#930,.T.);
#932=IFCFACE((#931));
#933=IFCCARTESIANPOINT((-30.241658806800842,243.31400012969971,196.22147126197817));
#934=IFCPOLYLOOP((#933,#672,#673));
#935=IFCFACEOUTERBOUND(#934,.T.);
#936=IFCFACE((#935));
#937=IFCPOLYLOOP((#929,#667,#668));
#938=IFCFACEOUTERBOUND(#937,.T.);
#939=IFCFACE((#938));
#940=IFCCARTESIANPOINT((-69.851046144962311,243.31400012969971,150.51028068065645));
#941=IFCPOLYLOOP((#659,#655,#940));
#942=IFCFACEOUTERBOUND(#941,.T.);
#943=IFCFACE((#942));
#944=IFCCARTESIANPOINT((-61.243091368675238,243.31400012969971,169.35890307426453));
#945=IFCPOLYLOOP((#944,#663,#659));
#946=IFCFACEOUTERBOUND(#945,.T.);
#947=IFCFACE((#946));
#948=IFCPOLYLOOP((#944,#668,#663));
#949=IFCFACEOUTERBOUND(#948,.T.);
#950=IFCFACE((#949));
#951=IFCPOLYLOOP((#805,#655,#609));
#952=IFCFACEOUTERBOUND(#951,.T.);
#953=IFCFACE((#952));
#954=IFCCARTESIANPOINT((-10.35976577103138,243.31400012969971,202.05910549163818));
#955=IFCPOLYLOOP((#714,#683,#954));
#956=IFCFACEOUTERBOUND(#955,.T.);
#957=IFCFACE((#956));
#958=IFCPOLYLOOP((#954,#683,#672));
#959=IFCFACEOUTERBOUND(#958,.T.);
#960=IFCFACE((#959));
#961=IFCPOLYLOOP((#933,#954,#672));
#962=IFCFACEOUTERBOUND(#961,.T.);
#963=IFCFACE((#962));
#964=IFCPOLYLOOP((#714,#954,#896));
#965=IFCFACEOUTERBOUND(#964,.T.);
#966=IFCFACE((#965));
#967=IFCPOLYLOOP((#673,#929,#933));
#968=IFCFACEOUTERBOUND(#967,.T.);
#969=IFCFACE((#968));
#970=IFCPOLYLOOP((#668,#944,#929));
#971=IFCFACEOUTERBOUND(#970,.T.);
#972=IFCFACE((#971));
#973=IFCPOLYLOOP((#940,#944,#659));
#974=IFCFACEOUTERBOUND(#973,.T.);
#975=IFCFACE((#974));
#976=IFCPOLYLOOP((#655,#805,#940));
#977=IFCFACEOUTERBOUND(#976,.T.);
#978=IFCFACE((#977));
#979=IFCCARTESIANPOINT((-82.03658051490784,224.26400012969972,105.91163120269776));
#980=IFCPOLYLOOP((#809,#783,#979));
#981=IFCFACEOUTERBOUND(#980,.T.);
#982=IFCFACE((#981));
#983=IFCCARTESIANPOINT((-85.499995565414437,224.26400012969972,129.99999554157259));
#984=IFCPOLYLOOP((#805,#809,#983));
#985=IFCFACEOUTERBOUND(#984,.T.);
#986=IFCFACE((#985));
#987=IFCCARTESIANPOINT((-35.517099881172179,224.26400012969972,52.226059091091159));
#988=IFCPOLYLOOP((#790,#801,#987));
#989=IFCFACEOUTERBOUND(#988,.T.);
#990=IFCFACE((#989));
#991=IFCCARTESIANPOINT((-55.990041732788086,224.26400012969972,65.382932245731354));
#992=IFCPOLYLOOP((#794,#790,#991));
#993=IFCFACEOUTERBOUND(#992,.T.);
#994=IFCFACE((#993));
#995=IFCCARTESIANPOINT((-71.926914167404178,224.26400012969972,83.774801087379458));
#996=IFCPOLYLOOP((#783,#794,#995));
#997=IFCFACEOUTERBOUND(#996,.T.);
#998=IFCFACE((#997));
#999=IFCPOLYLOOP((#783,#995,#979));
#1000=IFCFACEOUTERBOUND(#999,.T.);
#1001=IFCFACE((#1000));
#1002=IFCPOLYLOOP((#979,#983,#809));
#1003=IFCFACEOUTERBOUND(#1002,.T.);
#1004=IFCFACE((#1003));
#1005=IFCPOLYLOOP((#790,#987,#991));
#1006=IFCFACEOUTERBOUND(#1005,.T.);
#1007=IFCFACE((#1006));
#1008=IFCPOLYLOOP((#991,#995,#794));
#1009=IFCFACEOUTERBOUND(#1008,.T.);
#1010=IFCFACE((#1009));
#1011=IFCCARTESIANPOINT((-12.166716250777245,224.26400012969972,45.37009584903717));
#1012=IFCPOLYLOOP((#801,#1011,#987));
#1013=IFCFACEOUTERBOUND(#1012,.T.);
#1014=IFCFACE((#1013));
#1015=IFCPOLYLOOP((#801,#857,#1011));
#1016=IFCFACEOUTERBOUND(#1015,.T.);
#1017=IFCFACE((#1016));
#1018=IFCCARTESIANPOINT((35.519529783725737,224.26400012969972,52.227171850204471));
#1019=IFCPOLYLOOP((#1018,#835,#831));
#1020=IFCFACEOUTERBOUND(#1019,.T.);
#1021=IFCFACE((#1020));
#1022=IFCCARTESIANPOINT((12.169361892342568,224.26400012969972,45.370472824573518));
#1023=IFCPOLYLOOP((#1022,#857,#835));
#1024=IFCFACEOUTERBOUND(#1023,.T.);
#1025=IFCFACE((#1024));
#1026=IFCCARTESIANPOINT((71.928358483314511,224.26400012969972,83.777053856849676));
#1027=IFCPOLYLOOP((#1026,#846,#842));
#1028=IFCFACEOUTERBOUND(#1027,.T.);
#1029=IFCFACE((#1028));
#1030=IFCCARTESIANPOINT((55.992062866687775,224.26400012969972,65.384685409069064));
#1031=IFCPOLYLOOP((#831,#846,#1030));
#1032=IFCFACEOUTERBOUND(#1031,.T.);
#1033=IFCFACE((#1032));
#1034=IFCCARTESIANPOINT((82.037334465980535,224.26400012969972,105.9142019033432));
#1035=IFCPOLYLOOP((#1034,#842,#853));
#1036=IFCFACEOUTERBOUND(#1035,.T.);
#1037=IFCFACE((#1036));
#1038=IFCPOLYLOOP((#835,#1018,#1022));
#1039=IFCFACEOUTERBOUND(#1038,.T.);
#1040=IFCFACE((#1039));
#1041=IFCPOLYLOOP((#1018,#831,#1030));
#1042=IFCFACEOUTERBOUND(#1041,.T.);
#1043=IFCFACE((#1042));
#1044=IFCPOLYLOOP((#1034,#1026,#842));
#1045=IFCFACEOUTERBOUND(#1044,.T.);
#1046=IFCFACE((#1045));
#1047=IFCCARTESIANPOINT((85.499995565414437,224.26400012969972,129.99999554157259));
#1048=IFCPOLYLOOP((#1047,#1034,#853));
#1049=IFCFACEOUTERBOUND(#1048,.T.);
#1050=IFCFACE((#1049));
#1051=IFCPOLYLOOP((#1030,#846,#1026));
#1052=IFCFACEOUTERBOUND(#1051,.T.);
#1053=IFCFACE((#1052));
#1054=IFCPOLYLOOP((#857,#1022,#1011));
#1055=IFCFACEOUTERBOUND(#1054,.T.);
#1056=IFCFACE((#1055));
#1057=IFCCARTESIANPOINT((71.928358483314511,224.26400012969972,176.22294631004334));
#1058=IFCPOLYLOOP((#900,#901,#1057));
#1059=IFCFACEOUTERBOUND(#1058,.T.);
#1060=IFCFACE((#1059));
#1061=IFCCARTESIANPOINT((82.037334465980535,224.26400012969972,154.0857982635498));
#1062=IFCPOLYLOOP((#853,#900,#1061));
#1063=IFCFACEOUTERBOUND(#1062,.T.);
#1064=IFCFACE((#1063));
#1065=IFCCARTESIANPOINT((12.169361892342568,224.26400012969972,214.62952280044556));
#1066=IFCPOLYLOOP((#885,#896,#1065));
#1067=IFCFACEOUTERBOUND(#1066,.T.);
#1068=IFCFACE((#1067));
#1069=IFCCARTESIANPOINT((35.519529783725737,224.26400012969972,207.7728374004364));
#1070=IFCPOLYLOOP((#889,#885,#1069));
#1071=IFCFACEOUTERBOUND(#1070,.T.);
#1072=IFCFACE((#1071));
#1073=IFCCARTESIANPOINT((55.992062866687775,224.26400012969972,194.61531929969789));
#1074=IFCPOLYLOOP((#901,#889,#1073));
#1075=IFCFACEOUTERBOUND(#1074,.T.);
#1076=IFCFACE((#1075));
#1077=IFCPOLYLOOP((#900,#1057,#1061));
#1078=IFCFACEOUTERBOUND(#1077,.T.);
#1079=IFCFACE((#1078));
#1080=IFCPOLYLOOP((#1061,#1047,#853));
#1081=IFCFACEOUTERBOUND(#1080,.T.);
#1082=IFCFACE((#1081));
#1083=IFCPOLYLOOP((#889,#1069,#1073));
#1084=IFCFACEOUTERBOUND(#1083,.T.);
#1085=IFCFACE((#1084));
#1086=IFCPOLYLOOP((#1073,#1057,#901));
#1087=IFCFACEOUTERBOUND(#1086,.T.);
#1088=IFCFACE((#1087));
#1089=IFCPOLYLOOP((#885,#1065,#1069));
#1090=IFCFACEOUTERBOUND(#1089,.T.);
#1091=IFCFACE((#1090));
#1092=IFCCARTESIANPOINT((-12.166716250777245,224.26400012969972,214.62990431785585));
#1093=IFCPOLYLOOP((#896,#1092,#1065));
#1094=IFCFACEOUTERBOUND(#1093,.T.);
#1095=IFCFACE((#1094));
#1096=IFCCARTESIANPOINT((-55.990041732788086,224.26400012969972,194.61706337928771));
#1097=IFCPOLYLOOP((#1096,#933,#929));
#1098=IFCFACEOUTERBOUND(#1097,.T.);
#1099=IFCFACE((#1098));
#1100=IFCCARTESIANPOINT((-35.517099881172179,224.26400012969972,207.77394561767579));
#1101=IFCPOLYLOOP((#1100,#954,#933));
#1102=IFCFACEOUTERBOUND(#1101,.T.);
#1103=IFCFACE((#1102));
#1104=IFCCARTESIANPOINT((-82.03658051490784,224.26400012969972,154.0883598804474));
#1105=IFCPOLYLOOP((#1104,#944,#940));
#1106=IFCFACEOUTERBOUND(#1105,.T.);
#1107=IFCFACE((#1106));
#1108=IFCCARTESIANPOINT((-71.926914167404178,224.26400012969972,176.22519907951354));
#1109=IFCPOLYLOOP((#929,#944,#1108));
#1110=IFCFACEOUTERBOUND(#1109,.T.);
#1111=IFCFACE((#1110));
#1112=IFCPOLYLOOP((#983,#940,#805));
#1113=IFCFACEOUTERBOUND(#1112,.T.);
#1114=IFCFACE((#1113));
#1115=IFCPOLYLOOP((#954,#1100,#1092));
#1116=IFCFACEOUTERBOUND(#1115,.T.);
#1117=IFCFACE((#1116));
#1118=IFCPOLYLOOP((#1100,#933,#1096));
#1119=IFCFACEOUTERBOUND(#1118,.T.);
#1120=IFCFACE((#1119));
#1121=IFCPOLYLOOP((#1104,#1108,#944));
#1122=IFCFACEOUTERBOUND(#1121,.T.);
#1123=IFCFACE((#1122));
#1124=IFCPOLYLOOP((#983,#1104,#940));
#1125=IFCFACEOUTERBOUND(#1124,.T.);
#1126=IFCFACE((#1125));
#1127=IFCPOLYLOOP((#1096,#929,#1108));
#1128=IFCFACEOUTERBOUND(#1127,.T.);
#1129=IFCFACE((#1128));
#1130=IFCPOLYLOOP((#954,#1092,#896));
#1131=IFCFACEOUTERBOUND(#1130,.T.);
#1132=IFCFACE((#1131));
#1133=IFCCARTESIANPOINT((-85.499999999993747,162.19999999998942,130.));
#1134=IFCCARTESIANPOINT((-82.586658147709002,162.1999999999891,152.12902835633412));
#1135=IFCCARTESIANPOINT((-74.04517202356314,162.19999999998885,172.75000000006858));
#1136=IFCCARTESIANPOINT((-60.457629791443424,162.19999999998856,190.45762979151831));
#1137=IFCCARTESIANPOINT((-42.749999999993598,162.19999999998839,204.04517202363795));
#1138=IFCCARTESIANPOINT((-22.129028356259116,162.19999999998828,212.58665814778377));
#1139=IFCCARTESIANPOINT((0.,162.19999999998822,215.50000000006841));
#1140=IFCCARTESIANPOINT((22.129028356271899,162.19999999998828,212.58665814778368));
#1141=IFCCARTESIANPOINT((42.750000000006338,162.19999999998839,204.04517202363783));
#1142=IFCCARTESIANPOINT((60.457629791456121,162.19999999998856,190.45762979151814));
#1143=IFCCARTESIANPOINT((74.045172023575788,162.19999999998885,172.75000000006833));
#1144=IFCCARTESIANPOINT((82.586658147721607,162.1999999999891,152.12902835633386));
#1145=IFCCARTESIANPOINT((85.500000000006267,162.19999999998942,130.));
#1146=IFCCARTESIANPOINT((82.586658147721451,162.19999999998973,107.87097164380232));
#1147=IFCCARTESIANPOINT((74.045172023575518,162.19999999998998,87.250000000067928));
#1148=IFCCARTESIANPOINT((60.457629791455737,162.19999999999027,69.542370208618209));
#1149=IFCCARTESIANPOINT((42.750000000005876,162.19999999999044,55.954827976498635));
#1150=IFCCARTESIANPOINT((22.129028356271384,162.19999999999058,47.413341852352914));
#1151=IFCCARTESIANPOINT((0.,162.19999999999061,44.500000000068376));
#1152=IFCCARTESIANPOINT((-22.129028356259624,162.19999999999058,47.413341852353113));
#1153=IFCCARTESIANPOINT((-42.749999999994039,162.19999999999044,55.954827976499033));
#1154=IFCCARTESIANPOINT((-60.457629791443779,162.19999999999027,69.542370208618777));
#1155=IFCCARTESIANPOINT((-74.04517202356341,162.19999999998998,87.250000000068638));
#1156=IFCCARTESIANPOINT((-82.586658147709144,162.19999999998973,107.87097164380312));
#1157=IFCPOLYLOOP((#1133,#1134,#1135,#1136,#1137,#1138,#1139,#1140,#1141,#1142,#1143,#1144,#1145,#1146,#1147,#1148,#1149,#1150,#1151,#1152,#1153,#1154,#1155,#1156));
#1158=IFCFACEOUTERBOUND(#1157,.T.);
#1159=IFCCARTESIANPOINT((0.,162.19999999999024,71.279709409540217));
#1160=IFCCARTESIANPOINT((15.197929538759851,162.19999999999021,73.280554791474174));
#1161=IFCCARTESIANPOINT((29.360145295212451,162.19999999999013,79.146736631050686));
#1162=IFCCARTESIANPOINT((41.521515669731059,162.19999999998998,88.478484330226493));
#1163=IFCCARTESIANPOINT((50.853263368907015,162.19999999998981,100.63985470474498));
#1164=IFCCARTESIANPOINT((56.719445208483734,162.19999999998961,114.80207046119752));
#1165=IFCCARTESIANPOINT((58.720290590417882,162.19999999998942,130.));
#1166=IFCCARTESIANPOINT((56.719445208483997,162.19999999998922,145.19792953870245));
#1167=IFCCARTESIANPOINT((50.853263368907541,162.19999999998902,159.36014529515512));
#1168=IFCCARTESIANPOINT((41.521515669731798,162.19999999998885,171.52151566967376));
#1169=IFCCARTESIANPOINT((29.360145295213357,162.19999999998871,180.85326336884981));
#1170=IFCCARTESIANPOINT((15.19792953876085,162.19999999998865,186.71944520842658));
#1171=IFCCARTESIANPOINT((0.,162.19999999998862,188.72029059036078));
#1172=IFCCARTESIANPOINT((-15.197929538744845,162.19999999998865,186.71944520842678));
#1173=IFCCARTESIANPOINT((-29.360145295197537,162.19999999998871,180.85326336885015));
#1174=IFCCARTESIANPOINT((-41.521515669716138,162.19999999998885,171.52151566967422));
#1175=IFCCARTESIANPOINT((-50.853263368892023,162.19999999998902,159.36014529515566));
#1176=IFCCARTESIANPOINT((-56.719445208468677,162.19999999998922,145.19792953870297));
#1177=IFCCARTESIANPOINT((-58.720290590402691,162.19999999998942,130.));
#1178=IFCCARTESIANPOINT((-56.719445208468663,162.19999999998961,114.80207046119796));
#1179=IFCCARTESIANPOINT((-50.853263368892023,162.19999999998981,100.63985470474532));
#1180=IFCCARTESIANPOINT((-41.521515669716067,162.19999999998998,88.478484330226692));
#1181=IFCCARTESIANPOINT((-29.360145295197434,162.19999999999013,79.146736631050786));
#1182=IFCCARTESIANPOINT((-15.197929538744827,162.19999999999021,73.280554791474216));
#1183=IFCPOLYLOOP((#1159,#1160,#1161,#1162,#1163,#1164,#1165,#1166,#1167,#1168,#1169,#1170,#1171,#1172,#1173,#1174,#1175,#1176,#1177,#1178,#1179,#1180,#1181,#1182));
#1184=IFCFACEBOUND(#1183,.T.);
#1185=IFCFACE((#1158,#1184));
#1186=IFCPOLYLOOP((#979,#1156,#983));
#1187=IFCFACEOUTERBOUND(#1186,.T.);
#1188=IFCFACE((#1187));
#1189=IFCPOLYLOOP((#995,#1155,#979));
#1190=IFCFACEOUTERBOUND(#1189,.T.);
#1191=IFCFACE((#1190));
#1192=IFCPOLYLOOP((#987,#1011,#1152));
#1193=IFCFACEOUTERBOUND(#1192,.T.);
#1194=IFCFACE((#1193));
#1195=IFCPOLYLOOP((#995,#991,#1154));
#1196=IFCFACEOUTERBOUND(#1195,.T.);
#1197=IFCFACE((#1196));
#1198=IFCPOLYLOOP((#991,#987,#1153));
#1199=IFCFACEOUTERBOUND(#1198,.T.);
#1200=IFCFACE((#1199));
#1201=IFCPOLYLOOP((#979,#1155,#1156));
#1202=IFCFACEOUTERBOUND(#1201,.T.);
#1203=IFCFACE((#1202));
#1204=IFCPOLYLOOP((#1156,#1133,#983));
#1205=IFCFACEOUTERBOUND(#1204,.T.);
#1206=IFCFACE((#1205));
#1207=IFCPOLYLOOP((#1154,#1155,#995));
#1208=IFCFACEOUTERBOUND(#1207,.T.);
#1209=IFCFACE((#1208));
#1210=IFCPOLYLOOP((#1152,#1153,#987));
#1211=IFCFACEOUTERBOUND(#1210,.T.);
#1212=IFCFACE((#1211));
#1213=IFCPOLYLOOP((#1154,#991,#1153));
#1214=IFCFACEOUTERBOUND(#1213,.T.);
#1215=IFCFACE((#1214));
#1216=IFCPOLYLOOP((#1011,#1151,#1152));
#1217=IFCFACEOUTERBOUND(#1216,.T.);
#1218=IFCFACE((#1217));
#1219=IFCPOLYLOOP((#1150,#1022,#1018));
#1220=IFCFACEOUTERBOUND(#1219,.T.);
#1221=IFCFACE((#1220));
#1222=IFCPOLYLOOP((#1030,#1149,#1018));
#1223=IFCFACEOUTERBOUND(#1222,.T.);
#1224=IFCFACE((#1223));
#1225=IFCPOLYLOOP((#1147,#1026,#1034));
#1226=IFCFACEOUTERBOUND(#1225,.T.);
#1227=IFCFACE((#1226));
#1228=IFCPOLYLOOP((#1030,#1026,#1148));
#1229=IFCFACEOUTERBOUND(#1228,.T.);
#1230=IFCFACE((#1229));
#1231=IFCPOLYLOOP((#1146,#1034,#1047));
#1232=IFCFACEOUTERBOUND(#1231,.T.);
#1233=IFCFACE((#1232));
#1234=IFCPOLYLOOP((#1022,#1150,#1151));
#1235=IFCFACEOUTERBOUND(#1234,.T.);
#1236=IFCFACE((#1235));
#1237=IFCPOLYLOOP((#1018,#1149,#1150));
#1238=IFCFACEOUTERBOUND(#1237,.T.);
#1239=IFCFACE((#1238));
#1240=IFCPOLYLOOP((#1030,#1148,#1149));
#1241=IFCFACEOUTERBOUND(#1240,.T.);
#1242=IFCFACE((#1241));
#1243=IFCPOLYLOOP((#1026,#1147,#1148));
#1244=IFCFACEOUTERBOUND(#1243,.T.);
#1245=IFCFACE((#1244));
#1246=IFCPOLYLOOP((#1146,#1147,#1034));
#1247=IFCFACEOUTERBOUND(#1246,.T.);
#1248=IFCFACE((#1247));
#1249=IFCPOLYLOOP((#1047,#1145,#1146));
#1250=IFCFACEOUTERBOUND(#1249,.T.);
#1251=IFCFACE((#1250));
#1252=IFCPOLYLOOP((#1022,#1151,#1011));
#1253=IFCFACEOUTERBOUND(#1252,.T.);
#1254=IFCFACE((#1253));
#1255=IFCPOLYLOOP((#1061,#1144,#1047));
#1256=IFCFACEOUTERBOUND(#1255,.T.);
#1257=IFCFACE((#1256));
#1258=IFCPOLYLOOP((#1057,#1143,#1061));
#1259=IFCFACEOUTERBOUND(#1258,.T.);
#1260=IFCFACE((#1259));
#1261=IFCPOLYLOOP((#1141,#1073,#1069));
#1262=IFCFACEOUTERBOUND(#1261,.T.);
#1263=IFCFACE((#1262));
#1264=IFCPOLYLOOP((#1057,#1073,#1142));
#1265=IFCFACEOUTERBOUND(#1264,.T.);
#1266=IFCFACE((#1265));
#1267=IFCPOLYLOOP((#1140,#1069,#1065));
#1268=IFCFACEOUTERBOUND(#1267,.T.);
#1269=IFCFACE((#1268));
#1270=IFCPOLYLOOP((#1061,#1143,#1144));
#1271=IFCFACEOUTERBOUND(#1270,.T.);
#1272=IFCFACE((#1271));
#1273=IFCPOLYLOOP((#1144,#1145,#1047));
#1274=IFCFACEOUTERBOUND(#1273,.T.);
#1275=IFCFACE((#1274));
#1276=IFCPOLYLOOP((#1073,#1141,#1142));
#1277=IFCFACEOUTERBOUND(#1276,.T.);
#1278=IFCFACE((#1277));
#1279=IFCPOLYLOOP((#1142,#1143,#1057));
#1280=IFCFACEOUTERBOUND(#1279,.T.);
#1281=IFCFACE((#1280));
#1282=IFCPOLYLOOP((#1069,#1140,#1141));
#1283=IFCFACEOUTERBOUND(#1282,.T.);
#1284=IFCFACE((#1283));
#1285=IFCPOLYLOOP((#1065,#1139,#1140));
#1286=IFCFACEOUTERBOUND(#1285,.T.);
#1287=IFCFACE((#1286));
#1288=IFCPOLYLOOP((#1138,#1092,#1100));
#1289=IFCFACEOUTERBOUND(#1288,.T.);
#1290=IFCFACE((#1289));
#1291=IFCPOLYLOOP((#1096,#1137,#1100));
#1292=IFCFACEOUTERBOUND(#1291,.T.);
#1293=IFCFACE((#1292));
#1294=IFCPOLYLOOP((#1135,#1108,#1104));
#1295=IFCFACEOUTERBOUND(#1294,.T.);
#1296=IFCFACE((#1295));
#1297=IFCPOLYLOOP((#1096,#1108,#1136));
#1298=IFCFACEOUTERBOUND(#1297,.T.);
#1299=IFCFACE((#1298));
#1300=IFCPOLYLOOP((#1134,#1104,#983));
#1301=IFCFACEOUTERBOUND(#1300,.T.);
#1302=IFCFACE((#1301));
#1303=IFCPOLYLOOP((#1092,#1138,#1139));
#1304=IFCFACEOUTERBOUND(#1303,.T.);
#1305=IFCFACE((#1304));
#1306=IFCPOLYLOOP((#1100,#1137,#1138));
#1307=IFCFACEOUTERBOUND(#1306,.T.);
#1308=IFCFACE((#1307));
#1309=IFCPOLYLOOP((#1096,#1136,#1137));
#1310=IFCFACEOUTERBOUND(#1309,.T.);
#1311=IFCFACE((#1310));
#1312=IFCPOLYLOOP((#1108,#1135,#1136));
#1313=IFCFACEOUTERBOUND(#1312,.T.);
#1314=IFCFACE((#1313));
#1315=IFCPOLYLOOP((#1134,#1135,#1104));
#1316=IFCFACEOUTERBOUND(#1315,.T.);
#1317=IFCFACE((#1316));
#1318=IFCPOLYLOOP((#983,#1133,#1134));
#1319=IFCFACEOUTERBOUND(#1318,.T.);
#1320=IFCFACE((#1319));
#1321=IFCPOLYLOOP((#1092,#1139,#1065));
#1322=IFCFACEOUTERBOUND(#1321,.T.);
#1323=IFCFACE((#1322));
#1324=IFCCARTESIANPOINT((-18.842026457190514,75.999998581409457,59.680600440502168));
#1325=IFCCARTESIANPOINT((-12.738890174031258,155.85000743865967,74.187277650833138));
#1326=IFCCARTESIANPOINT((0.,75.999998581409457,57.200001490116122));
#1327=IFCPOLYLOOP((#1324,#1325,#1326));
#1328=IFCFACEOUTERBOUND(#1327,.T.);
#1329=IFCFACE((#1328));
#1330=IFCCARTESIANPOINT((-57.248049974441528,155.85000743865967,143.06649448871613));
#1331=IFCCARTESIANPOINT((-72.799998593330386,75.999998581409457,129.99999554157259));
#1332=IFCCARTESIANPOINT((-70.319399642944333,75.999998581409457,148.84202313423157));
#1333=IFCPOLYLOOP((#1330,#1331,#1332));
#1334=IFCFACEOUTERBOUND(#1333,.T.);
#1335=IFCFACE((#1334));
#1336=IFCCARTESIANPOINT((-51.578710341453551,155.85000743865967,105.16100478172302));
#1337=IFCCARTESIANPOINT((-70.319399642944333,75.999998581409457,111.15797703266144));
#1338=IFCCARTESIANPOINT((-57.248049974441528,155.85000743865967,116.93350567817689));
#1339=IFCPOLYLOOP((#1336,#1337,#1338));
#1340=IFCFACEOUTERBOUND(#1339,.T.);
#1341=IFCFACE((#1340));
#1342=IFCCARTESIANPOINT((-45.90937070846558,155.85000743865967,93.388494801521304));
#1343=IFCCARTESIANPOINT((-63.046651339530946,75.999998581409457,93.600000786781308));
#1344=IFCPOLYLOOP((#1336,#1342,#1343));
#1345=IFCFACEOUTERBOUND(#1344,.T.);
#1346=IFCFACE((#1345));
#1347=IFCCARTESIANPOINT((-25.477780348062517,155.85000743865967,77.094849085807809));
#1348=IFCPOLYLOOP((#1324,#1347,#1325));
#1349=IFCFACEOUTERBOUND(#1348,.T.);
#1350=IFCFACE((#1349));
#1351=IFCCARTESIANPOINT((0.,155.85000743865967,71.279710757732389));
#1352=IFCPOLYLOOP((#1326,#1325,#1351));
#1353=IFCFACEOUTERBOUND(#1352,.T.);
#1354=IFCFACE((#1353));
#1355=IFCCARTESIANPOINT((-35.693576663732529,155.85000743865967,174.75831913948059));
#1356=IFCCARTESIANPOINT((-45.90937070846558,155.85000743865967,166.6115053653717));
#1357=IFCCARTESIANPOINT((-51.477372050285339,75.999998581409457,181.47736759185793));
#1358=IFCPOLYLOOP((#1355,#1356,#1357));
#1359=IFCFACEOUTERBOUND(#1358,.T.);
#1360=IFCFACE((#1359));
#1361=IFCCARTESIANPOINT((-36.399999296665193,75.999998581409457,66.953348743915555));
#1362=IFCCARTESIANPOINT((-51.477372050285339,75.999998581409457,78.522623491287234));
#1363=IFCCARTESIANPOINT((-35.693576663732529,155.85000743865967,85.241671943664556));
#1364=IFCPOLYLOOP((#1361,#1362,#1363));
#1365=IFCFACEOUTERBOUND(#1364,.T.);
#1366=IFCFACE((#1365));
#1367=IFCPOLYLOOP((#1361,#1347,#1324));
#1368=IFCFACEOUTERBOUND(#1367,.T.);
#1369=IFCFACE((#1368));
#1370=IFCPOLYLOOP((#1337,#1336,#1343));
#1371=IFCFACEOUTERBOUND(#1370,.T.);
#1372=IFCFACE((#1371));
#1373=IFCPOLYLOOP((#1361,#1363,#1347));
#1374=IFCFACEOUTERBOUND(#1373,.T.);
#1375=IFCFACE((#1374));
#1376=IFCPOLYLOOP((#1362,#1342,#1363));
#1377=IFCFACEOUTERBOUND(#1376,.T.);
#1378=IFCFACE((#1377));
#1379=IFCCARTESIANPOINT((-36.399999296665193,75.999998581409457,193.04664688110353));
#1380=IFCCARTESIANPOINT((-25.477780348062517,155.85000743865967,182.90515108108522));
#1381=IFCPOLYLOOP((#1355,#1379,#1380));
#1382=IFCFACEOUTERBOUND(#1381,.T.);
#1383=IFCFACE((#1382));
#1384=IFCPOLYLOOP((#1343,#1342,#1362));
#1385=IFCFACEOUTERBOUND(#1384,.T.);
#1386=IFCFACE((#1385));
#1387=IFCCARTESIANPOINT((-12.738890174031258,155.85000743865967,185.81271343231202));
#1388=IFCCARTESIANPOINT((-18.842026457190514,75.999998581409457,200.31940426826478));
#1389=IFCPOLYLOOP((#1387,#1380,#1388));
#1390=IFCFACEOUTERBOUND(#1389,.T.);
#1391=IFCFACE((#1390));
#1392=IFCCARTESIANPOINT((-57.248049974441528,155.85000743865967,129.99999554157259));
#1393=IFCPOLYLOOP((#1331,#1330,#1392,#1338));
#1394=IFCFACEOUTERBOUND(#1393,.T.);
#1395=IFCFACE((#1394));
#1396=IFCCARTESIANPOINT((-63.046651339530946,75.999998581409457,166.39999938011169));
#1397=IFCPOLYLOOP((#1356,#1396,#1357));
#1398=IFCFACEOUTERBOUND(#1397,.T.);
#1399=IFCFACE((#1398));
#1400=IFCCARTESIANPOINT((0.,75.999998581409457,202.79999413490296));
#1401=IFCPOLYLOOP((#1400,#1387,#1388));
#1402=IFCFACEOUTERBOUND(#1401,.T.);
#1403=IFCFACE((#1402));
#1404=IFCCARTESIANPOINT((0.,155.85000743865967,188.72029395103456));
#1405=IFCPOLYLOOP((#1387,#1400,#1404));
#1406=IFCFACEOUTERBOUND(#1405,.T.);
#1407=IFCFACE((#1406));
#1408=IFCCARTESIANPOINT((-51.578710341453551,155.85000743865967,154.83900446891786));
#1409=IFCPOLYLOOP((#1396,#1356,#1408));
#1410=IFCFACEOUTERBOUND(#1409,.T.);
#1411=IFCFACE((#1410));
#1412=IFCPOLYLOOP((#1408,#1332,#1396));
#1413=IFCFACEOUTERBOUND(#1412,.T.);
#1414=IFCFACE((#1413));
#1415=IFCPOLYLOOP((#1338,#1337,#1331));
#1416=IFCFACEOUTERBOUND(#1415,.T.);
#1417=IFCFACE((#1416));
#1418=IFCPOLYLOOP((#1332,#1408,#1330));
#1419=IFCFACEOUTERBOUND(#1418,.T.);
#1420=IFCFACE((#1419));
#1421=IFCPOLYLOOP((#1379,#1355,#1357));
#1422=IFCFACEOUTERBOUND(#1421,.T.);
#1423=IFCFACE((#1422));
#1424=IFCPOLYLOOP((#1380,#1379,#1388));
#1425=IFCFACEOUTERBOUND(#1424,.T.);
#1426=IFCFACE((#1425));
#1427=IFCCARTESIANPOINT((12.738890174031258,155.85000743865967,185.81271343231202));
#1428=IFCPOLYLOOP((#1404,#1400,#1427));
#1429=IFCFACEOUTERBOUND(#1428,.T.);
#1430=IFCFACE((#1429));
#1431=IFCCARTESIANPOINT((45.90937070846558,155.85000743865967,166.6115053653717));
#1432=IFCCARTESIANPOINT((51.477372050285339,75.999998581409457,181.47736759185793));
#1433=IFCCARTESIANPOINT((63.046651339530946,75.999998581409457,166.39999938011169));
#1434=IFCPOLYLOOP((#1431,#1432,#1433));
#1435=IFCFACEOUTERBOUND(#1434,.T.);
#1436=IFCFACE((#1435));
#1437=IFCCARTESIANPOINT((35.693576663732529,155.85000743865967,174.75831913948059));
#1438=IFCCARTESIANPOINT((36.399999296665193,75.999998581409457,193.04664688110353));
#1439=IFCPOLYLOOP((#1437,#1438,#1432));
#1440=IFCFACEOUTERBOUND(#1439,.T.);
#1441=IFCFACE((#1440));
#1442=IFCCARTESIANPOINT((57.248049974441528,155.85000743865967,116.93350567817689));
#1443=IFCCARTESIANPOINT((72.799998593330386,75.999998581409457,129.99999554157259));
#1444=IFCCARTESIANPOINT((70.319399642944333,75.999998581409457,111.15797703266144));
#1445=IFCPOLYLOOP((#1442,#1443,#1444));
#1446=IFCFACEOUTERBOUND(#1445,.T.);
#1447=IFCFACE((#1446));
#1448=IFCCARTESIANPOINT((18.842026457190514,75.999998581409457,200.31940426826478));
#1449=IFCCARTESIANPOINT((25.477780348062517,155.85000743865967,182.90515108108522));
#1450=IFCPOLYLOOP((#1448,#1449,#1427));
#1451=IFCFACEOUTERBOUND(#1450,.T.);
#1452=IFCFACE((#1451));
#1453=IFCPOLYLOOP((#1427,#1400,#1448));
#1454=IFCFACEOUTERBOUND(#1453,.T.);
#1455=IFCFACE((#1454));
#1456=IFCPOLYLOOP((#1448,#1438,#1449));
#1457=IFCFACEOUTERBOUND(#1456,.T.);
#1458=IFCFACE((#1457));
#1459=IFCPOLYLOOP((#1449,#1438,#1437));
#1460=IFCFACEOUTERBOUND(#1459,.T.);
#1461=IFCFACE((#1460));
#1462=IFCCARTESIANPOINT((51.578710341453551,155.85000743865967,154.83900446891786));
#1463=IFCPOLYLOOP((#1462,#1431,#1433));
#1464=IFCFACEOUTERBOUND(#1463,.T.);
#1465=IFCFACE((#1464));
#1466=IFCCARTESIANPOINT((70.319399642944333,75.999998581409457,148.84202313423157));
#1467=IFCCARTESIANPOINT((57.248049974441528,155.85000743865967,143.06649448871613));
#1468=IFCPOLYLOOP((#1462,#1466,#1467));
#1469=IFCFACEOUTERBOUND(#1468,.T.);
#1470=IFCFACE((#1469));
#1471=IFCPOLYLOOP((#1466,#1462,#1433));
#1472=IFCFACEOUTERBOUND(#1471,.T.);
#1473=IFCFACE((#1472));
#1474=IFCPOLYLOOP((#1432,#1431,#1437));
#1475=IFCFACEOUTERBOUND(#1474,.T.);
#1476=IFCFACE((#1475));
#1477=IFCCARTESIANPOINT((57.248049974441528,155.85000743865967,129.99999554157259));
#1478=IFCPOLYLOOP((#1443,#1442,#1477,#1467));
#1479=IFCFACEOUTERBOUND(#1478,.T.);
#1480=IFCFACE((#1479));
#1481=IFCCARTESIANPOINT((45.90937070846558,155.85000743865967,93.388494801521304));
#1482=IFCCARTESIANPOINT((63.046651339530946,75.999998581409457,93.600000786781308));
#1483=IFCCARTESIANPOINT((51.477372050285339,75.999998581409457,78.522623491287234));
#1484=IFCPOLYLOOP((#1481,#1482,#1483));
#1485=IFCFACEOUTERBOUND(#1484,.T.);
#1486=IFCFACE((#1485));
#1487=IFCCARTESIANPOINT((12.738890174031258,155.85000743865967,74.187277650833138));
#1488=IFCCARTESIANPOINT((18.842026457190514,75.999998581409457,59.680600440502168));
#1489=IFCPOLYLOOP((#1326,#1487,#1488));
#1490=IFCFACEOUTERBOUND(#1489,.T.);
#1491=IFCFACE((#1490));
#1492=IFCPOLYLOOP((#1487,#1326,#1351));
#1493=IFCFACEOUTERBOUND(#1492,.T.);
#1494=IFCFACE((#1493));
#1495=IFCCARTESIANPOINT((51.578710341453551,155.85000743865967,105.16100478172302));
#1496=IFCPOLYLOOP((#1482,#1481,#1495));
#1497=IFCFACEOUTERBOUND(#1496,.T.);
#1498=IFCFACE((#1497));
#1499=IFCPOLYLOOP((#1495,#1444,#1482));
#1500=IFCFACEOUTERBOUND(#1499,.T.);
#1501=IFCFACE((#1500));
#1502=IFCPOLYLOOP((#1467,#1466,#1443));
#1503=IFCFACEOUTERBOUND(#1502,.T.);
#1504=IFCFACE((#1503));
#1505=IFCPOLYLOOP((#1444,#1495,#1442));
#1506=IFCFACEOUTERBOUND(#1505,.T.);
#1507=IFCFACE((#1506));
#1508=IFCCARTESIANPOINT((36.399999296665193,75.999998581409457,66.953348743915555));
#1509=IFCCARTESIANPOINT((35.693576663732529,155.85000743865967,85.241671943664556));
#1510=IFCPOLYLOOP((#1508,#1509,#1483));
#1511=IFCFACEOUTERBOUND(#1510,.T.);
#1512=IFCFACE((#1511));
#1513=IFCCARTESIANPOINT((25.477780348062517,155.85000743865967,77.094849085807809));
#1514=IFCPOLYLOOP((#1487,#1513,#1488));
#1515=IFCFACEOUTERBOUND(#1514,.T.);
#1516=IFCFACE((#1515));
#1517=IFCPOLYLOOP((#1509,#1481,#1483));
#1518=IFCFACEOUTERBOUND(#1517,.T.);
#1519=IFCFACE((#1518));
#1520=IFCPOLYLOOP((#1513,#1508,#1488));
#1521=IFCFACEOUTERBOUND(#1520,.T.);
#1522=IFCFACE((#1521));
#1523=IFCPOLYLOOP((#1509,#1508,#1513));
#1524=IFCFACEOUTERBOUND(#1523,.T.);
#1525=IFCFACE((#1524));
#1526=IFCPOLYLOOP((#1408,#1356,#1175));
#1527=IFCFACEOUTERBOUND(#1526,.T.);
#1528=IFCFACE((#1527));
#1529=IFCPOLYLOOP((#1179,#1342,#1336));
#1530=IFCFACEOUTERBOUND(#1529,.T.);
#1531=IFCFACE((#1530));
#1532=IFCPOLYLOOP((#1338,#1177,#1178));
#1533=IFCFACEOUTERBOUND(#1532,.T.);
#1534=IFCFACE((#1533));
#1535=IFCPOLYLOOP((#1392,#1330,#1177,#1338));
#1536=IFCFACEOUTERBOUND(#1535,.T.);
#1537=IFCFACE((#1536));
#1538=IFCPOLYLOOP((#1181,#1363,#1180));
#1539=IFCFACEOUTERBOUND(#1538,.T.);
#1540=IFCFACE((#1539));
#1541=IFCPOLYLOOP((#1347,#1181,#1182));
#1542=IFCFACEOUTERBOUND(#1541,.T.);
#1543=IFCFACE((#1542));
#1544=IFCPOLYLOOP((#1408,#1176,#1330));
#1545=IFCFACEOUTERBOUND(#1544,.T.);
#1546=IFCFACE((#1545));
#1547=IFCPOLYLOOP((#1338,#1178,#1336));
#1548=IFCFACEOUTERBOUND(#1547,.T.);
#1549=IFCFACE((#1548));
#1550=IFCPOLYLOOP((#1159,#1325,#1182));
#1551=IFCFACEOUTERBOUND(#1550,.T.);
#1552=IFCFACE((#1551));
#1553=IFCPOLYLOOP((#1342,#1179,#1180));
#1554=IFCFACEOUTERBOUND(#1553,.T.);
#1555=IFCFACE((#1554));
#1556=IFCPOLYLOOP((#1325,#1159,#1351));
#1557=IFCFACEOUTERBOUND(#1556,.T.);
#1558=IFCFACE((#1557));
#1559=IFCPOLYLOOP((#1178,#1179,#1336));
#1560=IFCFACEOUTERBOUND(#1559,.T.);
#1561=IFCFACE((#1560));
#1562=IFCPOLYLOOP((#1174,#1356,#1355));
#1563=IFCFACEOUTERBOUND(#1562,.T.);
#1564=IFCFACE((#1563));
#1565=IFCPOLYLOOP((#1177,#1330,#1176));
#1566=IFCFACEOUTERBOUND(#1565,.T.);
#1567=IFCFACE((#1566));
#1568=IFCPOLYLOOP((#1363,#1181,#1347));
#1569=IFCFACEOUTERBOUND(#1568,.T.);
#1570=IFCFACE((#1569));
#1571=IFCPOLYLOOP((#1363,#1342,#1180));
#1572=IFCFACEOUTERBOUND(#1571,.T.);
#1573=IFCFACE((#1572));
#1574=IFCPOLYLOOP((#1380,#1173,#1355));
#1575=IFCFACEOUTERBOUND(#1574,.T.);
#1576=IFCFACE((#1575));
#1577=IFCPOLYLOOP((#1176,#1408,#1175));
#1578=IFCFACEOUTERBOUND(#1577,.T.);
#1579=IFCFACE((#1578));
#1580=IFCPOLYLOOP((#1325,#1347,#1182));
#1581=IFCFACEOUTERBOUND(#1580,.T.);
#1582=IFCFACE((#1581));
#1583=IFCPOLYLOOP((#1380,#1172,#1173));
#1584=IFCFACEOUTERBOUND(#1583,.T.);
#1585=IFCFACE((#1584));
#1586=IFCPOLYLOOP((#1356,#1174,#1175));
#1587=IFCFACEOUTERBOUND(#1586,.T.);
#1588=IFCFACE((#1587));
#1589=IFCPOLYLOOP((#1172,#1380,#1387));
#1590=IFCFACEOUTERBOUND(#1589,.T.);
#1591=IFCFACE((#1590));
#1592=IFCPOLYLOOP((#1404,#1171,#1387));
#1593=IFCFACEOUTERBOUND(#1592,.T.);
#1594=IFCFACE((#1593));
#1595=IFCPOLYLOOP((#1355,#1173,#1174));
#1596=IFCFACEOUTERBOUND(#1595,.T.);
#1597=IFCFACE((#1596));
#1598=IFCPOLYLOOP((#1172,#1387,#1171));
#1599=IFCFACEOUTERBOUND(#1598,.T.);
#1600=IFCFACE((#1599));
#1601=IFCPOLYLOOP((#1167,#1431,#1462));
#1602=IFCFACEOUTERBOUND(#1601,.T.);
#1603=IFCFACE((#1602));
#1604=IFCPOLYLOOP((#1169,#1437,#1168));
#1605=IFCFACEOUTERBOUND(#1604,.T.);
#1606=IFCFACE((#1605));
#1607=IFCPOLYLOOP((#1169,#1170,#1449));
#1608=IFCFACEOUTERBOUND(#1607,.T.);
#1609=IFCFACE((#1608));
#1610=IFCPOLYLOOP((#1467,#1166,#1462));
#1611=IFCFACEOUTERBOUND(#1610,.T.);
#1612=IFCFACE((#1611));
#1613=IFCPOLYLOOP((#1171,#1427,#1170));
#1614=IFCFACEOUTERBOUND(#1613,.T.);
#1615=IFCFACE((#1614));
#1616=IFCPOLYLOOP((#1477,#1442,#1165,#1467));
#1617=IFCFACEOUTERBOUND(#1616,.T.);
#1618=IFCFACE((#1617));
#1619=IFCPOLYLOOP((#1167,#1168,#1431));
#1620=IFCFACEOUTERBOUND(#1619,.T.);
#1621=IFCFACE((#1620));
#1622=IFCPOLYLOOP((#1462,#1166,#1167));
#1623=IFCFACEOUTERBOUND(#1622,.T.);
#1624=IFCFACE((#1623));
#1625=IFCPOLYLOOP((#1495,#1481,#1163));
#1626=IFCFACEOUTERBOUND(#1625,.T.);
#1627=IFCFACE((#1626));
#1628=IFCPOLYLOOP((#1427,#1171,#1404));
#1629=IFCFACEOUTERBOUND(#1628,.T.);
#1630=IFCFACE((#1629));
#1631=IFCPOLYLOOP((#1162,#1481,#1509));
#1632=IFCFACEOUTERBOUND(#1631,.T.);
#1633=IFCFACE((#1632));
#1634=IFCPOLYLOOP((#1427,#1449,#1170));
#1635=IFCFACEOUTERBOUND(#1634,.T.);
#1636=IFCFACE((#1635));
#1637=IFCPOLYLOOP((#1165,#1442,#1164));
#1638=IFCFACEOUTERBOUND(#1637,.T.);
#1639=IFCFACE((#1638));
#1640=IFCPOLYLOOP((#1513,#1161,#1509));
#1641=IFCFACEOUTERBOUND(#1640,.T.);
#1642=IFCFACE((#1641));
#1643=IFCPOLYLOOP((#1164,#1495,#1163));
#1644=IFCFACEOUTERBOUND(#1643,.T.);
#1645=IFCFACE((#1644));
#1646=IFCPOLYLOOP((#1513,#1160,#1161));
#1647=IFCFACEOUTERBOUND(#1646,.T.);
#1648=IFCFACE((#1647));
#1649=IFCPOLYLOOP((#1467,#1165,#1166));
#1650=IFCFACEOUTERBOUND(#1649,.T.);
#1651=IFCFACE((#1650));
#1652=IFCPOLYLOOP((#1160,#1513,#1487));
#1653=IFCFACEOUTERBOUND(#1652,.T.);
#1654=IFCFACE((#1653));
#1655=IFCPOLYLOOP((#1162,#1163,#1481));
#1656=IFCFACEOUTERBOUND(#1655,.T.);
#1657=IFCFACE((#1656));
#1658=IFCPOLYLOOP((#1495,#1164,#1442));
#1659=IFCFACEOUTERBOUND(#1658,.T.);
#1660=IFCFACE((#1659));
#1661=IFCPOLYLOOP((#1159,#1487,#1351));
#1662=IFCFACEOUTERBOUND(#1661,.T.);
#1663=IFCFACE((#1662));
#1664=IFCPOLYLOOP((#1487,#1159,#1160));
#1665=IFCFACEOUTERBOUND(#1664,.T.);
#1666=IFCFACE((#1665));
#1667=IFCPOLYLOOP((#1161,#1162,#1509));
#1668=IFCFACEOUTERBOUND(#1667,.T.);
#1669=IFCFACE((#1668));
#1670=IFCPOLYLOOP((#1437,#1169,#1449));
#1671=IFCFACEOUTERBOUND(#1670,.T.);
#1672=IFCFACE((#1671));
#1673=IFCPOLYLOOP((#1437,#1431,#1168));
#1674=IFCFACEOUTERBOUND(#1673,.T.);
#1675=IFCFACE((#1674));
#1676=IFCCARTESIANPOINT((-70.319399642944333,69.650000095367432,111.15797703266144));
#1677=IFCCARTESIANPOINT((-72.799998593330386,69.650000095367432,129.99999554157259));
#1678=IFCPOLYLOOP((#1331,#1337,#1676,#1677));
#1679=IFCFACEOUTERBOUND(#1678,.T.);
#1680=IFCFACE((#1679));
#1681=IFCCARTESIANPOINT((-63.046651339530946,69.650000095367432,93.600000786781308));
#1682=IFCPOLYLOOP((#1337,#1343,#1681,#1676));
#1683=IFCFACEOUTERBOUND(#1682,.T.);
#1684=IFCFACE((#1683));
#1685=IFCCARTESIANPOINT((-36.399999296665193,69.650000095367432,66.953348743915555));
#1686=IFCCARTESIANPOINT((-51.477372050285339,69.650000095367432,78.522623491287234));
#1687=IFCPOLYLOOP((#1362,#1361,#1685,#1686));
#1688=IFCFACEOUTERBOUND(#1687,.T.);
#1689=IFCFACE((#1688));
#1690=IFCPOLYLOOP((#1343,#1362,#1686,#1681));
#1691=IFCFACEOUTERBOUND(#1690,.T.);
#1692=IFCFACE((#1691));
#1693=IFCCARTESIANPOINT((-18.842026457190514,69.650000095367432,59.680600440502168));
#1694=IFCPOLYLOOP((#1361,#1324,#1693,#1685));
#1695=IFCFACEOUTERBOUND(#1694,.T.);
#1696=IFCFACE((#1695));
#1697=IFCCARTESIANPOINT((0.,69.650000095367432,57.200001490116122));
#1698=IFCPOLYLOOP((#1697,#1693,#1324,#1326));
#1699=IFCFACEOUTERBOUND(#1698,.T.);
#1700=IFCFACE((#1699));
#1701=IFCCARTESIANPOINT((18.842026457190514,69.650000095367432,59.680600440502168));
#1702=IFCPOLYLOOP((#1326,#1488,#1701,#1697));
#1703=IFCFACEOUTERBOUND(#1702,.T.);
#1704=IFCFACE((#1703));
#1705=IFCCARTESIANPOINT((36.399999296665193,69.650000095367432,66.953348743915555));
#1706=IFCPOLYLOOP((#1488,#1508,#1705,#1701));
#1707=IFCFACEOUTERBOUND(#1706,.T.);
#1708=IFCFACE((#1707));
#1709=IFCCARTESIANPOINT((63.046651339530946,69.650000095367432,93.600000786781308));
#1710=IFCCARTESIANPOINT((51.477372050285339,69.650000095367432,78.522623491287234));
#1711=IFCPOLYLOOP((#1483,#1482,#1709,#1710));
#1712=IFCFACEOUTERBOUND(#1711,.T.);
#1713=IFCFACE((#1712));
#1714=IFCPOLYLOOP((#1508,#1483,#1710,#1705));
#1715=IFCFACEOUTERBOUND(#1714,.T.);
#1716=IFCFACE((#1715));
#1717=IFCCARTESIANPOINT((70.319399642944333,69.650000095367432,111.15797703266144));
#1718=IFCPOLYLOOP((#1482,#1444,#1717,#1709));
#1719=IFCFACEOUTERBOUND(#1718,.T.);
#1720=IFCFACE((#1719));
#1721=IFCCARTESIANPOINT((72.799998593330386,69.650000095367432,129.99999554157259));
#1722=IFCPOLYLOOP((#1721,#1717,#1444,#1443));
#1723=IFCFACEOUTERBOUND(#1722,.T.);
#1724=IFCFACE((#1723));
#1725=IFCCARTESIANPOINT((70.319399642944333,69.650000095367432,148.84202313423157));
#1726=IFCPOLYLOOP((#1443,#1466,#1725,#1721));
#1727=IFCFACEOUTERBOUND(#1726,.T.);
#1728=IFCFACE((#1727));
#1729=IFCCARTESIANPOINT((63.046651339530946,69.650000095367432,166.39999938011169));
#1730=IFCPOLYLOOP((#1466,#1433,#1729,#1725));
#1731=IFCFACEOUTERBOUND(#1730,.T.);
#1732=IFCFACE((#1731));
#1733=IFCCARTESIANPOINT((36.399999296665193,69.650000095367432,193.04664688110353));
#1734=IFCCARTESIANPOINT((51.477372050285339,69.650000095367432,181.47736759185793));
#1735=IFCPOLYLOOP((#1432,#1438,#1733,#1734));
#1736=IFCFACEOUTERBOUND(#1735,.T.);
#1737=IFCFACE((#1736));
#1738=IFCPOLYLOOP((#1433,#1432,#1734,#1729));
#1739=IFCFACEOUTERBOUND(#1738,.T.);
#1740=IFCFACE((#1739));
#1741=IFCCARTESIANPOINT((18.842026457190514,69.650000095367432,200.31940426826478));
#1742=IFCPOLYLOOP((#1438,#1448,#1741,#1733));
#1743=IFCFACEOUTERBOUND(#1742,.T.);
#1744=IFCFACE((#1743));
#1745=IFCCARTESIANPOINT((0.,69.650000095367432,202.79999413490296));
#1746=IFCPOLYLOOP((#1745,#1741,#1448,#1400));
#1747=IFCFACEOUTERBOUND(#1746,.T.);
#1748=IFCFACE((#1747));
#1749=IFCCARTESIANPOINT((-18.842026457190514,69.650000095367432,200.31940426826478));
#1750=IFCPOLYLOOP((#1400,#1388,#1749,#1745));
#1751=IFCFACEOUTERBOUND(#1750,.T.);
#1752=IFCFACE((#1751));
#1753=IFCCARTESIANPOINT((-36.399999296665193,69.650000095367432,193.04664688110353));
#1754=IFCPOLYLOOP((#1388,#1379,#1753,#1749));
#1755=IFCFACEOUTERBOUND(#1754,.T.);
#1756=IFCFACE((#1755));
#1757=IFCCARTESIANPOINT((-63.046651339530946,69.650000095367432,166.39999938011169));
#1758=IFCCARTESIANPOINT((-51.477372050285339,69.650000095367432,181.47736759185793));
#1759=IFCPOLYLOOP((#1357,#1396,#1757,#1758));
#1760=IFCFACEOUTERBOUND(#1759,.T.);
#1761=IFCFACE((#1760));
#1762=IFCPOLYLOOP((#1379,#1357,#1758,#1753));
#1763=IFCFACEOUTERBOUND(#1762,.T.);
#1764=IFCFACE((#1763));
#1765=IFCCARTESIANPOINT((-70.319399642944333,69.650000095367432,148.84202313423157));
#1766=IFCPOLYLOOP((#1396,#1332,#1765,#1757));
#1767=IFCFACEOUTERBOUND(#1766,.T.);
#1768=IFCFACE((#1767));
#1769=IFCPOLYLOOP((#1677,#1765,#1332,#1331));
#1770=IFCFACEOUTERBOUND(#1769,.T.);
#1771=IFCFACE((#1770));
#1772=IFCCARTESIANPOINT((-51.,-0.,260.));
#1773=IFCCARTESIANPOINT((-49.262217140732567,-13.199771300240128,260.));
#1774=IFCCARTESIANPOINT((-44.16729559299651,-25.500000000011575,260.));
#1775=IFCCARTESIANPOINT((-36.062445840504097,-36.062445840525534,260.));
#1776=IFCCARTESIANPOINT((-25.499999999990202,-44.167295593018011,260.));
#1777=IFCCARTESIANPOINT((-13.199771300218806,-49.262217140754174,260.));
#1778=IFCCARTESIANPOINT((0.,-51.,260.));
#1779=IFCCARTESIANPOINT((13.199771300238286,-49.262217140754295,260.));
#1780=IFCCARTESIANPOINT((25.500000000009734,-44.167295593018252,260.));
#1781=IFCCARTESIANPOINT((36.062445840523694,-36.062445840525868,260.));
#1782=IFCCARTESIANPOINT((44.167295593016192,-25.500000000012008,260.));
#1783=IFCCARTESIANPOINT((49.262217140752369,-13.199771300240608,260.));
#1784=IFCCARTESIANPOINT((51.,-0.,260.));
#1785=IFCCARTESIANPOINT((49.262217140752448,13.199771300216806,260.));
#1786=IFCCARTESIANPOINT((44.167295593016362,25.499999999988237,260.));
#1787=IFCCARTESIANPOINT((36.062445840523921,36.062445840502157,260.));
#1788=IFCCARTESIANPOINT((25.500000000010015,44.167295592994606,260.));
#1789=IFCCARTESIANPOINT((13.199771300238595,49.262217140730726,260.));
#1790=IFCCARTESIANPOINT((0.,51.,260.));
#1791=IFCCARTESIANPOINT((-13.19977130021851,49.262217140730769,260.));
#1792=IFCCARTESIANPOINT((-25.499999999989946,44.167295592994684,260.));
#1793=IFCCARTESIANPOINT((-36.062445840503877,36.062445840502264,260.));
#1794=IFCCARTESIANPOINT((-44.167295592996346,25.499999999988376,260.));
#1795=IFCCARTESIANPOINT((-49.262217140732488,13.199771300216961,260.));
#1796=IFCPOLYLOOP((#1772,#1773,#1774,#1775,#1776,#1777,#1778,#1779,#1780,#1781,#1782,#1783,#1784,#1785,#1786,#1787,#1788,#1789,#1790,#1791,#1792,#1793,#1794,#1795));
#1797=IFCFACEOUTERBOUND(#1796,.T.);
#1798=IFCFACE((#1797));
#1799=IFCCARTESIANPOINT((-51.,-0.,247.30000000002593));
#1800=IFCCARTESIANPOINT((-49.262217140732567,-13.199771300240128,247.30000000002593));
#1801=IFCCARTESIANPOINT((-44.16729559299651,-25.500000000011575,247.30000000002593));
#1802=IFCCARTESIANPOINT((-36.062445840504097,-36.062445840525534,247.30000000002593));
#1803=IFCCARTESIANPOINT((-25.499999999990202,-44.167295593018011,247.30000000002593));
#1804=IFCCARTESIANPOINT((-13.199771300218806,-49.262217140754174,247.30000000002593));
#1805=IFCCARTESIANPOINT((0.,-51.,247.30000000002593));
#1806=IFCCARTESIANPOINT((13.199771300238286,-49.262217140754295,247.30000000002593));
#1807=IFCCARTESIANPOINT((25.500000000009734,-44.167295593018252,247.30000000002593));
#1808=IFCCARTESIANPOINT((36.062445840523694,-36.062445840525868,247.30000000002593));
#1809=IFCCARTESIANPOINT((44.167295593016192,-25.500000000012008,247.30000000002593));
#1810=IFCCARTESIANPOINT((49.262217140752369,-13.199771300240608,247.30000000002593));
#1811=IFCCARTESIANPOINT((51.,-0.,247.30000000002593));
#1812=IFCCARTESIANPOINT((49.262217140752448,13.199771300216806,247.30000000002593));
#1813=IFCCARTESIANPOINT((44.167295593016362,25.499999999988237,247.30000000002593));
#1814=IFCCARTESIANPOINT((36.062445840523921,36.062445840502157,247.30000000002593));
#1815=IFCCARTESIANPOINT((25.500000000010015,44.167295592994606,247.30000000002593));
#1816=IFCCARTESIANPOINT((13.199771300238595,49.262217140730726,247.30000000002593));
#1817=IFCCARTESIANPOINT((0.,51.,247.30000000002593));
#1818=IFCCARTESIANPOINT((-13.19977130021851,49.262217140730769,247.30000000002593));
#1819=IFCCARTESIANPOINT((-25.499999999989946,44.167295592994684,247.30000000002593));
#1820=IFCCARTESIANPOINT((-36.062445840503877,36.062445840502264,247.30000000002593));
#1821=IFCCARTESIANPOINT((-44.167295592996346,25.499999999988376,247.30000000002593));
#1822=IFCCARTESIANPOINT((-49.262217140732488,13.199771300216961,247.30000000002593));
#1823=IFCPOLYLOOP((#1799,#1800,#1801,#1802,#1803,#1804,#1805,#1806,#1807,#1808,#1809,#1810,#1811,#1812,#1813,#1814,#1815,#1816,#1817,#1818,#1819,#1820,#1821,#1822));
#1824=IFCFACEOUTERBOUND(#1823,.T.);
#1825=IFCCARTESIANPOINT((26.250000000009972,-0.,247.30000000002593));
#1826=IFCCARTESIANPOINT((25.355552940098011,-6.7939999339529065,247.30000000002593));
#1827=IFCCARTESIANPOINT((22.733166849351491,-13.125000000011729,247.30000000002593));
#1828=IFCCARTESIANPOINT((18.561553006156853,-18.561553006158601,247.30000000002593));
#1829=IFCCARTESIANPOINT((13.125000000009994,-22.733166849353243,247.30000000002593));
#1830=IFCCARTESIANPOINT((6.7939999339511719,-25.355552940099777,247.30000000002593));
#1831=IFCCARTESIANPOINT((0.,-26.250000000011742,247.30000000002593));
#1832=IFCCARTESIANPOINT((-6.7939999339311559,-25.355552940099798,247.30000000002593));
#1833=IFCCARTESIANPOINT((-13.124999999989987,-22.733166849353285,247.30000000002593));
#1834=IFCCARTESIANPOINT((-18.561553006136862,-18.561553006158658,247.30000000002593));
#1835=IFCCARTESIANPOINT((-22.733166849331511,-13.125000000011802,247.30000000002593));
#1836=IFCCARTESIANPOINT((-25.355552940078059,-6.7939999339529864,247.30000000002593));
#1837=IFCCARTESIANPOINT((-26.249999999990031,-0.,247.30000000002593));
#1838=IFCCARTESIANPOINT((-25.355552940078059,6.7939999339295021,247.30000000002593));
#1839=IFCCARTESIANPOINT((-22.733166849331511,13.124999999988317,247.30000000002593));
#1840=IFCCARTESIANPOINT((-18.561553006136862,18.561553006135171,247.30000000002593));
#1841=IFCCARTESIANPOINT((-13.124999999989987,22.733166849329802,247.30000000002593));
#1842=IFCCARTESIANPOINT((-6.7939999339311559,25.355552940076311,247.30000000002593));
#1843=IFCCARTESIANPOINT((0.,26.249999999988258,247.30000000002593));
#1844=IFCCARTESIANPOINT((6.7939999339511719,25.35555294007629,247.30000000002593));
#1845=IFCCARTESIANPOINT((13.125000000009994,22.733166849329759,247.30000000002593));
#1846=IFCCARTESIANPOINT((18.561553006156853,18.561553006135117,247.30000000002593));
#1847=IFCCARTESIANPOINT((22.733166849351491,13.124999999988246,247.30000000002593));
#1848=IFCCARTESIANPOINT((25.355552940098011,6.7939999339294221,247.30000000002593));
#1849=IFCPOLYLOOP((#1825,#1826,#1827,#1828,#1829,#1830,#1831,#1832,#1833,#1834,#1835,#1836,#1837,#1838,#1839,#1840,#1841,#1842,#1843,#1844,#1845,#1846,#1847,#1848));
#1850=IFCFACEBOUND(#1849,.T.);
#1851=IFCFACE((#1824,#1850));
#1852=IFCPOLYLOOP((#1799,#1800,#1773,#1772));
#1853=IFCFACEOUTERBOUND(#1852,.T.);
#1854=IFCFACE((#1853));
#1855=IFCPOLYLOOP((#1800,#1801,#1774,#1773));
#1856=IFCFACEOUTERBOUND(#1855,.T.);
#1857=IFCFACE((#1856));
#1858=IFCPOLYLOOP((#1802,#1803,#1776,#1775));
#1859=IFCFACEOUTERBOUND(#1858,.T.);
#1860=IFCFACE((#1859));
#1861=IFCPOLYLOOP((#1801,#1802,#1775,#1774));
#1862=IFCFACEOUTERBOUND(#1861,.T.);
#1863=IFCFACE((#1862));
#1864=IFCPOLYLOOP((#1803,#1804,#1777,#1776));
#1865=IFCFACEOUTERBOUND(#1864,.T.);
#1866=IFCFACE((#1865));
#1867=IFCPOLYLOOP((#1778,#1777,#1804,#1805));
#1868=IFCFACEOUTERBOUND(#1867,.T.);
#1869=IFCFACE((#1868));
#1870=IFCPOLYLOOP((#1805,#1806,#1779,#1778));
#1871=IFCFACEOUTERBOUND(#1870,.T.);
#1872=IFCFACE((#1871));
#1873=IFCPOLYLOOP((#1806,#1807,#1780,#1779));
#1874=IFCFACEOUTERBOUND(#1873,.T.);
#1875=IFCFACE((#1874));
#1876=IFCPOLYLOOP((#1808,#1809,#1782,#1781));
#1877=IFCFACEOUTERBOUND(#1876,.T.);
#1878=IFCFACE((#1877));
#1879=IFCPOLYLOOP((#1807,#1808,#1781,#1780));
#1880=IFCFACEOUTERBOUND(#1879,.T.);
#1881=IFCFACE((#1880));
#1882=IFCPOLYLOOP((#1809,#1810,#1783,#1782));
#1883=IFCFACEOUTERBOUND(#1882,.T.);
#1884=IFCFACE((#1883));
#1885=IFCPOLYLOOP((#1784,#1783,#1810,#1811));
#1886=IFCFACEOUTERBOUND(#1885,.T.);
#1887=IFCFACE((#1886));
#1888=IFCPOLYLOOP((#1811,#1812,#1785,#1784));
#1889=IFCFACEOUTERBOUND(#1888,.T.);
#1890=IFCFACE((#1889));
#1891=IFCPOLYLOOP((#1785,#1786,#1813,#1812));
#1892=IFCFACEOUTERBOUND(#1891,.T.);
#1893=IFCFACE((#1892));
#1894=IFCPOLYLOOP((#1787,#1788,#1815,#1814));
#1895=IFCFACEOUTERBOUND(#1894,.T.);
#1896=IFCFACE((#1895));
#1897=IFCPOLYLOOP((#1786,#1787,#1814,#1813));
#1898=IFCFACEOUTERBOUND(#1897,.T.);
#1899=IFCFACE((#1898));
#1900=IFCPOLYLOOP((#1788,#1789,#1816,#1815));
#1901=IFCFACEOUTERBOUND(#1900,.T.);
#1902=IFCFACE((#1901));
#1903=IFCPOLYLOOP((#1817,#1816,#1789,#1790));
#1904=IFCFACEOUTERBOUND(#1903,.T.);
#1905=IFCFACE((#1904));
#1906=IFCPOLYLOOP((#1790,#1791,#1818,#1817));
#1907=IFCFACEOUTERBOUND(#1906,.T.);
#1908=IFCFACE((#1907));
#1909=IFCPOLYLOOP((#1791,#1792,#1819,#1818));
#1910=IFCFACEOUTERBOUND(#1909,.T.);
#1911=IFCFACE((#1910));
#1912=IFCPOLYLOOP((#1793,#1794,#1821,#1820));
#1913=IFCFACEOUTERBOUND(#1912,.T.);
#1914=IFCFACE((#1913));
#1915=IFCPOLYLOOP((#1792,#1793,#1820,#1819));
#1916=IFCFACEOUTERBOUND(#1915,.T.);
#1917=IFCFACE((#1916));
#1918=IFCPOLYLOOP((#1794,#1795,#1822,#1821));
#1919=IFCFACEOUTERBOUND(#1918,.T.);
#1920=IFCFACE((#1919));
#1921=IFCPOLYLOOP((#1772,#1795,#1822,#1799));
#1922=IFCFACEOUTERBOUND(#1921,.T.);
#1923=IFCFACE((#1922));
#1924=IFCCARTESIANPOINT((-51.,-0.,12.69999999996393));
#1925=IFCCARTESIANPOINT((-49.262217140732567,-13.199771300240128,12.69999999996393));
#1926=IFCCARTESIANPOINT((-44.16729559299651,-25.500000000011575,12.69999999996393));
#1927=IFCCARTESIANPOINT((-36.062445840504097,-36.062445840525534,12.69999999996393));
#1928=IFCCARTESIANPOINT((-25.499999999990202,-44.167295593018011,12.69999999996393));
#1929=IFCCARTESIANPOINT((-13.199771300218806,-49.262217140754174,12.69999999996393));
#1930=IFCCARTESIANPOINT((0.,-51.,12.69999999996393));
#1931=IFCCARTESIANPOINT((13.199771300238286,-49.262217140754295,12.69999999996393));
#1932=IFCCARTESIANPOINT((25.500000000009734,-44.167295593018252,12.69999999996393));
#1933=IFCCARTESIANPOINT((36.062445840523694,-36.062445840525868,12.69999999996393));
#1934=IFCCARTESIANPOINT((44.167295593016192,-25.500000000012008,12.69999999996393));
#1935=IFCCARTESIANPOINT((49.262217140752369,-13.199771300240608,12.69999999996393));
#1936=IFCCARTESIANPOINT((51.,-0.,12.69999999996393));
#1937=IFCCARTESIANPOINT((49.262217140752448,13.199771300216806,12.69999999996393));
#1938=IFCCARTESIANPOINT((44.167295593016362,25.499999999988237,12.69999999996393));
#1939=IFCCARTESIANPOINT((36.062445840523921,36.062445840502157,12.69999999996393));
#1940=IFCCARTESIANPOINT((25.500000000010015,44.167295592994606,12.69999999996393));
#1941=IFCCARTESIANPOINT((13.199771300238595,49.262217140730726,12.69999999996393));
#1942=IFCCARTESIANPOINT((0.,51.,12.69999999996393));
#1943=IFCCARTESIANPOINT((-13.19977130021851,49.262217140730769,12.69999999996393));
#1944=IFCCARTESIANPOINT((-25.499999999989946,44.167295592994684,12.69999999996393));
#1945=IFCCARTESIANPOINT((-36.062445840503877,36.062445840502264,12.69999999996393));
#1946=IFCCARTESIANPOINT((-44.167295592996346,25.499999999988376,12.69999999996393));
#1947=IFCCARTESIANPOINT((-49.262217140732488,13.199771300216961,12.69999999996393));
#1948=IFCPOLYLOOP((#1924,#1925,#1926,#1927,#1928,#1929,#1930,#1931,#1932,#1933,#1934,#1935,#1936,#1937,#1938,#1939,#1940,#1941,#1942,#1943,#1944,#1945,#1946,#1947));
#1949=IFCFACEOUTERBOUND(#1948,.T.);
#1950=IFCCARTESIANPOINT((26.250000000009965,-0.,12.69999999996393));
#1951=IFCCARTESIANPOINT((25.355552940098008,-6.7939999339529065,12.69999999996393));
#1952=IFCCARTESIANPOINT((22.733166849351488,-13.125000000011729,12.69999999996393));
#1953=IFCCARTESIANPOINT((18.561553006156853,-18.561553006158601,12.69999999996393));
#1954=IFCCARTESIANPOINT((13.125000000009994,-22.733166849353243,12.69999999996393));
#1955=IFCCARTESIANPOINT((6.7939999339511719,-25.355552940099777,12.69999999996393));
#1956=IFCCARTESIANPOINT((0.,-26.250000000011742,12.69999999996393));
#1957=IFCCARTESIANPOINT((-6.7939999339311559,-25.355552940099798,12.69999999996393));
#1958=IFCCARTESIANPOINT((-13.124999999989987,-22.733166849353285,12.69999999996393));
#1959=IFCCARTESIANPOINT((-18.561553006136862,-18.561553006158658,12.69999999996393));
#1960=IFCCARTESIANPOINT((-22.733166849331518,-13.125000000011802,12.69999999996393));
#1961=IFCCARTESIANPOINT((-25.355552940078059,-6.7939999339529864,12.69999999996393));
#1962=IFCCARTESIANPOINT((-26.249999999990031,-0.,12.69999999996393));
#1963=IFCCARTESIANPOINT((-25.355552940078059,6.7939999339295021,12.69999999996393));
#1964=IFCCARTESIANPOINT((-22.733166849331518,13.124999999988317,12.69999999996393));
#1965=IFCCARTESIANPOINT((-18.561553006136862,18.561553006135171,12.69999999996393));
#1966=IFCCARTESIANPOINT((-13.124999999989987,22.733166849329802,12.69999999996393));
#1967=IFCCARTESIANPOINT((-6.7939999339311559,25.355552940076311,12.69999999996393));
#1968=IFCCARTESIANPOINT((0.,26.249999999988258,12.69999999996393));
#1969=IFCCARTESIANPOINT((6.7939999339511719,25.35555294007629,12.69999999996393));
#1970=IFCCARTESIANPOINT((13.125000000009994,22.733166849329759,12.69999999996393));
#1971=IFCCARTESIANPOINT((18.561553006156853,18.561553006135117,12.69999999996393));
#1972=IFCCARTESIANPOINT((22.733166849351488,13.124999999988246,12.69999999996393));
#1973=IFCCARTESIANPOINT((25.355552940098008,6.7939999339294221,12.69999999996393));
#1974=IFCPOLYLOOP((#1950,#1951,#1952,#1953,#1954,#1955,#1956,#1957,#1958,#1959,#1960,#1961,#1962,#1963,#1964,#1965,#1966,#1967,#1968,#1969,#1970,#1971,#1972,#1973));
#1975=IFCFACEBOUND(#1974,.T.);
#1976=IFCFACE((#1949,#1975));
#1977=IFCCARTESIANPOINT((-51.,-0.,-0.));
#1978=IFCCARTESIANPOINT((-49.262217140732488,13.199771300216961,-0.));
#1979=IFCCARTESIANPOINT((-44.167295592996346,25.499999999988376,-0.));
#1980=IFCCARTESIANPOINT((-36.062445840503877,36.062445840502264,-0.));
#1981=IFCCARTESIANPOINT((-25.499999999989946,44.167295592994684,-0.));
#1982=IFCCARTESIANPOINT((-13.19977130021851,49.262217140730769,-0.));
#1983=IFCCARTESIANPOINT((0.,51.,-0.));
#1984=IFCCARTESIANPOINT((13.199771300238595,49.262217140730726,-0.));
#1985=IFCCARTESIANPOINT((25.500000000010015,44.167295592994606,-0.));
#1986=IFCCARTESIANPOINT((36.062445840523921,36.062445840502157,-0.));
#1987=IFCCARTESIANPOINT((44.167295593016362,25.499999999988237,-0.));
#1988=IFCCARTESIANPOINT((49.262217140752448,13.199771300216806,-0.));
#1989=IFCCARTESIANPOINT((51.,-0.,-0.));
#1990=IFCCARTESIANPOINT((49.262217140752369,-13.199771300240608,-0.));
#1991=IFCCARTESIANPOINT((44.167295593016192,-25.500000000012008,-0.));
#1992=IFCCARTESIANPOINT((36.062445840523694,-36.062445840525868,-0.));
#1993=IFCCARTESIANPOINT((25.500000000009734,-44.167295593018252,-0.));
#1994=IFCCARTESIANPOINT((13.199771300238286,-49.262217140754295,-0.));
#1995=IFCCARTESIANPOINT((0.,-51.,-0.));
#1996=IFCCARTESIANPOINT((-13.199771300218806,-49.262217140754174,-0.));
#1997=IFCCARTESIANPOINT((-25.499999999990202,-44.167295593018011,-0.));
#1998=IFCCARTESIANPOINT((-36.062445840504097,-36.062445840525534,-0.));
#1999=IFCCARTESIANPOINT((-44.16729559299651,-25.500000000011575,-0.));
#2000=IFCCARTESIANPOINT((-49.262217140732567,-13.199771300240128,-0.));
#2001=IFCPOLYLOOP((#1977,#1978,#1979,#1980,#1981,#1982,#1983,#1984,#1985,#1986,#1987,#1988,#1989,#1990,#1991,#1992,#1993,#1994,#1995,#1996,#1997,#1998,#1999,#2000));
#2002=IFCFACEOUTERBOUND(#2001,.T.);
#2003=IFCFACE((#2002));
#2004=IFCPOLYLOOP((#1977,#2000,#1925,#1924));
#2005=IFCFACEOUTERBOUND(#2004,.T.);
#2006=IFCFACE((#2005));
#2007=IFCPOLYLOOP((#2000,#1999,#1926,#1925));
#2008=IFCFACEOUTERBOUND(#2007,.T.);
#2009=IFCFACE((#2008));
#2010=IFCPOLYLOOP((#1998,#1997,#1928,#1927));
#2011=IFCFACEOUTERBOUND(#2010,.T.);
#2012=IFCFACE((#2011));
#2013=IFCPOLYLOOP((#1999,#1998,#1927,#1926));
#2014=IFCFACEOUTERBOUND(#2013,.T.);
#2015=IFCFACE((#2014));
#2016=IFCPOLYLOOP((#1997,#1996,#1929,#1928));
#2017=IFCFACEOUTERBOUND(#2016,.T.);
#2018=IFCFACE((#2017));
#2019=IFCPOLYLOOP((#1930,#1929,#1996,#1995));
#2020=IFCFACEOUTERBOUND(#2019,.T.);
#2021=IFCFACE((#2020));
#2022=IFCPOLYLOOP((#1995,#1994,#1931,#1930));
#2023=IFCFACEOUTERBOUND(#2022,.T.);
#2024=IFCFACE((#2023));
#2025=IFCPOLYLOOP((#1994,#1993,#1932,#1931));
#2026=IFCFACEOUTERBOUND(#2025,.T.);
#2027=IFCFACE((#2026));
#2028=IFCPOLYLOOP((#1992,#1991,#1934,#1933));
#2029=IFCFACEOUTERBOUND(#2028,.T.);
#2030=IFCFACE((#2029));
#2031=IFCPOLYLOOP((#1993,#1992,#1933,#1932));
#2032=IFCFACEOUTERBOUND(#2031,.T.);
#2033=IFCFACE((#2032));
#2034=IFCPOLYLOOP((#1991,#1990,#1935,#1934));
#2035=IFCFACEOUTERBOUND(#2034,.T.);
#2036=IFCFACE((#2035));
#2037=IFCPOLYLOOP((#1936,#1935,#1990,#1989));
#2038=IFCFACEOUTERBOUND(#2037,.T.);
#2039=IFCFACE((#2038));
#2040=IFCPOLYLOOP((#1989,#1988,#1937,#1936));
#2041=IFCFACEOUTERBOUND(#2040,.T.);
#2042=IFCFACE((#2041));
#2043=IFCPOLYLOOP((#1937,#1938,#1987,#1988));
#2044=IFCFACEOUTERBOUND(#2043,.T.);
#2045=IFCFACE((#2044));
#2046=IFCPOLYLOOP((#1939,#1940,#1985,#1986));
#2047=IFCFACEOUTERBOUND(#2046,.T.);
#2048=IFCFACE((#2047));
#2049=IFCPOLYLOOP((#1938,#1939,#1986,#1987));
#2050=IFCFACEOUTERBOUND(#2049,.T.);
#2051=IFCFACE((#2050));
#2052=IFCPOLYLOOP((#1940,#1941,#1984,#1985));
#2053=IFCFACEOUTERBOUND(#2052,.T.);
#2054=IFCFACE((#2053));
#2055=IFCPOLYLOOP((#1983,#1984,#1941,#1942));
#2056=IFCFACEOUTERBOUND(#2055,.T.);
#2057=IFCFACE((#2056));
#2058=IFCPOLYLOOP((#1942,#1943,#1982,#1983));
#2059=IFCFACEOUTERBOUND(#2058,.T.);
#2060=IFCFACE((#2059));
#2061=IFCPOLYLOOP((#1943,#1944,#1981,#1982));
#2062=IFCFACEOUTERBOUND(#2061,.T.);
#2063=IFCFACE((#2062));
#2064=IFCPOLYLOOP((#1945,#1946,#1979,#1980));
#2065=IFCFACEOUTERBOUND(#2064,.T.);
#2066=IFCFACE((#2065));
#2067=IFCPOLYLOOP((#1944,#1945,#1980,#1981));
#2068=IFCFACEOUTERBOUND(#2067,.T.);
#2069=IFCFACE((#2068));
#2070=IFCPOLYLOOP((#1946,#1947,#1978,#1979));
#2071=IFCFACEOUTERBOUND(#2070,.T.);
#2072=IFCFACE((#2071));
#2073=IFCPOLYLOOP((#1924,#1947,#1978,#1977));
#2074=IFCFACEOUTERBOUND(#2073,.T.);
#2075=IFCFACE((#2074));
#2076=IFCCARTESIANPOINT((-19.691918939352036,68.884562623500827,216.45826292037964));
#2077=IFCCARTESIANPOINT((-29.294026333093644,69.650000095367432,210.48468132019045));
#2078=IFCCARTESIANPOINT((0.,69.650000095367432,215.64999103546143));
#2079=IFCPOLYLOOP((#2076,#2077,#2078));
#2080=IFCFACEOUTERBOUND(#2079,.T.);
#2081=IFCFACE((#2080));
#2082=IFCCARTESIANPOINT((-21.109564965963365,66.417598378658298,218.70481910705567));
#2083=IFCCARTESIANPOINT((-39.893526971340179,65.926104032993322,212.26925625801087));
#2084=IFCCARTESIANPOINT((-31.465852797031403,63.300001609325413,216.45172262191772));
#2085=IFCPOLYLOOP((#2082,#2083,#2084));
#2086=IFCFACEOUTERBOUND(#2085,.T.);
#2087=IFCFACE((#2086));
#2088=IFCCARTESIANPOINT((-55.05476088523865,69.650000095367432,195.61171560287477));
#2089=IFCCARTESIANPOINT((-48.921087312698369,67.908695590496066,205.56474180221559));
#2090=IFCCARTESIANPOINT((-70.301200354099279,68.33735765218735,185.41562647819521));
#2091=IFCPOLYLOOP((#2088,#2089,#2090));
#2092=IFCFACEOUTERBOUND(#2091,.T.);
#2093=IFCFACE((#2092));
#2094=IFCCARTESIANPOINT((-80.925002288818362,66.156095445156097,87.682756590843198));
#2095=IFCCARTESIANPOINT((-64.053920888900763,66.282754683494574,65.002096116542816));
#2096=IFCCARTESIANPOINT((-69.405397474765778,63.300001609325413,71.761957848072058));
#2097=IFCPOLYLOOP((#2094,#2095,#2096));
#2098=IFCFACEOUTERBOUND(#2097,.T.);
#2099=IFCFACE((#2098));
#2100=IFCCARTESIANPOINT((-90.996071791648873,66.099676287174233,121.97211527824402));
#2101=IFCCARTESIANPOINT((-90.602309489250189,63.300001609325413,129.99999554157259));
#2102=IFCCARTESIANPOINT((-89.128780245780945,65.899965548515326,150.44366955757141));
#2103=IFCPOLYLOOP((#2100,#2101,#2102));
#2104=IFCFACEOUTERBOUND(#2103,.T.);
#2105=IFCFACE((#2104));
#2106=IFCPOLYLOOP((#2089,#2088,#2077));
#2107=IFCFACEOUTERBOUND(#2106,.T.);
#2108=IFCFACE((#2107));
#2109=IFCCARTESIANPOINT((-85.197524929046637,67.818453097343451,159.35110187530518));
#2110=IFCCARTESIANPOINT((-74.612033700943002,66.007994019985205,182.78104891777039));
#2111=IFCCARTESIANPOINT((-83.744461369514468,65.662352871894839,166.9757818222046));
#2112=IFCPOLYLOOP((#2109,#2110,#2111));
#2113=IFCFACEOUTERBOUND(#2112,.T.);
#2114=IFCFACE((#2113));
#2115=IFCCARTESIANPOINT((-84.34878494739533,69.650000095367432,144.87297034263611));
#2116=IFCCARTESIANPOINT((-74.175073635578158,69.650000095367432,172.82500691413881));
#2117=IFCPOLYLOOP((#2109,#2115,#2116));
#2118=IFCFACEOUTERBOUND(#2117,.T.);
#2119=IFCFACE((#2118));
#2120=IFCCARTESIANPOINT((0.,63.300001609325413,222.00000314712526));
#2121=IFCCARTESIANPOINT((0.,67.790129971504214,220.14012393951415));
#2122=IFCPOLYLOOP((#2082,#2120,#2121));
#2123=IFCFACEOUTERBOUND(#2122,.T.);
#2124=IFCFACE((#2123));
#2125=IFCCARTESIANPOINT((-39.893526971340179,65.926104032993322,47.730739367008212));
#2126=IFCCARTESIANPOINT((-31.465852797031403,63.300001609325413,43.548277544975285));
#2127=IFCCARTESIANPOINT((-45.301154744625094,63.300001609325413,51.536093938350682));
#2128=IFCPOLYLOOP((#2125,#2126,#2127));
#2129=IFCFACEOUTERBOUND(#2128,.T.);
#2130=IFCFACE((#2129));
#2131=IFCPOLYLOOP((#2078,#2121,#2076));
#2132=IFCFACEOUTERBOUND(#2131,.T.);
#2133=IFCFACE((#2132));
#2134=IFCPOLYLOOP((#2076,#2089,#2077));
#2135=IFCFACEOUTERBOUND(#2134,.T.);
#2136=IFCFACE((#2135));
#2137=IFCPOLYLOOP((#2121,#2082,#2076));
#2138=IFCFACEOUTERBOUND(#2137,.T.);
#2139=IFCFACE((#2138));
#2140=IFCCARTESIANPOINT((-69.405397474765778,63.300001609325413,188.23803777694704));
#2141=IFCCARTESIANPOINT((-54.438246917724612,65.795402526855469,203.53052730560304));
#2142=IFCCARTESIANPOINT((-59.136461234092714,63.300001609325413,200.47608075141906));
#2143=IFCPOLYLOOP((#2140,#2141,#2142));
#2144=IFCFACEOUTERBOUND(#2143,.T.);
#2145=IFCFACE((#2144));
#2146=IFCCARTESIANPOINT((-70.301200354099279,68.33735765218735,74.584373688697823));
#2147=IFCCARTESIANPOINT((-48.921087312698369,67.908695590496066,54.435262906551365));
#2148=IFCCARTESIANPOINT((-55.05476088523865,69.650000095367432,64.388293647766119));
#2149=IFCPOLYLOOP((#2146,#2147,#2148));
#2150=IFCFACEOUTERBOUND(#2149,.T.);
#2151=IFCFACE((#2150));
#2152=IFCCARTESIANPOINT((-19.691918939352036,68.884562623500827,43.541741788387299));
#2153=IFCCARTESIANPOINT((0.,69.650000095367432,44.350000047683714));
#2154=IFCCARTESIANPOINT((-29.294026333093644,69.650000095367432,49.515327930450439));
#2155=IFCPOLYLOOP((#2152,#2153,#2154));
#2156=IFCFACEOUTERBOUND(#2155,.T.);
#2157=IFCFACE((#2156));
#2158=IFCCARTESIANPOINT((-79.674333715438848,63.300001609325413,175.99999480247499));
#2159=IFCPOLYLOOP((#2140,#2110,#2158));
#2160=IFCFACEOUTERBOUND(#2159,.T.);
#2161=IFCFACE((#2160));
#2162=IFCPOLYLOOP((#2090,#2109,#2116));
#2163=IFCFACEOUTERBOUND(#2162,.T.);
#2164=IFCFACE((#2163));
#2165=IFCCARTESIANPOINT((-89.531281113624573,68.32574862241745,130.00000462532043));
#2166=IFCPOLYLOOP((#2109,#2165,#2115));
#2167=IFCFACEOUTERBOUND(#2166,.T.);
#2168=IFCFACE((#2167));
#2169=IFCPOLYLOOP((#2089,#2141,#2090));
#2170=IFCFACEOUTERBOUND(#2169,.T.);
#2171=IFCFACE((#2170));
#2172=IFCCARTESIANPOINT((-74.175073635578158,69.650000095367432,87.175002336502075));
#2173=IFCCARTESIANPOINT((-84.34878494739533,69.650000095367432,115.12702982425691));
#2174=IFCCARTESIANPOINT((-85.197524929046637,67.818453097343451,100.6489073753357));
#2175=IFCPOLYLOOP((#2172,#2173,#2174));
#2176=IFCFACEOUTERBOUND(#2175,.T.);
#2177=IFCFACE((#2176));
#2178=IFCPOLYLOOP((#2110,#2111,#2158));
#2179=IFCFACEOUTERBOUND(#2178,.T.);
#2180=IFCFACE((#2179));
#2181=IFCPOLYLOOP((#2154,#2148,#2147));
#2182=IFCFACEOUTERBOUND(#2181,.T.);
#2183=IFCFACE((#2182));
#2184=IFCCARTESIANPOINT((-90.602309489250189,63.300001609325413,114.02437183856965));
#2185=IFCPOLYLOOP((#2100,#2184,#2101));
#2186=IFCFACEOUTERBOUND(#2185,.T.);
#2187=IFCFACE((#2186));
#2188=IFCPOLYLOOP((#2146,#2172,#2174));
#2189=IFCFACEOUTERBOUND(#2188,.T.);
#2190=IFCFACE((#2189));
#2191=IFCPOLYLOOP((#2146,#2148,#2172));
#2192=IFCFACEOUTERBOUND(#2191,.T.);
#2193=IFCFACE((#2192));
#2194=IFCCARTESIANPOINT((-45.301154744625094,63.300001609325413,208.46391077041628));
#2195=IFCPOLYLOOP((#2141,#2194,#2083));
#2196=IFCFACEOUTERBOUND(#2195,.T.);
#2197=IFCFACE((#2196));
#2198=IFCCARTESIANPOINT((0.,67.790129971504214,39.859871685504913));
#2199=IFCPOLYLOOP((#2198,#2153,#2152));
#2200=IFCFACEOUTERBOUND(#2199,.T.);
#2201=IFCFACE((#2200));
#2202=IFCPOLYLOOP((#2088,#2090,#2116));
#2203=IFCFACEOUTERBOUND(#2202,.T.);
#2204=IFCFACE((#2203));
#2205=IFCCARTESIANPOINT((-88.120647740364078,65.608368158340454,105.12020058631897));
#2206=IFCPOLYLOOP((#2205,#2184,#2100));
#2207=IFCFACEOUTERBOUND(#2206,.T.);
#2208=IFCFACE((#2207));
#2209=IFCCARTESIANPOINT((-21.109564965963365,66.417598378658298,41.295185601711275));
#2210=IFCPOLYLOOP((#2198,#2152,#2209));
#2211=IFCFACEOUTERBOUND(#2210,.T.);
#2212=IFCFACE((#2211));
#2213=IFCPOLYLOOP((#2173,#2115,#2165));
#2214=IFCFACEOUTERBOUND(#2213,.T.);
#2215=IFCFACE((#2214));
#2216=IFCCARTESIANPOINT((0.,63.300001609325413,37.999999290704729));
#2217=IFCCARTESIANPOINT((-15.732926398515701,63.300001609325413,40.77413728237152));
#2218=IFCPOLYLOOP((#2209,#2216,#2217));
#2219=IFCFACEOUTERBOUND(#2218,.T.);
#2220=IFCFACE((#2219));
#2221=IFCCARTESIANPOINT((-59.136461234092714,63.300001609325413,59.523910331726078));
#2222=IFCPOLYLOOP((#2221,#2095,#2125));
#2223=IFCFACEOUTERBOUND(#2222,.T.);
#2224=IFCFACE((#2223));
#2225=IFCCARTESIANPOINT((-15.732926398515701,63.300001609325413,219.22586288452149));
#2226=IFCPOLYLOOP((#2225,#2120,#2082,#2084));
#2227=IFCFACEOUTERBOUND(#2226,.T.);
#2228=IFCFACE((#2227));
#2229=IFCPOLYLOOP((#2221,#2096,#2095));
#2230=IFCFACEOUTERBOUND(#2229,.T.);
#2231=IFCFACE((#2230));
#2232=IFCPOLYLOOP((#2209,#2152,#2125));
#2233=IFCFACEOUTERBOUND(#2232,.T.);
#2234=IFCFACE((#2233));
#2235=IFCPOLYLOOP((#2165,#2174,#2173));
#2236=IFCFACEOUTERBOUND(#2235,.T.);
#2237=IFCFACE((#2236));
#2238=IFCPOLYLOOP((#2082,#2083,#2076));
#2239=IFCFACEOUTERBOUND(#2238,.T.);
#2240=IFCFACE((#2239));
#2241=IFCPOLYLOOP((#2094,#2205,#2174));
#2242=IFCFACEOUTERBOUND(#2241,.T.);
#2243=IFCFACE((#2242));
#2244=IFCPOLYLOOP((#2141,#2083,#2089));
#2245=IFCFACEOUTERBOUND(#2244,.T.);
#2246=IFCFACE((#2245));
#2247=IFCPOLYLOOP((#2089,#2076,#2083));
#2248=IFCFACEOUTERBOUND(#2247,.T.);
#2249=IFCFACE((#2248));
#2250=IFCPOLYLOOP((#2110,#2141,#2090));
#2251=IFCFACEOUTERBOUND(#2250,.T.);
#2252=IFCFACE((#2251));
#2253=IFCPOLYLOOP((#2141,#2110,#2140));
#2254=IFCFACEOUTERBOUND(#2253,.T.);
#2255=IFCFACE((#2254));
#2256=IFCPOLYLOOP((#2090,#2110,#2109));
#2257=IFCFACEOUTERBOUND(#2256,.T.);
#2258=IFCFACE((#2257));
#2259=IFCPOLYLOOP((#2102,#2111,#2109));
#2260=IFCFACEOUTERBOUND(#2259,.T.);
#2261=IFCFACE((#2260));
#2262=IFCCARTESIANPOINT((-85.138326144218453,63.300001609325413,160.98781156539917));
#2263=IFCPOLYLOOP((#2102,#2262,#2111));
#2264=IFCFACEOUTERBOUND(#2263,.T.);
#2265=IFCFACE((#2264));
#2266=IFCPOLYLOOP((#2102,#2165,#2109));
#2267=IFCFACEOUTERBOUND(#2266,.T.);
#2268=IFCFACE((#2267));
#2269=IFCCARTESIANPOINT((-90.602309489250189,63.300001609325413,145.97562832832338));
#2270=IFCPOLYLOOP((#2102,#2101,#2269));
#2271=IFCFACEOUTERBOUND(#2270,.T.);
#2272=IFCFACE((#2271));
#2273=IFCPOLYLOOP((#2100,#2102,#2165));
#2274=IFCFACEOUTERBOUND(#2273,.T.);
#2275=IFCFACE((#2274));
#2276=IFCPOLYLOOP((#2100,#2174,#2165));
#2277=IFCFACEOUTERBOUND(#2276,.T.);
#2278=IFCFACE((#2277));
#2279=IFCPOLYLOOP((#2174,#2100,#2205));
#2280=IFCFACEOUTERBOUND(#2279,.T.);
#2281=IFCFACE((#2280));
#2282=IFCPOLYLOOP((#2262,#2102,#2269));
#2283=IFCFACEOUTERBOUND(#2282,.T.);
#2284=IFCFACE((#2283));
#2285=IFCPOLYLOOP((#2262,#2158,#2111));
#2286=IFCFACEOUTERBOUND(#2285,.T.);
#2287=IFCFACE((#2286));
#2288=IFCCARTESIANPOINT((-85.138326144218453,63.300001609325413,99.012179517745977));
#2289=IFCPOLYLOOP((#2094,#2288,#2205));
#2290=IFCFACEOUTERBOUND(#2289,.T.);
#2291=IFCFACE((#2290));
#2292=IFCPOLYLOOP((#2094,#2146,#2174));
#2293=IFCFACEOUTERBOUND(#2292,.T.);
#2294=IFCFACE((#2293));
#2295=IFCCARTESIANPOINT((-79.674333715438848,63.300001609325413,83.999996280670175));
#2296=IFCPOLYLOOP((#2094,#2096,#2295));
#2297=IFCFACEOUTERBOUND(#2296,.T.);
#2298=IFCFACE((#2297));
#2299=IFCPOLYLOOP((#2095,#2094,#2146));
#2300=IFCFACEOUTERBOUND(#2299,.T.);
#2301=IFCFACE((#2300));
#2302=IFCPOLYLOOP((#2095,#2147,#2146));
#2303=IFCFACEOUTERBOUND(#2302,.T.);
#2304=IFCFACE((#2303));
#2305=IFCPOLYLOOP((#2125,#2095,#2147));
#2306=IFCFACEOUTERBOUND(#2305,.T.);
#2307=IFCFACE((#2306));
#2308=IFCPOLYLOOP((#2288,#2094,#2295));
#2309=IFCFACEOUTERBOUND(#2308,.T.);
#2310=IFCFACE((#2309));
#2311=IFCPOLYLOOP((#2288,#2184,#2205));
#2312=IFCFACEOUTERBOUND(#2311,.T.);
#2313=IFCFACE((#2312));
#2314=IFCPOLYLOOP((#2152,#2154,#2147));
#2315=IFCFACEOUTERBOUND(#2314,.T.);
#2316=IFCFACE((#2315));
#2317=IFCPOLYLOOP((#2125,#2209,#2126));
#2318=IFCFACEOUTERBOUND(#2317,.T.);
#2319=IFCFACE((#2318));
#2320=IFCPOLYLOOP((#2125,#2127,#2221));
#2321=IFCFACEOUTERBOUND(#2320,.T.);
#2322=IFCFACE((#2321));
#2323=IFCPOLYLOOP((#2147,#2125,#2152));
#2324=IFCFACEOUTERBOUND(#2323,.T.);
#2325=IFCFACE((#2324));
#2326=IFCPOLYLOOP((#2194,#2141,#2142));
#2327=IFCFACEOUTERBOUND(#2326,.T.);
#2328=IFCFACE((#2327));
#2329=IFCPOLYLOOP((#2194,#2084,#2083));
#2330=IFCFACEOUTERBOUND(#2329,.T.);
#2331=IFCFACE((#2330));
#2332=IFCPOLYLOOP((#2216,#2209,#2198));
#2333=IFCFACEOUTERBOUND(#2332,.T.);
#2334=IFCFACE((#2333));
#2335=IFCPOLYLOOP((#2217,#2126,#2209));
#2336=IFCFACEOUTERBOUND(#2335,.T.);
#2337=IFCFACE((#2336));
#2338=IFCCARTESIANPOINT((19.691918939352036,68.884562623500827,43.541741788387299));
#2339=IFCCARTESIANPOINT((29.294026333093644,69.650000095367432,49.515327930450439));
#2340=IFCPOLYLOOP((#2338,#2339,#2153));
#2341=IFCFACEOUTERBOUND(#2340,.T.);
#2342=IFCFACE((#2341));
#2343=IFCCARTESIANPOINT((21.109564965963365,66.417598378658298,41.295185601711275));
#2344=IFCCARTESIANPOINT((39.893526971340179,65.926104032993322,47.730739367008212));
#2345=IFCCARTESIANPOINT((31.465852797031403,63.300001609325413,43.548277544975285));
#2346=IFCPOLYLOOP((#2343,#2344,#2345));
#2347=IFCFACEOUTERBOUND(#2346,.T.);
#2348=IFCFACE((#2347));
#2349=IFCCARTESIANPOINT((55.05476088523865,69.650000095367432,64.388293647766119));
#2350=IFCCARTESIANPOINT((48.921087312698369,67.908695590496066,54.435262906551365));
#2351=IFCCARTESIANPOINT((70.301200354099279,68.33735765218735,74.584373688697823));
#2352=IFCPOLYLOOP((#2349,#2350,#2351));
#2353=IFCFACEOUTERBOUND(#2352,.T.);
#2354=IFCFACE((#2353));
#2355=IFCCARTESIANPOINT((85.197524929046637,67.818453097343451,100.6489073753357));
#2356=IFCCARTESIANPOINT((74.612033700943002,66.007994019985205,77.218951249122625));
#2357=IFCCARTESIANPOINT((83.744461369514468,65.662352871894839,93.024218344688421));
#2358=IFCPOLYLOOP((#2355,#2356,#2357));
#2359=IFCFACEOUTERBOUND(#2358,.T.);
#2360=IFCFACE((#2359));
#2361=IFCCARTESIANPOINT((80.925002288818362,66.156095445156097,172.3172435760498));
#2362=IFCCARTESIANPOINT((64.053920888900763,66.282754683494574,194.99790859222412));
#2363=IFCCARTESIANPOINT((69.405397474765778,63.300001609325413,188.23803777694704));
#2364=IFCPOLYLOOP((#2361,#2362,#2363));
#2365=IFCFACEOUTERBOUND(#2364,.T.);
#2366=IFCFACE((#2365));
#2367=IFCPOLYLOOP((#2350,#2349,#2339));
#2368=IFCFACEOUTERBOUND(#2367,.T.);
#2369=IFCFACE((#2368));
#2370=IFCCARTESIANPOINT((70.301200354099279,68.33735765218735,185.41562647819521));
#2371=IFCCARTESIANPOINT((74.175073635578158,69.650000095367432,172.82500691413881));
#2372=IFCCARTESIANPOINT((85.197524929046637,67.818453097343451,159.35110187530518));
#2373=IFCPOLYLOOP((#2370,#2371,#2372));
#2374=IFCFACEOUTERBOUND(#2373,.T.);
#2375=IFCFACE((#2374));
#2376=IFCCARTESIANPOINT((84.34878494739533,69.650000095367432,115.12702982425691));
#2377=IFCCARTESIANPOINT((74.175073635578158,69.650000095367432,87.175002336502075));
#2378=IFCPOLYLOOP((#2355,#2376,#2377));
#2379=IFCFACEOUTERBOUND(#2378,.T.);
#2380=IFCFACE((#2379));
#2381=IFCPOLYLOOP((#2343,#2216,#2198));
#2382=IFCFACEOUTERBOUND(#2381,.T.);
#2383=IFCFACE((#2382));
#2384=IFCCARTESIANPOINT((39.893526971340179,65.926104032993322,212.26925625801087));
#2385=IFCCARTESIANPOINT((31.465852797031403,63.300001609325413,216.45172262191772));
#2386=IFCCARTESIANPOINT((45.301154744625094,63.300001609325413,208.46391077041628));
#2387=IFCPOLYLOOP((#2384,#2385,#2386));
#2388=IFCFACEOUTERBOUND(#2387,.T.);
#2389=IFCFACE((#2388));
#2390=IFCPOLYLOOP((#2153,#2198,#2338));
#2391=IFCFACEOUTERBOUND(#2390,.T.);
#2392=IFCFACE((#2391));
#2393=IFCPOLYLOOP((#2338,#2350,#2339));
#2394=IFCFACEOUTERBOUND(#2393,.T.);
#2395=IFCFACE((#2394));
#2396=IFCPOLYLOOP((#2198,#2343,#2338));
#2397=IFCFACEOUTERBOUND(#2396,.T.);
#2398=IFCFACE((#2397));
#2399=IFCCARTESIANPOINT((69.405397474765778,63.300001609325413,71.761957848072058));
#2400=IFCCARTESIANPOINT((54.438246917724612,65.795402526855469,56.469472861289979));
#2401=IFCCARTESIANPOINT((59.136461234092714,63.300001609325413,59.523910331726078));
#2402=IFCPOLYLOOP((#2399,#2400,#2401));
#2403=IFCFACEOUTERBOUND(#2402,.T.);
#2404=IFCFACE((#2403));
#2405=IFCPOLYLOOP((#2349,#2351,#2377));
#2406=IFCFACEOUTERBOUND(#2405,.T.);
#2407=IFCFACE((#2406));
#2408=IFCCARTESIANPOINT((90.996071791648873,66.099676287174233,138.027884888649));
#2409=IFCCARTESIANPOINT((88.120647740364078,65.608368158340454,154.87979049682619));
#2410=IFCPOLYLOOP((#2372,#2408,#2409));
#2411=IFCFACEOUTERBOUND(#2410,.T.);
#2412=IFCFACE((#2411));
#2413=IFCCARTESIANPOINT((79.674333715438848,63.300001609325413,83.999996280670175));
#2414=IFCPOLYLOOP((#2399,#2356,#2413));
#2415=IFCFACEOUTERBOUND(#2414,.T.);
#2416=IFCFACE((#2415));
#2417=IFCCARTESIANPOINT((59.136461234092714,63.300001609325413,200.47608075141906));
#2418=IFCPOLYLOOP((#2417,#2363,#2362));
#2419=IFCFACEOUTERBOUND(#2418,.T.);
#2420=IFCFACE((#2419));
#2421=IFCPOLYLOOP((#2361,#2409,#2372));
#2422=IFCFACEOUTERBOUND(#2421,.T.);
#2423=IFCFACE((#2422));
#2424=IFCPOLYLOOP((#2350,#2400,#2351));
#2425=IFCFACEOUTERBOUND(#2424,.T.);
#2426=IFCFACE((#2425));
#2427=IFCCARTESIANPOINT((84.34878494739533,69.650000095367432,144.87297034263611));
#2428=IFCPOLYLOOP((#2372,#2371,#2427));
#2429=IFCFACEOUTERBOUND(#2428,.T.);
#2430=IFCFACE((#2429));
#2431=IFCPOLYLOOP((#2356,#2357,#2413));
#2432=IFCFACEOUTERBOUND(#2431,.T.);
#2433=IFCFACE((#2432));
#2434=IFCCARTESIANPOINT((29.294026333093644,69.650000095367432,210.48468132019045));
#2435=IFCCARTESIANPOINT((55.05476088523865,69.650000095367432,195.61171560287477));
#2436=IFCCARTESIANPOINT((48.921087312698369,67.908695590496066,205.56474180221559));
#2437=IFCPOLYLOOP((#2434,#2435,#2436));
#2438=IFCFACEOUTERBOUND(#2437,.T.);
#2439=IFCFACE((#2438));
#2440=IFCCARTESIANPOINT((45.301154744625094,63.300001609325413,51.536093938350682));
#2441=IFCPOLYLOOP((#2400,#2440,#2344));
#2442=IFCFACEOUTERBOUND(#2441,.T.);
#2443=IFCFACE((#2442));
#2444=IFCCARTESIANPOINT((89.531281113624573,68.32574862241745,129.99999554157259));
#2445=IFCPOLYLOOP((#2444,#2376,#2355));
#2446=IFCFACEOUTERBOUND(#2445,.T.);
#2447=IFCFACE((#2446));
#2448=IFCPOLYLOOP((#2371,#2370,#2435));
#2449=IFCFACEOUTERBOUND(#2448,.T.);
#2450=IFCFACE((#2449));
#2451=IFCCARTESIANPOINT((90.602309489250189,63.300001609325413,129.99999554157259));
#2452=IFCCARTESIANPOINT((90.602309489250189,63.300001609325413,145.97562832832338));
#2453=IFCPOLYLOOP((#2451,#2408,#2452));
#2454=IFCFACEOUTERBOUND(#2453,.T.);
#2455=IFCFACE((#2454));
#2456=IFCCARTESIANPOINT((19.691918939352036,68.884562623500827,216.45826292037964));
#2457=IFCPOLYLOOP((#2121,#2078,#2456));
#2458=IFCFACEOUTERBOUND(#2457,.T.);
#2459=IFCFACE((#2458));
#2460=IFCPOLYLOOP((#2370,#2436,#2435));
#2461=IFCFACEOUTERBOUND(#2460,.T.);
#2462=IFCFACE((#2461));
#2463=IFCPOLYLOOP((#2409,#2452,#2408));
#2464=IFCFACEOUTERBOUND(#2463,.T.);
#2465=IFCFACE((#2464));
#2466=IFCCARTESIANPOINT((21.109564965963365,66.417598378658298,218.70481910705567));
#2467=IFCPOLYLOOP((#2121,#2456,#2466));
#2468=IFCFACEOUTERBOUND(#2467,.T.);
#2469=IFCFACE((#2468));
#2470=IFCPOLYLOOP((#2456,#2078,#2434));
#2471=IFCFACEOUTERBOUND(#2470,.T.);
#2472=IFCFACE((#2471));
#2473=IFCCARTESIANPOINT((15.732926398515701,63.300001609325413,219.22586288452149));
#2474=IFCPOLYLOOP((#2466,#2120,#2473,#2385));
#2475=IFCFACEOUTERBOUND(#2474,.T.);
#2476=IFCFACE((#2475));
#2477=IFCPOLYLOOP((#2417,#2362,#2384));
#2478=IFCFACEOUTERBOUND(#2477,.T.);
#2479=IFCFACE((#2478));
#2480=IFCCARTESIANPOINT((15.732926398515701,63.300001609325413,40.77413728237152));
#2481=IFCPOLYLOOP((#2343,#2480,#2216));
#2482=IFCFACEOUTERBOUND(#2481,.T.);
#2483=IFCFACE((#2482));
#2484=IFCPOLYLOOP((#2351,#2355,#2377));
#2485=IFCFACEOUTERBOUND(#2484,.T.);
#2486=IFCFACE((#2485));
#2487=IFCPOLYLOOP((#2466,#2456,#2384));
#2488=IFCFACEOUTERBOUND(#2487,.T.);
#2489=IFCFACE((#2488));
#2490=IFCPOLYLOOP((#2444,#2372,#2427));
#2491=IFCFACEOUTERBOUND(#2490,.T.);
#2492=IFCFACE((#2491));
#2493=IFCPOLYLOOP((#2343,#2344,#2338));
#2494=IFCFACEOUTERBOUND(#2493,.T.);
#2495=IFCFACE((#2494));
#2496=IFCPOLYLOOP((#2376,#2444,#2427));
#2497=IFCFACEOUTERBOUND(#2496,.T.);
#2498=IFCFACE((#2497));
#2499=IFCPOLYLOOP((#2400,#2344,#2350));
#2500=IFCFACEOUTERBOUND(#2499,.T.);
#2501=IFCFACE((#2500));
#2502=IFCPOLYLOOP((#2350,#2338,#2344));
#2503=IFCFACEOUTERBOUND(#2502,.T.);
#2504=IFCFACE((#2503));
#2505=IFCPOLYLOOP((#2356,#2400,#2351));
#2506=IFCFACEOUTERBOUND(#2505,.T.);
#2507=IFCFACE((#2506));
#2508=IFCPOLYLOOP((#2400,#2356,#2399));
#2509=IFCFACEOUTERBOUND(#2508,.T.);
#2510=IFCFACE((#2509));
#2511=IFCPOLYLOOP((#2351,#2356,#2355));
#2512=IFCFACEOUTERBOUND(#2511,.T.);
#2513=IFCFACE((#2512));
#2514=IFCCARTESIANPOINT((89.128780245780945,65.899965548515326,109.55633060932159));
#2515=IFCPOLYLOOP((#2514,#2357,#2355));
#2516=IFCFACEOUTERBOUND(#2515,.T.);
#2517=IFCFACE((#2516));
#2518=IFCCARTESIANPOINT((85.138326144218453,63.300001609325413,99.012179517745977));
#2519=IFCPOLYLOOP((#2514,#2518,#2357));
#2520=IFCFACEOUTERBOUND(#2519,.T.);
#2521=IFCFACE((#2520));
#2522=IFCPOLYLOOP((#2514,#2444,#2355));
#2523=IFCFACEOUTERBOUND(#2522,.T.);
#2524=IFCFACE((#2523));
#2525=IFCCARTESIANPOINT((90.602309489250189,63.300001609325413,114.02437183856965));
#2526=IFCPOLYLOOP((#2514,#2451,#2525));
#2527=IFCFACEOUTERBOUND(#2526,.T.);
#2528=IFCFACE((#2527));
#2529=IFCPOLYLOOP((#2408,#2514,#2444));
#2530=IFCFACEOUTERBOUND(#2529,.T.);
#2531=IFCFACE((#2530));
#2532=IFCPOLYLOOP((#2514,#2408,#2451));
#2533=IFCFACEOUTERBOUND(#2532,.T.);
#2534=IFCFACE((#2533));
#2535=IFCPOLYLOOP((#2444,#2408,#2372));
#2536=IFCFACEOUTERBOUND(#2535,.T.);
#2537=IFCFACE((#2536));
#2538=IFCPOLYLOOP((#2518,#2514,#2525));
#2539=IFCFACEOUTERBOUND(#2538,.T.);
#2540=IFCFACE((#2539));
#2541=IFCPOLYLOOP((#2518,#2413,#2357));
#2542=IFCFACEOUTERBOUND(#2541,.T.);
#2543=IFCFACE((#2542));
#2544=IFCCARTESIANPOINT((85.138326144218453,63.300001609325413,160.98781156539917));
#2545=IFCPOLYLOOP((#2361,#2544,#2409));
#2546=IFCFACEOUTERBOUND(#2545,.T.);
#2547=IFCFACE((#2546));
#2548=IFCPOLYLOOP((#2361,#2370,#2372));
#2549=IFCFACEOUTERBOUND(#2548,.T.);
#2550=IFCFACE((#2549));
#2551=IFCCARTESIANPOINT((79.674333715438848,63.300001609325413,175.99999480247499));
#2552=IFCPOLYLOOP((#2361,#2363,#2551));
#2553=IFCFACEOUTERBOUND(#2552,.T.);
#2554=IFCFACE((#2553));
#2555=IFCPOLYLOOP((#2362,#2361,#2370));
#2556=IFCFACEOUTERBOUND(#2555,.T.);
#2557=IFCFACE((#2556));
#2558=IFCPOLYLOOP((#2362,#2436,#2370));
#2559=IFCFACEOUTERBOUND(#2558,.T.);
#2560=IFCFACE((#2559));
#2561=IFCPOLYLOOP((#2384,#2362,#2436));
#2562=IFCFACEOUTERBOUND(#2561,.T.);
#2563=IFCFACE((#2562));
#2564=IFCPOLYLOOP((#2544,#2361,#2551));
#2565=IFCFACEOUTERBOUND(#2564,.T.);
#2566=IFCFACE((#2565));
#2567=IFCPOLYLOOP((#2544,#2452,#2409));
#2568=IFCFACEOUTERBOUND(#2567,.T.);
#2569=IFCFACE((#2568));
#2570=IFCPOLYLOOP((#2456,#2434,#2436));
#2571=IFCFACEOUTERBOUND(#2570,.T.);
#2572=IFCFACE((#2571));
#2573=IFCPOLYLOOP((#2384,#2466,#2385));
#2574=IFCFACEOUTERBOUND(#2573,.T.);
#2575=IFCFACE((#2574));
#2576=IFCPOLYLOOP((#2384,#2386,#2417));
#2577=IFCFACEOUTERBOUND(#2576,.T.);
#2578=IFCFACE((#2577));
#2579=IFCPOLYLOOP((#2436,#2384,#2456));
#2580=IFCFACEOUTERBOUND(#2579,.T.);
#2581=IFCFACE((#2580));
#2582=IFCPOLYLOOP((#2440,#2400,#2401));
#2583=IFCFACEOUTERBOUND(#2582,.T.);
#2584=IFCFACE((#2583));
#2585=IFCPOLYLOOP((#2440,#2345,#2344));
#2586=IFCFACEOUTERBOUND(#2585,.T.);
#2587=IFCFACE((#2586));
#2588=IFCPOLYLOOP((#2343,#2345,#2480));
#2589=IFCFACEOUTERBOUND(#2588,.T.);
#2590=IFCFACE((#2589));
#2591=IFCPOLYLOOP((#2120,#2466,#2121));
#2592=IFCFACEOUTERBOUND(#2591,.T.);
#2593=IFCFACE((#2592));
#2594=IFCCARTESIANPOINT((-10.951670730113984,6.3500001892447475,221.34582796096802));
#2595=IFCPOLYLOOP((#2594,#2120,#2084));
#2596=IFCFACEOUTERBOUND(#2595,.T.);
#2597=IFCFACE((#2596));
#2598=IFCCARTESIANPOINT((-5.6727182194590569,8.4465819954872128,221.82494115829468));
#2599=IFCCARTESIANPOINT((0.,9.1849345698952671,222.00000314712526));
#2600=IFCPOLYLOOP((#2598,#2599,#2120));
#2601=IFCFACEOUTERBOUND(#2600,.T.);
#2602=IFCFACE((#2601));
#2603=IFCCARTESIANPOINT((-38.107457756996155,6.3500001892447475,213.73662672042846));
#2604=IFCPOLYLOOP((#2603,#2084,#2142));
#2605=IFCFACEOUTERBOUND(#2604,.T.);
#2606=IFCFACE((#2605));
#2607=IFCCARTESIANPOINT((-91.64969286918641,6.3500001892447475,121.97915518283844));
#2608=IFCPOLYLOOP((#2607,#2269,#2184));
#2609=IFCFACEOUTERBOUND(#2608,.T.);
#2610=IFCFACE((#2609));
#2611=IFCCARTESIANPOINT((-61.682404124736792,6.3500001892447475,198.25891957283019));
#2612=IFCPOLYLOOP((#2142,#2158,#2611));
#2613=IFCFACEOUTERBOUND(#2612,.T.);
#2614=IFCFACE((#2613));
#2615=IFCCARTESIANPOINT((-89.773326659202581,6.3500001892447475,150.11838054656982));
#2616=IFCPOLYLOOP((#2615,#2158,#2269));
#2617=IFCFACEOUTERBOUND(#2616,.T.);
#2618=IFCFACE((#2617));
#2619=IFCCARTESIANPOINT((-84.914002990722665,6.3500001892447475,94.593617463111883));
#2620=IFCPOLYLOOP((#2619,#2184,#2295));
#2621=IFCFACEOUTERBOUND(#2620,.T.);
#2622=IFCFACE((#2621));
#2623=IFCPOLYLOOP((#2603,#2594,#2084));
#2624=IFCFACEOUTERBOUND(#2623,.T.);
#2625=IFCFACE((#2624));
#2626=IFCPOLYLOOP((#2142,#2611,#2603));
#2627=IFCFACEOUTERBOUND(#2626,.T.);
#2628=IFCFACE((#2627));
#2629=IFCPOLYLOOP((#2594,#2598,#2120));
#2630=IFCFACEOUTERBOUND(#2629,.T.);
#2631=IFCFACE((#2630));
#2632=IFCCARTESIANPOINT((-28.382706141471864,6.3500001892447475,43.240592837333679));
#2633=IFCCARTESIANPOINT((-33.782496911287311,6.3500001892447475,45.564210999011998));
#2634=IFCCARTESIANPOINT((-25.858882176876069,15.052252784371376,41.708900356292723));
#2635=IFCPOLYLOOP((#2632,#2633,#2634));
#2636=IFCFACEOUTERBOUND(#2635,.T.);
#2637=IFCFACE((#2636));
#2638=IFCCARTESIANPOINT((-79.46123807430267,6.3500001892447475,176.36714172363281));
#2639=IFCPOLYLOOP((#2638,#2158,#2615));
#2640=IFCFACEOUTERBOUND(#2639,.T.);
#2641=IFCFACE((#2640));
#2642=IFCCARTESIANPOINT((-24.744056510925294,10.588424143195153,41.390001761913304));
#2643=IFCCARTESIANPOINT((-22.982915371656418,6.3500001892447475,40.916974675655368));
#2644=IFCCARTESIANPOINT((-25.682811892032625,6.3500001892447475,42.078781485557556));
#2645=IFCPOLYLOOP((#2642,#2643,#2644));
#2646=IFCFACEOUTERBOUND(#2645,.T.);
#2647=IFCFACE((#2646));
#2648=IFCPOLYLOOP((#2269,#2607,#2615));
#2649=IFCFACEOUTERBOUND(#2648,.T.);
#2650=IFCFACE((#2649));
#2651=IFCPOLYLOOP((#2611,#2158,#2638));
#2652=IFCFACEOUTERBOUND(#2651,.T.);
#2653=IFCFACE((#2652));
#2654=IFCPOLYLOOP((#2184,#2619,#2607));
#2655=IFCFACEOUTERBOUND(#2654,.T.);
#2656=IFCFACE((#2655));
#2657=IFCCARTESIANPOINT((-70.199203491210938,6.3500001892447475,70.535120487213135));
#2658=IFCPOLYLOOP((#2295,#2657,#2619));
#2659=IFCFACEOUTERBOUND(#2658,.T.);
#2660=IFCFACE((#2659));
#2661=IFCCARTESIANPOINT((-48.887990677356719,6.3500001892447475,52.064354753494264));
#2662=IFCPOLYLOOP((#2661,#2221,#2126));
#2663=IFCFACEOUTERBOUND(#2662,.T.);
#2664=IFCFACE((#2663));
#2665=IFCCARTESIANPOINT((-20.395107758045196,35.13490573167801,40.289133274555205));
#2666=IFCPOLYLOOP((#2665,#2126,#2217));
#2667=IFCFACEOUTERBOUND(#2666,.T.);
#2668=IFCFACE((#2667));
#2669=IFCCARTESIANPOINT((-16.112768992781639,38.747162532806399,39.421975994110106));
#2670=IFCPOLYLOOP((#2669,#2665,#2217));
#2671=IFCFACEOUTERBOUND(#2670,.T.);
#2672=IFCFACE((#2671));
#2673=IFCCARTESIANPOINT((-23.641643786430361,30.556658202409746,41.089525008201598));
#2674=IFCPOLYLOOP((#2673,#2126,#2665));
#2675=IFCFACEOUTERBOUND(#2674,.T.);
#2676=IFCFACE((#2675));
#2677=IFCCARTESIANPOINT((0.,43.315065944194792,37.999999290704729));
#2678=IFCCARTESIANPOINT((-5.6580127671360971,42.815505230426787,38.174150633811955));
#2679=IFCPOLYLOOP((#2216,#2677,#2678));
#2680=IFCFACEOUTERBOUND(#2679,.T.);
#2681=IFCFACE((#2680));
#2682=IFCCARTESIANPOINT((-11.108051991462707,41.302943122386935,38.673052775859837));
#2683=IFCPOLYLOOP((#2682,#2217,#2678));
#2684=IFCFACEOUTERBOUND(#2683,.T.);
#2685=IFCFACE((#2684));
#2686=IFCPOLYLOOP((#2678,#2217,#2216));
#2687=IFCFACEOUTERBOUND(#2686,.T.);
#2688=IFCFACE((#2687));
#2689=IFCCARTESIANPOINT((-26.250001108646394,19.644651657342912,41.824395668506625));
#2690=IFCPOLYLOOP((#2634,#2633,#2689));
#2691=IFCFACEOUTERBOUND(#2690,.T.);
#2692=IFCFACE((#2691));
#2693=IFCPOLYLOOP((#2669,#2217,#2682));
#2694=IFCFACEOUTERBOUND(#2693,.T.);
#2695=IFCFACE((#2694));
#2696=IFCCARTESIANPOINT((-25.611633914709092,25.272001665830611,41.636861693859103));
#2697=IFCPOLYLOOP((#2633,#2696,#2689));
#2698=IFCFACEOUTERBOUND(#2697,.T.);
#2699=IFCFACE((#2698));
#2700=IFCPOLYLOOP((#2632,#2634,#2642));
#2701=IFCFACEOUTERBOUND(#2700,.T.);
#2702=IFCFACE((#2701));
#2703=IFCPOLYLOOP((#2661,#2657,#2221));
#2704=IFCFACEOUTERBOUND(#2703,.T.);
#2705=IFCFACE((#2704));
#2706=IFCPOLYLOOP((#2696,#2661,#2126));
#2707=IFCFACEOUTERBOUND(#2706,.T.);
#2708=IFCFACE((#2707));
#2709=IFCPOLYLOOP((#2696,#2633,#2661));
#2710=IFCFACEOUTERBOUND(#2709,.T.);
#2711=IFCFACE((#2710));
#2712=IFCPOLYLOOP((#2642,#2644,#2632));
#2713=IFCFACEOUTERBOUND(#2712,.T.);
#2714=IFCFACE((#2713));
#2715=IFCPOLYLOOP((#2673,#2696,#2126));
#2716=IFCFACEOUTERBOUND(#2715,.T.);
#2717=IFCFACE((#2716));
#2718=IFCPOLYLOOP((#2221,#2657,#2295));
#2719=IFCFACEOUTERBOUND(#2718,.T.);
#2720=IFCFACE((#2719));
#2721=IFCCARTESIANPOINT((5.6580127671360971,42.815505230426787,38.174150633811955));
#2722=IFCPOLYLOOP((#2677,#2216,#2721));
#2723=IFCFACEOUTERBOUND(#2722,.T.);
#2724=IFCFACE((#2723));
#2725=IFCPOLYLOOP((#2721,#2216,#2480));
#2726=IFCFACEOUTERBOUND(#2725,.T.);
#2727=IFCFACE((#2726));
#2728=IFCCARTESIANPOINT((20.395107758045196,35.13490573167801,40.289133274555205));
#2729=IFCPOLYLOOP((#2728,#2480,#2345));
#2730=IFCFACEOUTERBOUND(#2729,.T.);
#2731=IFCFACE((#2730));
#2732=IFCCARTESIANPOINT((23.641643786430361,30.556658202409746,41.089525008201598));
#2733=IFCPOLYLOOP((#2728,#2345,#2732));
#2734=IFCFACEOUTERBOUND(#2733,.T.);
#2735=IFCFACE((#2734));
#2736=IFCCARTESIANPOINT((16.112768992781639,38.747162532806399,39.421975994110106));
#2737=IFCPOLYLOOP((#2736,#2480,#2728));
#2738=IFCFACEOUTERBOUND(#2737,.T.);
#2739=IFCFACE((#2738));
#2740=IFCCARTESIANPOINT((48.887990677356719,6.3500001892447475,52.064354753494264));
#2741=IFCPOLYLOOP((#2345,#2401,#2740));
#2742=IFCFACEOUTERBOUND(#2741,.T.);
#2743=IFCFACE((#2742));
#2744=IFCCARTESIANPOINT((11.108051991462707,41.302943122386935,38.673052775859837));
#2745=IFCPOLYLOOP((#2736,#2744,#2480));
#2746=IFCFACEOUTERBOUND(#2745,.T.);
#2747=IFCFACE((#2746));
#2748=IFCCARTESIANPOINT((24.744056510925294,10.588424143195153,41.390001761913304));
#2749=IFCCARTESIANPOINT((28.382706141471864,6.3500001892447475,43.240592837333679));
#2750=IFCCARTESIANPOINT((25.682811892032625,6.3500001892447475,42.078781485557556));
#2751=IFCPOLYLOOP((#2748,#2749,#2750));
#2752=IFCFACEOUTERBOUND(#2751,.T.);
#2753=IFCFACE((#2752));
#2754=IFCCARTESIANPOINT((25.611633914709092,25.272001665830611,41.636861693859103));
#2755=IFCPOLYLOOP((#2732,#2345,#2754));
#2756=IFCFACEOUTERBOUND(#2755,.T.);
#2757=IFCFACE((#2756));
#2758=IFCCARTESIANPOINT((22.982915371656418,6.3500001892447475,40.916974675655368));
#2759=IFCPOLYLOOP((#2758,#2748,#2750));
#2760=IFCFACEOUTERBOUND(#2759,.T.);
#2761=IFCFACE((#2760));
#2762=IFCCARTESIANPOINT((33.782496911287311,6.3500001892447475,45.564210999011998));
#2763=IFCCARTESIANPOINT((25.858882176876069,15.052252784371376,41.708900356292723));
#2764=IFCPOLYLOOP((#2762,#2749,#2763));
#2765=IFCFACEOUTERBOUND(#2764,.T.);
#2766=IFCFACE((#2765));
#2767=IFCCARTESIANPOINT((26.250001108646394,19.644651657342912,41.824395668506625));
#2768=IFCPOLYLOOP((#2754,#2762,#2767));
#2769=IFCFACEOUTERBOUND(#2768,.T.);
#2770=IFCFACE((#2769));
#2771=IFCPOLYLOOP((#2721,#2480,#2744));
#2772=IFCFACEOUTERBOUND(#2771,.T.);
#2773=IFCFACE((#2772));
#2774=IFCPOLYLOOP((#2762,#2754,#2740));
#2775=IFCFACEOUTERBOUND(#2774,.T.);
#2776=IFCFACE((#2775));
#2777=IFCPOLYLOOP((#2740,#2754,#2345));
#2778=IFCFACEOUTERBOUND(#2777,.T.);
#2779=IFCFACE((#2778));
#2780=IFCPOLYLOOP((#2762,#2763,#2767));
#2781=IFCFACEOUTERBOUND(#2780,.T.);
#2782=IFCFACE((#2781));
#2783=IFCCARTESIANPOINT((70.199203491210938,6.3500001892447475,70.535120487213135));
#2784=IFCPOLYLOOP((#2401,#2783,#2740));
#2785=IFCFACEOUTERBOUND(#2784,.T.);
#2786=IFCFACE((#2785));
#2787=IFCPOLYLOOP((#2401,#2413,#2783));
#2788=IFCFACEOUTERBOUND(#2787,.T.);
#2789=IFCFACE((#2788));
#2790=IFCCARTESIANPOINT((91.64969286918641,6.3500001892447475,121.97915518283844));
#2791=IFCPOLYLOOP((#2452,#2790,#2525));
#2792=IFCFACEOUTERBOUND(#2791,.T.);
#2793=IFCFACE((#2792));
#2794=IFCCARTESIANPOINT((89.773326659202581,6.3500001892447475,150.11838054656982));
#2795=IFCPOLYLOOP((#2452,#2551,#2794));
#2796=IFCFACEOUTERBOUND(#2795,.T.);
#2797=IFCFACE((#2796));
#2798=IFCCARTESIANPOINT((84.914002990722665,6.3500001892447475,94.593617463111883));
#2799=IFCPOLYLOOP((#2413,#2525,#2798));
#2800=IFCFACEOUTERBOUND(#2799,.T.);
#2801=IFCFACE((#2800));
#2802=IFCCARTESIANPOINT((38.107457756996155,6.3500001892447475,213.73662672042846));
#2803=IFCPOLYLOOP((#2802,#2417,#2385));
#2804=IFCFACEOUTERBOUND(#2803,.T.);
#2805=IFCFACE((#2804));
#2806=IFCCARTESIANPOINT((10.951670730113984,6.3500001892447475,221.34582796096802));
#2807=IFCPOLYLOOP((#2385,#2120,#2806));
#2808=IFCFACEOUTERBOUND(#2807,.T.);
#2809=IFCFACE((#2808));
#2810=IFCCARTESIANPOINT((61.682404124736792,6.3500001892447475,198.25891957283019));
#2811=IFCPOLYLOOP((#2551,#2417,#2810));
#2812=IFCFACEOUTERBOUND(#2811,.T.);
#2813=IFCFACE((#2812));
#2814=IFCCARTESIANPOINT((5.6727182194590569,8.4465819954872128,221.82494115829468));
#2815=IFCPOLYLOOP((#2120,#2599,#2814));
#2816=IFCFACEOUTERBOUND(#2815,.T.);
#2817=IFCFACE((#2816));
#2818=IFCPOLYLOOP((#2763,#2749,#2748));
#2819=IFCFACEOUTERBOUND(#2818,.T.);
#2820=IFCFACE((#2819));
#2821=IFCPOLYLOOP((#2790,#2452,#2794));
#2822=IFCFACEOUTERBOUND(#2821,.T.);
#2823=IFCFACE((#2822));
#2824=IFCCARTESIANPOINT((79.46123807430267,6.3500001892447475,176.36714172363281));
#2825=IFCPOLYLOOP((#2551,#2824,#2794));
#2826=IFCFACEOUTERBOUND(#2825,.T.);
#2827=IFCFACE((#2826));
#2828=IFCPOLYLOOP((#2798,#2525,#2790));
#2829=IFCFACEOUTERBOUND(#2828,.T.);
#2830=IFCFACE((#2829));
#2831=IFCPOLYLOOP((#2417,#2802,#2810));
#2832=IFCFACEOUTERBOUND(#2831,.T.);
#2833=IFCFACE((#2832));
#2834=IFCPOLYLOOP((#2810,#2824,#2551));
#2835=IFCFACEOUTERBOUND(#2834,.T.);
#2836=IFCFACE((#2835));
#2837=IFCPOLYLOOP((#2802,#2385,#2806));
#2838=IFCFACEOUTERBOUND(#2837,.T.);
#2839=IFCFACE((#2838));
#2840=IFCPOLYLOOP((#2806,#2120,#2814));
#2841=IFCFACEOUTERBOUND(#2840,.T.);
#2842=IFCFACE((#2841));
#2843=IFCPOLYLOOP((#2413,#2798,#2783));
#2844=IFCFACEOUTERBOUND(#2843,.T.);
#2845=IFCFACE((#2844));
#2846=IFCCARTESIANPOINT((-47.394390892982486,1.8801828034222128,206.69850254058838));
#2847=IFCCARTESIANPOINT((-69.923884177207952,2.6206166915595532,187.9083703994751));
#2848=IFCPOLYLOOP((#2846,#2611,#2847));
#2849=IFCFACEOUTERBOUND(#2848,.T.);
#2850=IFCFACE((#2849));
#2851=IFCCARTESIANPOINT((-33.082314813137053,2.8766699440777304,214.7369472026825));
#2852=IFCCARTESIANPOINT((-23.132456570863724,6.3500001892447475,217.93270053863526));
#2853=IFCPOLYLOOP((#2851,#2852,#2603));
#2854=IFCFACEOUTERBOUND(#2853,.T.);
#2855=IFCFACE((#2854));
#2856=IFCCARTESIANPOINT((-77.091542601585388,2.6307138450443746,82.031775212287911));
#2857=IFCPOLYLOOP((#2619,#2657,#2856));
#2858=IFCFACEOUTERBOUND(#2857,.T.);
#2859=IFCFACE((#2858));
#2860=IFCCARTESIANPOINT((-13.851122429966926,4.2919065065681936,220.60459413528443));
#2861=IFCPOLYLOOP((#2852,#2851,#2860));
#2862=IFCFACEOUTERBOUND(#2861,.T.);
#2863=IFCFACE((#2862));
#2864=IFCCARTESIANPOINT((-12.4860395103693,5.4026822403073309,221.07703986167908));
#2865=IFCPOLYLOOP((#2852,#2860,#2864));
#2866=IFCFACEOUTERBOUND(#2865,.T.);
#2867=IFCFACE((#2866));
#2868=IFCCARTESIANPOINT((-55.05476088523865,-0.,64.388293647766119));
#2869=IFCCARTESIANPOINT((-33.909308302402501,0.94032154697924852,47.739623272418974));
#2870=IFCCARTESIANPOINT((-29.294026333093644,-0.,49.515327930450439));
#2871=IFCPOLYLOOP((#2868,#2869,#2870));
#2872=IFCFACEOUTERBOUND(#2871,.T.);
#2873=IFCFACE((#2872));
#2874=IFCPOLYLOOP((#2611,#2638,#2847));
#2875=IFCFACEOUTERBOUND(#2874,.T.);
#2876=IFCFACE((#2875));
#2877=IFCCARTESIANPOINT((-18.333421736955643,1.2710986319929363,42.437226176261902));
#2878=IFCCARTESIANPOINT((-16.91567806005478,0.58401334667578342,43.325171613693236));
#2879=IFCPOLYLOOP((#2877,#2878,#2869));
#2880=IFCFACEOUTERBOUND(#2879,.T.);
#2881=IFCFACE((#2880));
#2882=IFCCARTESIANPOINT((-32.693773394823076,0.98073521219193938,212.82074875831606));
#2883=IFCPOLYLOOP((#2851,#2846,#2882));
#2884=IFCFACEOUTERBOUND(#2883,.T.);
#2885=IFCFACE((#2884));
#2886=IFCCARTESIANPOINT((-15.48737679719925,0.15376906287856401,44.350000047683714));
#2887=IFCPOLYLOOP((#2886,#2869,#2878));
#2888=IFCFACEOUTERBOUND(#2887,.T.);
#2889=IFCFACE((#2888));
#2890=IFCCARTESIANPOINT((-15.714446648955345,0.74750849548727272,217.23497786521912));
#2891=IFCCARTESIANPOINT((-15.638994768261909,1.7986638307571412,218.71008768081666));
#2892=IFCPOLYLOOP((#2890,#2891,#2882));
#2893=IFCFACEOUTERBOUND(#2892,.T.);
#2894=IFCFACE((#2893));
#2895=IFCCARTESIANPOINT((-55.05476088523865,-0.,195.61171560287477));
#2896=IFCCARTESIANPOINT((-52.643398261070253,0.52252666382119062,200.732333278656));
#2897=IFCCARTESIANPOINT((-68.172169697284701,0.51982197789475326,185.90923733711244));
#2898=IFCPOLYLOOP((#2895,#2896,#2897));
#2899=IFCFACEOUTERBOUND(#2898,.T.);
#2900=IFCFACE((#2899));
#2901=IFCCARTESIANPOINT((-74.175073635578158,-0.,172.82500691413881));
#2902=IFCCARTESIANPOINT((-79.532836174964913,0.49856100473552944,167.93453507423402));
#2903=IFCCARTESIANPOINT((-79.261931562423712,-0.,158.84898862838745));
#2904=IFCPOLYLOOP((#2901,#2902,#2903));
#2905=IFCFACEOUTERBOUND(#2904,.T.);
#2906=IFCFACE((#2905));
#2907=IFCCARTESIANPOINT((-83.726711726188668,1.9426314409822227,163.61156129837036));
#2908=IFCPOLYLOOP((#2907,#2638,#2615));
#2909=IFCFACEOUTERBOUND(#2908,.T.);
#2910=IFCFACE((#2909));
#2911=IFCCARTESIANPOINT((-4.66637152209878,-0.,214.82718515396118));
#2912=IFCCARTESIANPOINT((-3.2953915469348432,0.0037790966431202836,215.64999103546143));
#2913=IFCCARTESIANPOINT((-5.41789184063673,0.0062131421596859585,215.64999103546143));
#2914=IFCPOLYLOOP((#2911,#2912,#2913));
#2915=IFCFACEOUTERBOUND(#2914,.T.);
#2916=IFCFACE((#2915));
#2917=IFCCARTESIANPOINT((-14.954453748464585,3.0518752858042717,219.84017858505248));
#2918=IFCPOLYLOOP((#2891,#2917,#2851));
#2919=IFCFACEOUTERBOUND(#2918,.T.);
#2920=IFCFACE((#2919));
#2921=IFCCARTESIANPOINT((-7.5403918504714973,0.0086471879534656178,215.64999103546143));
#2922=IFCCARTESIANPOINT((-6.2218285068869594,-0.,214.55292863845827));
#2923=IFCPOLYLOOP((#2913,#2921,#2922));
#2924=IFCFACEOUTERBOUND(#2923,.T.);
#2925=IFCFACE((#2924));
#2926=IFCCARTESIANPOINT((-3.1109142534434797,-0.,215.10145983695983));
#2927=IFCPOLYLOOP((#2912,#2911,#2926));
#2928=IFCFACEOUTERBOUND(#2927,.T.);
#2929=IFCFACE((#2928));
#2930=IFCCARTESIANPOINT((-3.1109142534434797,-0.,44.898540329933169));
#2931=IFCCARTESIANPOINT((-6.2218285068869594,-0.,45.44707607030869));
#2932=IFCCARTESIANPOINT((-5.5193385690450674,0.0068560645959223621,44.350000047683714));
#2933=IFCPOLYLOOP((#2930,#2931,#2932));
#2934=IFCFACEOUTERBOUND(#2933,.T.);
#2935=IFCFACE((#2934));
#2936=IFCCARTESIANPOINT((-67.935197424888614,0.6470298249274492,73.370471584796903));
#2937=IFCCARTESIANPOINT((-64.486965858936315,2.7371994987130166,65.975260734558105));
#2938=IFCPOLYLOOP((#2936,#2856,#2937));
#2939=IFCFACEOUTERBOUND(#2938,.T.);
#2940=IFCFACE((#2939));
#2941=IFCPOLYLOOP((#2846,#2896,#2882));
#2942=IFCFACEOUTERBOUND(#2941,.T.);
#2943=IFCFACE((#2942));
#2944=IFCPOLYLOOP((#2846,#2847,#2896));
#2945=IFCFACEOUTERBOUND(#2944,.T.);
#2946=IFCFACE((#2945));
#2947=IFCCARTESIANPOINT((-15.079768592119217,0.13815169630106539,215.64999103546143));
#2948=IFCPOLYLOOP((#2882,#2947,#2890));
#2949=IFCFACEOUTERBOUND(#2948,.T.);
#2950=IFCFACE((#2949));
#2951=IFCPOLYLOOP((#2882,#2891,#2851));
#2952=IFCFACEOUTERBOUND(#2951,.T.);
#2953=IFCFACE((#2952));
#2954=IFCCARTESIANPOINT((-3.2943738833069802,0.0040922367290477267,44.350000047683714));
#2955=IFCCARTESIANPOINT((0.,-0.,44.350000047683714));
#2956=IFCPOLYLOOP((#2930,#2932,#2954,#2955));
#2957=IFCFACEOUTERBOUND(#2956,.T.);
#2958=IFCFACE((#2957));
#2959=IFCPOLYLOOP((#2603,#2611,#2846));
#2960=IFCFACEOUTERBOUND(#2959,.T.);
#2961=IFCFACE((#2960));
#2962=IFCCARTESIANPOINT((-12.443657013773919,-0.,213.45584807395934));
#2963=IFCPOLYLOOP((#2947,#2962,#2921));
#2964=IFCFACEOUTERBOUND(#2963,.T.);
#2965=IFCFACE((#2964));
#2966=IFCCARTESIANPOINT((-29.294026333093644,-0.,210.48468132019045));
#2967=IFCPOLYLOOP((#2966,#2962,#2947));
#2968=IFCFACEOUTERBOUND(#2967,.T.);
#2969=IFCFACE((#2968));
#2970=IFCCARTESIANPOINT((-85.510369205474859,0.59443765701726081,152.14978816509247));
#2971=IFCPOLYLOOP((#2907,#2970,#2902));
#2972=IFCFACEOUTERBOUND(#2971,.T.);
#2973=IFCFACE((#2972));
#2974=IFCCARTESIANPOINT((-88.200512051582336,0.53509818054735658,130.3856006383896));
#2975=IFCCARTESIANPOINT((-84.34878494739533,-0.,144.87297034263611));
#2976=IFCPOLYLOOP((#2974,#2975,#2970));
#2977=IFCFACEOUTERBOUND(#2976,.T.);
#2978=IFCFACE((#2977));
#2979=IFCCARTESIANPOINT((-90.589937424659738,2.6307141289114955,136.12539381980898));
#2980=IFCPOLYLOOP((#2615,#2607,#2979));
#2981=IFCFACEOUTERBOUND(#2980,.T.);
#2982=IFCFACE((#2981));
#2983=IFCCARTESIANPOINT((-50.736038303375246,3.8601863443851472,53.864908003807066));
#2984=IFCPOLYLOOP((#2657,#2661,#2983));
#2985=IFCFACEOUTERBOUND(#2984,.T.);
#2986=IFCFACE((#2985));
#2987=IFCCARTESIANPOINT((-87.556110978126526,1.9935899890959263,108.03193237781525));
#2988=IFCPOLYLOOP((#2619,#2987,#2607));
#2989=IFCFACEOUTERBOUND(#2988,.T.);
#2990=IFCFACE((#2989));
#2991=IFCPOLYLOOP((#2907,#2615,#2979));
#2992=IFCFACEOUTERBOUND(#2991,.T.);
#2993=IFCFACE((#2992));
#2994=IFCCARTESIANPOINT((-36.98324857950211,2.8876641176640989,46.883616292476653));
#2995=IFCPOLYLOOP((#2661,#2994,#2983));
#2996=IFCFACEOUTERBOUND(#2995,.T.);
#2997=IFCFACE((#2996));
#2998=IFCPOLYLOOP((#2607,#2987,#2979));
#2999=IFCFACEOUTERBOUND(#2998,.T.);
#3000=IFCFACE((#2999));
#3001=IFCCARTESIANPOINT((-22.0653364777565,4.7920380771160129,40.885204267501834));
#3002=IFCPOLYLOOP((#3001,#2994,#2661));
#3003=IFCFACEOUTERBOUND(#3002,.T.);
#3004=IFCFACE((#3003));
#3005=IFCPOLYLOOP((#2987,#2619,#2856));
#3006=IFCFACEOUTERBOUND(#3005,.T.);
#3007=IFCFACE((#3006));
#3008=IFCCARTESIANPOINT((-20.954811966419221,3.392449689656496,41.168907880783081));
#3009=IFCPOLYLOOP((#2994,#3001,#3008));
#3010=IFCFACEOUTERBOUND(#3009,.T.);
#3011=IFCFACE((#3010));
#3012=IFCCARTESIANPOINT((-48.893654394149785,1.7358336757868529,54.424394202232364));
#3013=IFCPOLYLOOP((#2983,#2994,#3012));
#3014=IFCFACEOUTERBOUND(#3013,.T.);
#3015=IFCFACE((#3014));
#3016=IFCCARTESIANPOINT((-19.694993788003924,2.209943998977542,41.705098807811737));
#3017=IFCPOLYLOOP((#3016,#2869,#2994));
#3018=IFCFACEOUTERBOUND(#3017,.T.);
#3019=IFCFACE((#3018));
#3020=IFCPOLYLOOP((#2638,#2907,#2847));
#3021=IFCFACEOUTERBOUND(#3020,.T.);
#3022=IFCFACE((#3021));
#3023=IFCPOLYLOOP((#2603,#2846,#2851));
#3024=IFCFACEOUTERBOUND(#3023,.T.);
#3025=IFCFACE((#3024));
#3026=IFCPOLYLOOP((#3001,#2661,#2643));
#3027=IFCFACEOUTERBOUND(#3026,.T.);
#3028=IFCFACE((#3027));
#3029=IFCCARTESIANPOINT((-84.627901268005374,0.44159487029537559,105.95821266174316));
#3030=IFCPOLYLOOP((#3029,#2974,#2987));
#3031=IFCFACEOUTERBOUND(#3030,.T.);
#3032=IFCFACE((#3031));
#3033=IFCPOLYLOOP((#2877,#2869,#3016));
#3034=IFCFACEOUTERBOUND(#3033,.T.);
#3035=IFCFACE((#3034));
#3036=IFCPOLYLOOP((#2921,#2962,#2922));
#3037=IFCFACEOUTERBOUND(#3036,.T.);
#3038=IFCFACE((#3037));
#3039=IFCCARTESIANPOINT((-79.17212963104248,0.76412224452942612,90.073244762420657));
#3040=IFCPOLYLOOP((#3039,#3029,#2987));
#3041=IFCFACEOUTERBOUND(#3040,.T.);
#3042=IFCFACE((#3041));
#3043=IFCPOLYLOOP((#3012,#2869,#2868));
#3044=IFCFACEOUTERBOUND(#3043,.T.);
#3045=IFCFACE((#3044));
#3046=IFCPOLYLOOP((#2936,#2937,#3012));
#3047=IFCFACEOUTERBOUND(#3046,.T.);
#3048=IFCFACE((#3047));
#3049=IFCPOLYLOOP((#2851,#2917,#2860));
#3050=IFCFACEOUTERBOUND(#3049,.T.);
#3051=IFCFACE((#3050));
#3052=IFCCARTESIANPOINT((-7.7443032547831541,0.0096198930172249671,44.350000047683714));
#3053=IFCCARTESIANPOINT((-12.443657013773919,-0.,46.544152092933658));
#3054=IFCPOLYLOOP((#3052,#2932,#2931,#3053));
#3055=IFCFACEOUTERBOUND(#3054,.T.);
#3056=IFCFACE((#3055));
#3057=IFCPOLYLOOP((#2886,#2870,#2869));
#3058=IFCFACEOUTERBOUND(#3057,.T.);
#3059=IFCFACE((#3058));
#3060=IFCPOLYLOOP((#2864,#2594,#2852));
#3061=IFCFACEOUTERBOUND(#3060,.T.);
#3062=IFCFACE((#3061));
#3063=IFCCARTESIANPOINT((0.,-0.,215.64999103546143));
#3064=IFCPOLYLOOP((#2926,#3063,#2912));
#3065=IFCFACEOUTERBOUND(#3064,.T.);
#3066=IFCFACE((#3065));
#3067=IFCPOLYLOOP((#3053,#2870,#2886));
#3068=IFCFACEOUTERBOUND(#3067,.T.);
#3069=IFCFACE((#3068));
#3070=IFCPOLYLOOP((#3052,#3053,#2886));
#3071=IFCFACEOUTERBOUND(#3070,.T.);
#3072=IFCFACE((#3071));
#3073=IFCPOLYLOOP((#2913,#2922,#2911));
#3074=IFCFACEOUTERBOUND(#3073,.T.);
#3075=IFCFACE((#3074));
#3076=IFCPOLYLOOP((#3012,#2994,#2869));
#3077=IFCFACEOUTERBOUND(#3076,.T.);
#3078=IFCFACE((#3077));
#3079=IFCPOLYLOOP((#3016,#2994,#3008));
#3080=IFCFACEOUTERBOUND(#3079,.T.);
#3081=IFCFACE((#3080));
#3082=IFCPOLYLOOP((#3039,#2856,#2936));
#3083=IFCFACEOUTERBOUND(#3082,.T.);
#3084=IFCFACE((#3083));
#3085=IFCPOLYLOOP((#2975,#2903,#2970));
#3086=IFCFACEOUTERBOUND(#3085,.T.);
#3087=IFCFACE((#3086));
#3088=IFCPOLYLOOP((#2937,#2983,#3012));
#3089=IFCFACEOUTERBOUND(#3088,.T.);
#3090=IFCFACE((#3089));
#3091=IFCPOLYLOOP((#2657,#2983,#2937));
#3092=IFCFACEOUTERBOUND(#3091,.T.);
#3093=IFCFACE((#3092));
#3094=IFCPOLYLOOP((#2936,#3012,#2868));
#3095=IFCFACEOUTERBOUND(#3094,.T.);
#3096=IFCFACE((#3095));
#3097=IFCPOLYLOOP((#2657,#2937,#2856));
#3098=IFCFACEOUTERBOUND(#3097,.T.);
#3099=IFCFACE((#3098));
#3100=IFCCARTESIANPOINT((-74.175073635578158,-0.,87.175002336502075));
#3101=IFCPOLYLOOP((#2868,#3100,#2936));
#3102=IFCFACEOUTERBOUND(#3101,.T.);
#3103=IFCFACE((#3102));
#3104=IFCPOLYLOOP((#3039,#2936,#3100));
#3105=IFCFACEOUTERBOUND(#3104,.T.);
#3106=IFCFACE((#3105));
#3107=IFCCARTESIANPOINT((-42.174392473697665,-0.,203.04819846153259));
#3108=IFCPOLYLOOP((#3107,#2882,#2896));
#3109=IFCFACEOUTERBOUND(#3108,.T.);
#3110=IFCFACE((#3109));
#3111=IFCPOLYLOOP((#2947,#2882,#2966));
#3112=IFCFACEOUTERBOUND(#3111,.T.);
#3113=IFCFACE((#3112));
#3114=IFCPOLYLOOP((#3107,#2896,#2895));
#3115=IFCFACEOUTERBOUND(#3114,.T.);
#3116=IFCFACE((#3115));
#3117=IFCPOLYLOOP((#2966,#2882,#3107));
#3118=IFCFACEOUTERBOUND(#3117,.T.);
#3119=IFCFACE((#3118));
#3120=IFCPOLYLOOP((#2897,#2896,#2847));
#3121=IFCFACEOUTERBOUND(#3120,.T.);
#3122=IFCFACE((#3121));
#3123=IFCPOLYLOOP((#2907,#2897,#2847));
#3124=IFCFACEOUTERBOUND(#3123,.T.);
#3125=IFCFACE((#3124));
#3126=IFCPOLYLOOP((#2901,#2895,#2897));
#3127=IFCFACEOUTERBOUND(#3126,.T.);
#3128=IFCFACE((#3127));
#3129=IFCCARTESIANPOINT((-84.34878494739533,-0.,115.12702982425691));
#3130=IFCPOLYLOOP((#3029,#3100,#3129));
#3131=IFCFACEOUTERBOUND(#3130,.T.);
#3132=IFCFACE((#3131));
#3133=IFCPOLYLOOP((#2987,#2856,#3039));
#3134=IFCFACEOUTERBOUND(#3133,.T.);
#3135=IFCFACE((#3134));
#3136=IFCPOLYLOOP((#2902,#2897,#2907));
#3137=IFCFACEOUTERBOUND(#3136,.T.);
#3138=IFCFACE((#3137));
#3139=IFCPOLYLOOP((#2907,#2979,#2970));
#3140=IFCFACEOUTERBOUND(#3139,.T.);
#3141=IFCFACE((#3140));
#3142=IFCPOLYLOOP((#2974,#2970,#2979));
#3143=IFCFACEOUTERBOUND(#3142,.T.);
#3144=IFCFACE((#3143));
#3145=IFCPOLYLOOP((#2987,#2974,#2979));
#3146=IFCFACEOUTERBOUND(#3145,.T.);
#3147=IFCFACE((#3146));
#3148=IFCPOLYLOOP((#3129,#2975,#2974));
#3149=IFCFACEOUTERBOUND(#3148,.T.);
#3150=IFCFACE((#3149));
#3151=IFCPOLYLOOP((#2903,#2902,#2970));
#3152=IFCFACEOUTERBOUND(#3151,.T.);
#3153=IFCFACE((#3152));
#3154=IFCPOLYLOOP((#2897,#2902,#2901));
#3155=IFCFACEOUTERBOUND(#3154,.T.);
#3156=IFCFACE((#3155));
#3157=IFCPOLYLOOP((#3100,#3029,#3039));
#3158=IFCFACEOUTERBOUND(#3157,.T.);
#3159=IFCFACE((#3158));
#3160=IFCPOLYLOOP((#2974,#3029,#3129));
#3161=IFCFACEOUTERBOUND(#3160,.T.);
#3162=IFCFACE((#3161));
#3163=IFCCARTESIANPOINT((36.98324857950211,2.8876641176640989,46.883616292476653));
#3164=IFCCARTESIANPOINT((22.0653364777565,4.7920380771160129,40.885204267501834));
#3165=IFCPOLYLOOP((#3163,#3164,#2740));
#3166=IFCFACEOUTERBOUND(#3165,.T.);
#3167=IFCFACE((#3166));
#3168=IFCCARTESIANPOINT((50.736038303375246,3.8601863443851472,53.864908003807066));
#3169=IFCPOLYLOOP((#3168,#3163,#2740));
#3170=IFCFACEOUTERBOUND(#3169,.T.);
#3171=IFCFACE((#3170));
#3172=IFCCARTESIANPOINT((33.909308302402501,0.94032154697924852,47.739623272418974));
#3173=IFCCARTESIANPOINT((48.893654394149785,1.7358336757868529,54.424394202232364));
#3174=IFCPOLYLOOP((#3172,#3163,#3173));
#3175=IFCFACEOUTERBOUND(#3174,.T.);
#3176=IFCFACE((#3175));
#3177=IFCCARTESIANPOINT((15.48737679719925,0.15376906287856401,44.350000047683714));
#3178=IFCCARTESIANPOINT((29.294026333093644,-0.,49.515327930450439));
#3179=IFCPOLYLOOP((#3177,#3172,#3178));
#3180=IFCFACEOUTERBOUND(#3179,.T.);
#3181=IFCFACE((#3180));
#3182=IFCPOLYLOOP((#3164,#2758,#2740));
#3183=IFCFACEOUTERBOUND(#3182,.T.);
#3184=IFCFACE((#3183));
#3185=IFCCARTESIANPOINT((69.923884177207952,2.6206166915595532,187.9083703994751));
#3186=IFCPOLYLOOP((#2824,#2810,#3185));
#3187=IFCFACEOUTERBOUND(#3186,.T.);
#3188=IFCFACE((#3187));
#3189=IFCCARTESIANPOINT((76.52409904003143,2.0123411156237125,82.084333777427673));
#3190=IFCPOLYLOOP((#3189,#2783,#2798));
#3191=IFCFACEOUTERBOUND(#3190,.T.);
#3192=IFCFACE((#3191));
#3193=IFCPOLYLOOP((#3173,#3163,#3168));
#3194=IFCFACEOUTERBOUND(#3193,.T.);
#3195=IFCFACE((#3194));
#3196=IFCCARTESIANPOINT((19.694993788003924,2.209943998977542,41.705098807811737));
#3197=IFCPOLYLOOP((#3163,#3172,#3196));
#3198=IFCFACEOUTERBOUND(#3197,.T.);
#3199=IFCFACE((#3198));
#3200=IFCCARTESIANPOINT((55.05476088523865,-0.,64.388293647766119));
#3201=IFCPOLYLOOP((#3200,#3172,#3173));
#3202=IFCFACEOUTERBOUND(#3201,.T.);
#3203=IFCFACE((#3202));
#3204=IFCCARTESIANPOINT((64.791157865524298,2.7375529132783414,66.282763767242429));
#3205=IFCPOLYLOOP((#3168,#3204,#3173));
#3206=IFCFACEOUTERBOUND(#3205,.T.);
#3207=IFCFACE((#3206));
#3208=IFCCARTESIANPOINT((74.175073635578158,-0.,87.175002336502075));
#3209=IFCCARTESIANPOINT((65.356226027011871,0.67045709453523161,70.34235427379609));
#3210=IFCPOLYLOOP((#3208,#3200,#3209));
#3211=IFCFACEOUTERBOUND(#3210,.T.);
#3212=IFCFACE((#3211));
#3213=IFCCARTESIANPOINT((20.954811966419221,3.392449689656496,41.168907880783081));
#3214=IFCPOLYLOOP((#3164,#3163,#3213));
#3215=IFCFACEOUTERBOUND(#3214,.T.);
#3216=IFCFACE((#3215));
#3217=IFCCARTESIANPOINT((88.46880054473877,3.1960763767361642,108.00756976604463));
#3218=IFCPOLYLOOP((#3217,#2798,#2790));
#3219=IFCFACEOUTERBOUND(#3218,.T.);
#3220=IFCFACE((#3219));
#3221=IFCCARTESIANPOINT((3.2943738833069802,0.0040922367290477267,44.350000047683714));
#3222=IFCCARTESIANPOINT((5.5193385690450674,0.0068560645959223621,44.350000047683714));
#3223=IFCCARTESIANPOINT((3.1109142534434797,-0.,44.898540329933169));
#3224=IFCPOLYLOOP((#3221,#3222,#3223,#2955));
#3225=IFCFACEOUTERBOUND(#3224,.T.);
#3226=IFCFACE((#3225));
#3227=IFCCARTESIANPOINT((18.333421736955643,1.2710986319929363,42.437226176261902));
#3228=IFCPOLYLOOP((#3172,#3227,#3196));
#3229=IFCFACEOUTERBOUND(#3228,.T.);
#3230=IFCFACE((#3229));
#3231=IFCCARTESIANPOINT((6.2218285068869594,-0.,45.44707607030869));
#3232=IFCCARTESIANPOINT((7.7443032547831541,0.0096198930172249671,44.350000047683714));
#3233=IFCCARTESIANPOINT((12.443657013773919,-0.,46.544152092933658));
#3234=IFCPOLYLOOP((#3231,#3222,#3232,#3233));
#3235=IFCFACEOUTERBOUND(#3234,.T.);
#3236=IFCFACE((#3235));
#3237=IFCPOLYLOOP((#3223,#3222,#3231));
#3238=IFCFACEOUTERBOUND(#3237,.T.);
#3239=IFCFACE((#3238));
#3240=IFCCARTESIANPOINT((4.66637152209878,-0.,214.82718515396118));
#3241=IFCCARTESIANPOINT((6.2218285068869594,-0.,214.55292863845827));
#3242=IFCCARTESIANPOINT((5.41789184063673,0.0062131421596859585,215.64999103546143));
#3243=IFCPOLYLOOP((#3240,#3241,#3242));
#3244=IFCFACEOUTERBOUND(#3243,.T.);
#3245=IFCFACE((#3244));
#3246=IFCPOLYLOOP((#3172,#3200,#3178));
#3247=IFCFACEOUTERBOUND(#3246,.T.);
#3248=IFCFACE((#3247));
#3249=IFCPOLYLOOP((#3163,#3196,#3213));
#3250=IFCFACEOUTERBOUND(#3249,.T.);
#3251=IFCFACE((#3250));
#3252=IFCPOLYLOOP((#3204,#3209,#3173));
#3253=IFCFACEOUTERBOUND(#3252,.T.);
#3254=IFCFACE((#3253));
#3255=IFCCARTESIANPOINT((16.91567806005478,0.58401334667578342,43.325171613693236));
#3256=IFCPOLYLOOP((#3172,#3177,#3255));
#3257=IFCFACEOUTERBOUND(#3256,.T.);
#3258=IFCFACE((#3257));
#3259=IFCPOLYLOOP((#3255,#3227,#3172));
#3260=IFCFACEOUTERBOUND(#3259,.T.);
#3261=IFCFACE((#3260));
#3262=IFCCARTESIANPOINT((29.294026333093644,-0.,210.48468132019045));
#3263=IFCCARTESIANPOINT((42.174392473697665,-0.,203.04819846153259));
#3264=IFCCARTESIANPOINT((32.693773394823076,0.98073521219193938,212.82074875831606));
#3265=IFCPOLYLOOP((#3262,#3263,#3264));
#3266=IFCFACEOUTERBOUND(#3265,.T.);
#3267=IFCFACE((#3266));
#3268=IFCCARTESIANPOINT((47.394390892982486,1.8801828034222128,206.69850254058838));
#3269=IFCCARTESIANPOINT((33.082314813137053,2.8766699440777304,214.7369472026825));
#3270=IFCPOLYLOOP((#3268,#2802,#3269));
#3271=IFCFACEOUTERBOUND(#3270,.T.);
#3272=IFCFACE((#3271));
#3273=IFCCARTESIANPOINT((3.2953915469348432,0.0037790966431202836,215.64999103546143));
#3274=IFCCARTESIANPOINT((3.1109142534434797,-0.,215.10145983695983));
#3275=IFCPOLYLOOP((#3273,#3274,#3240));
#3276=IFCFACEOUTERBOUND(#3275,.T.);
#3277=IFCFACE((#3276));
#3278=IFCPOLYLOOP((#3178,#3233,#3177));
#3279=IFCFACEOUTERBOUND(#3278,.T.);
#3280=IFCFACE((#3279));
#3281=IFCCARTESIANPOINT((86.744332766532906,0.84739416763186459,110.91409657001496));
#3282=IFCPOLYLOOP((#3189,#3217,#3281));
#3283=IFCFACEOUTERBOUND(#3282,.T.);
#3284=IFCFACE((#3283));
#3285=IFCCARTESIANPOINT((79.261931562423712,-0.,158.84898862838745));
#3286=IFCCARTESIANPOINT((84.34878494739533,-0.,144.87297034263611));
#3287=IFCCARTESIANPOINT((85.510369205474859,0.59443765701726081,152.14978816509247));
#3288=IFCPOLYLOOP((#3285,#3286,#3287));
#3289=IFCFACEOUTERBOUND(#3288,.T.);
#3290=IFCFACE((#3289));
#3291=IFCCARTESIANPOINT((89.996359920501718,1.7205651730298996,129.99999554157259));
#3292=IFCCARTESIANPOINT((84.34878494739533,-0.,115.12702982425691));
#3293=IFCPOLYLOOP((#3291,#3286,#3292));
#3294=IFCFACEOUTERBOUND(#3293,.T.);
#3295=IFCFACE((#3294));
#3296=IFCPOLYLOOP((#3209,#3204,#3189));
#3297=IFCFACEOUTERBOUND(#3296,.T.);
#3298=IFCFACE((#3297));
#3299=IFCCARTESIANPOINT((83.726711726188668,1.9426314409822227,163.61156129837036));
#3300=IFCPOLYLOOP((#2824,#3299,#2794));
#3301=IFCFACEOUTERBOUND(#3300,.T.);
#3302=IFCFACE((#3301));
#3303=IFCPOLYLOOP((#3204,#2783,#3189));
#3304=IFCFACEOUTERBOUND(#3303,.T.);
#3305=IFCFACE((#3304));
#3306=IFCPOLYLOOP((#2824,#3185,#3299));
#3307=IFCFACEOUTERBOUND(#3306,.T.);
#3308=IFCFACE((#3307));
#3309=IFCCARTESIANPOINT((91.482261228561399,4.1430616334080694,134.72402586936951));
#3310=IFCPOLYLOOP((#3309,#3217,#2790));
#3311=IFCFACEOUTERBOUND(#3310,.T.);
#3312=IFCFACE((#3311));
#3313=IFCCARTESIANPOINT((88.824238514900216,2.167400123924017,146.95466558933259));
#3314=IFCPOLYLOOP((#3309,#3313,#3291));
#3315=IFCFACEOUTERBOUND(#3314,.T.);
#3316=IFCFACE((#3315));
#3317=IFCCARTESIANPOINT((14.954453748464585,3.0518752858042717,219.84017858505248));
#3318=IFCCARTESIANPOINT((15.638994768261909,1.7986638307571412,218.71008768081666));
#3319=IFCPOLYLOOP((#3317,#3318,#3269));
#3320=IFCFACEOUTERBOUND(#3319,.T.);
#3321=IFCFACE((#3320));
#3322=IFCCARTESIANPOINT((23.132456570863724,6.3500001892447475,217.93270053863526));
#3323=IFCPOLYLOOP((#3322,#3269,#2802));
#3324=IFCFACEOUTERBOUND(#3323,.T.);
#3325=IFCFACE((#3324));
#3326=IFCCARTESIANPOINT((12.4860395103693,5.4026822403073309,221.07703986167908));
#3327=IFCPOLYLOOP((#2806,#3326,#3322));
#3328=IFCFACEOUTERBOUND(#3327,.T.);
#3329=IFCFACE((#3328));
#3330=IFCPOLYLOOP((#2810,#2802,#3268));
#3331=IFCFACEOUTERBOUND(#3330,.T.);
#3332=IFCFACE((#3331));
#3333=IFCCARTESIANPOINT((13.851122429966926,4.2919065065681936,220.60459413528443));
#3334=IFCPOLYLOOP((#3322,#3333,#3269));
#3335=IFCFACEOUTERBOUND(#3334,.T.);
#3336=IFCFACE((#3335));
#3337=IFCPOLYLOOP((#3281,#3217,#3291));
#3338=IFCFACEOUTERBOUND(#3337,.T.);
#3339=IFCFACE((#3338));
#3340=IFCPOLYLOOP((#3269,#3333,#3317));
#3341=IFCFACEOUTERBOUND(#3340,.T.);
#3342=IFCFACE((#3341));
#3343=IFCPOLYLOOP((#2740,#2783,#3168));
#3344=IFCFACEOUTERBOUND(#3343,.T.);
#3345=IFCFACE((#3344));
#3346=IFCCARTESIANPOINT((15.714446648955345,0.74750849548727272,217.23497786521912));
#3347=IFCPOLYLOOP((#3264,#3318,#3346));
#3348=IFCFACEOUTERBOUND(#3347,.T.);
#3349=IFCFACE((#3348));
#3350=IFCCARTESIANPOINT((7.5403918504714973,0.0086471879534656178,215.64999103546143));
#3351=IFCCARTESIANPOINT((12.443657013773919,-0.,213.45584807395934));
#3352=IFCPOLYLOOP((#3350,#3241,#3351));
#3353=IFCFACEOUTERBOUND(#3352,.T.);
#3354=IFCFACE((#3353));
#3355=IFCCARTESIANPOINT((79.532836174964913,0.49856100473552944,167.93453507423402));
#3356=IFCPOLYLOOP((#3285,#3287,#3355));
#3357=IFCFACEOUTERBOUND(#3356,.T.);
#3358=IFCFACE((#3357));
#3359=IFCCARTESIANPOINT((68.172169697284701,0.51982197789475326,185.90923733711244));
#3360=IFCPOLYLOOP((#3185,#3359,#3299));
#3361=IFCFACEOUTERBOUND(#3360,.T.);
#3362=IFCFACE((#3361));
#3363=IFCCARTESIANPOINT((52.643398261070253,0.52252666382119062,200.732333278656));
#3364=IFCPOLYLOOP((#3359,#3185,#3363));
#3365=IFCFACEOUTERBOUND(#3364,.T.);
#3366=IFCFACE((#3365));
#3367=IFCPOLYLOOP((#3273,#3063,#3274));
#3368=IFCFACEOUTERBOUND(#3367,.T.);
#3369=IFCFACE((#3368));
#3370=IFCPOLYLOOP((#3241,#3350,#3242));
#3371=IFCFACEOUTERBOUND(#3370,.T.);
#3372=IFCFACE((#3371));
#3373=IFCPOLYLOOP((#3268,#3269,#3264));
#3374=IFCFACEOUTERBOUND(#3373,.T.);
#3375=IFCFACE((#3374));
#3376=IFCPOLYLOOP((#3333,#3322,#3326));
#3377=IFCFACEOUTERBOUND(#3376,.T.);
#3378=IFCFACE((#3377));
#3379=IFCCARTESIANPOINT((15.079768592119217,0.13815169630106539,215.64999103546143));
#3380=IFCPOLYLOOP((#3351,#3262,#3379));
#3381=IFCFACEOUTERBOUND(#3380,.T.);
#3382=IFCFACE((#3381));
#3383=IFCPOLYLOOP((#3350,#3351,#3379));
#3384=IFCFACEOUTERBOUND(#3383,.T.);
#3385=IFCFACE((#3384));
#3386=IFCPOLYLOOP((#3273,#3240,#3242));
#3387=IFCFACEOUTERBOUND(#3386,.T.);
#3388=IFCFACE((#3387));
#3389=IFCPOLYLOOP((#3379,#3262,#3264));
#3390=IFCFACEOUTERBOUND(#3389,.T.);
#3391=IFCFACE((#3390));
#3392=IFCPOLYLOOP((#3269,#3318,#3264));
#3393=IFCFACEOUTERBOUND(#3392,.T.);
#3394=IFCFACE((#3393));
#3395=IFCPOLYLOOP((#3177,#3233,#3232));
#3396=IFCFACEOUTERBOUND(#3395,.T.);
#3397=IFCFACE((#3396));
#3398=IFCPOLYLOOP((#3264,#3363,#3268));
#3399=IFCFACEOUTERBOUND(#3398,.T.);
#3400=IFCFACE((#3399));
#3401=IFCPOLYLOOP((#3313,#3299,#3287));
#3402=IFCFACEOUTERBOUND(#3401,.T.);
#3403=IFCFACE((#3402));
#3404=IFCPOLYLOOP((#2783,#3204,#3168));
#3405=IFCFACEOUTERBOUND(#3404,.T.);
#3406=IFCFACE((#3405));
#3407=IFCPOLYLOOP((#2810,#3268,#3185));
#3408=IFCFACEOUTERBOUND(#3407,.T.);
#3409=IFCFACE((#3408));
#3410=IFCCARTESIANPOINT((74.892303657531741,0.51002912996336824,83.519802117347723));
#3411=IFCPOLYLOOP((#3410,#3209,#3189));
#3412=IFCFACEOUTERBOUND(#3411,.T.);
#3413=IFCFACE((#3412));
#3414=IFCPOLYLOOP((#3173,#3209,#3200));
#3415=IFCFACEOUTERBOUND(#3414,.T.);
#3416=IFCFACE((#3415));
#3417=IFCPOLYLOOP((#3379,#3264,#3346));
#3418=IFCFACEOUTERBOUND(#3417,.T.);
#3419=IFCFACE((#3418));
#3420=IFCCARTESIANPOINT((55.05476088523865,-0.,195.61171560287477));
#3421=IFCPOLYLOOP((#3420,#3363,#3263));
#3422=IFCFACEOUTERBOUND(#3421,.T.);
#3423=IFCFACE((#3422));
#3424=IFCPOLYLOOP((#3263,#3363,#3264));
#3425=IFCFACEOUTERBOUND(#3424,.T.);
#3426=IFCFACE((#3425));
#3427=IFCPOLYLOOP((#3359,#3363,#3420));
#3428=IFCFACEOUTERBOUND(#3427,.T.);
#3429=IFCFACE((#3428));
#3430=IFCPOLYLOOP((#3185,#3268,#3363));
#3431=IFCFACEOUTERBOUND(#3430,.T.);
#3432=IFCFACE((#3431));
#3433=IFCCARTESIANPOINT((74.175073635578158,-0.,172.82500691413881));
#3434=IFCPOLYLOOP((#3420,#3433,#3359));
#3435=IFCFACEOUTERBOUND(#3434,.T.);
#3436=IFCFACE((#3435));
#3437=IFCPOLYLOOP((#3433,#3355,#3359));
#3438=IFCFACEOUTERBOUND(#3437,.T.);
#3439=IFCFACE((#3438));
#3440=IFCPOLYLOOP((#3281,#3291,#3292));
#3441=IFCFACEOUTERBOUND(#3440,.T.);
#3442=IFCFACE((#3441));
#3443=IFCPOLYLOOP((#3189,#2798,#3217));
#3444=IFCFACEOUTERBOUND(#3443,.T.);
#3445=IFCFACE((#3444));
#3446=IFCPOLYLOOP((#3292,#3208,#3281));
#3447=IFCFACEOUTERBOUND(#3446,.T.);
#3448=IFCFACE((#3447));
#3449=IFCPOLYLOOP((#3281,#3208,#3410));
#3450=IFCFACEOUTERBOUND(#3449,.T.);
#3451=IFCFACE((#3450));
#3452=IFCPOLYLOOP((#3281,#3410,#3189));
#3453=IFCFACEOUTERBOUND(#3452,.T.);
#3454=IFCFACE((#3453));
#3455=IFCPOLYLOOP((#3208,#3209,#3410));
#3456=IFCFACEOUTERBOUND(#3455,.T.);
#3457=IFCFACE((#3456));
#3458=IFCPOLYLOOP((#3287,#3299,#3355));
#3459=IFCFACEOUTERBOUND(#3458,.T.);
#3460=IFCFACE((#3459));
#3461=IFCPOLYLOOP((#3286,#3291,#3287));
#3462=IFCFACEOUTERBOUND(#3461,.T.);
#3463=IFCFACE((#3462));
#3464=IFCPOLYLOOP((#3313,#3287,#3291));
#3465=IFCFACEOUTERBOUND(#3464,.T.);
#3466=IFCFACE((#3465));
#3467=IFCPOLYLOOP((#3291,#3217,#3309));
#3468=IFCFACEOUTERBOUND(#3467,.T.);
#3469=IFCFACE((#3468));
#3470=IFCPOLYLOOP((#2794,#3299,#3313));
#3471=IFCFACEOUTERBOUND(#3470,.T.);
#3472=IFCFACE((#3471));
#3473=IFCPOLYLOOP((#2790,#2794,#3309));
#3474=IFCFACEOUTERBOUND(#3473,.T.);
#3475=IFCFACE((#3474));
#3476=IFCPOLYLOOP((#2794,#3313,#3309));
#3477=IFCFACEOUTERBOUND(#3476,.T.);
#3478=IFCFACE((#3477));
#3479=IFCPOLYLOOP((#3359,#3355,#3299));
#3480=IFCFACEOUTERBOUND(#3479,.T.);
#3481=IFCFACE((#3480));
#3482=IFCPOLYLOOP((#3285,#3355,#3433));
#3483=IFCFACEOUTERBOUND(#3482,.T.);
#3484=IFCFACE((#3483));
#3485=IFCCARTESIANPOINT((-4.66637152209878,-0.,45.172805929183959));
#3486=IFCCARTESIANPOINT((-3.2953915469348432,-0.0037790966431202836,44.350000047683714));
#3487=IFCPOLYLOOP((#2930,#3485,#3486));
#3488=IFCFACEOUTERBOUND(#3487,.T.);
#3489=IFCFACE((#3488));
#3490=IFCCARTESIANPOINT((-15.48737679719925,-0.15376906287856401,215.64999103546143));
#3491=IFCPOLYLOOP((#3490,#2966,#2962));
#3492=IFCFACEOUTERBOUND(#3491,.T.);
#3493=IFCFACE((#3492));
#3494=IFCCARTESIANPOINT((-33.909308302402501,-0.94032154697924852,212.26037235260011));
#3495=IFCPOLYLOOP((#3494,#2966,#3490));
#3496=IFCFACEOUTERBOUND(#3495,.T.);
#3497=IFCFACE((#3496));
#3498=IFCCARTESIANPOINT((-12.4860395103693,-5.4026822403073309,38.922951221466064));
#3499=IFCCARTESIANPOINT((-10.951670730113984,-6.3500001892447475,38.654167664051059));
#3500=IFCCARTESIANPOINT((-23.132456570863724,-6.3500001892447475,42.067295086383822));
#3501=IFCPOLYLOOP((#3498,#3499,#3500));
#3502=IFCFACEOUTERBOUND(#3501,.T.);
#3503=IFCFACE((#3502));
#3504=IFCCARTESIANPOINT((-7.7443032547831541,-0.0096198930172249671,215.64999103546143));
#3505=IFCPOLYLOOP((#3504,#3490,#2962));
#3506=IFCFACEOUTERBOUND(#3505,.T.);
#3507=IFCFACE((#3506));
#3508=IFCCARTESIANPOINT((-5.5193385690450674,-0.0068560645959223621,215.64999103546143));
#3509=IFCCARTESIANPOINT((-3.2943738833069802,-0.0040922367290477267,215.64999103546143));
#3510=IFCPOLYLOOP((#3508,#2926,#3063,#3509));
#3511=IFCFACEOUTERBOUND(#3510,.T.);
#3512=IFCFACE((#3511));
#3513=IFCCARTESIANPOINT((-48.893654394149785,-1.7358336757868529,205.57560596466064));
#3514=IFCPOLYLOOP((#2895,#3494,#3513));
#3515=IFCFACEOUTERBOUND(#3514,.T.);
#3516=IFCFACE((#3515));
#3517=IFCCARTESIANPOINT((-89.996359920501718,-1.7205651730298996,130.00000462532043));
#3518=IFCCARTESIANPOINT((-86.744332766532906,-0.84739423859864471,149.08590359687807));
#3519=IFCPOLYLOOP((#3517,#2975,#3518));
#3520=IFCFACEOUTERBOUND(#3519,.T.);
#3521=IFCFACE((#3520));
#3522=IFCCARTESIANPOINT((-64.791157865524298,-2.7375529132783414,193.7172273159027));
#3523=IFCCARTESIANPOINT((-76.52409904003143,-2.0123411156237125,177.91566638946534));
#3524=IFCCARTESIANPOINT((-65.356221485137937,-0.67045709453523161,189.65764589309694));
#3525=IFCPOLYLOOP((#3522,#3523,#3524));
#3526=IFCFACEOUTERBOUND(#3525,.T.);
#3527=IFCFACE((#3526));
#3528=IFCPOLYLOOP((#3486,#2955,#2930));
#3529=IFCFACEOUTERBOUND(#3528,.T.);
#3530=IFCFACE((#3529));
#3531=IFCCARTESIANPOINT((-74.892303657531741,-0.51002912996336824,176.48019804954529));
#3532=IFCPOLYLOOP((#3524,#3523,#3531));
#3533=IFCFACEOUTERBOUND(#3532,.T.);
#3534=IFCFACE((#3533));
#3535=IFCCARTESIANPOINT((-36.98324857950211,-2.8876641176640989,213.11638841629028));
#3536=IFCPOLYLOOP((#3513,#3494,#3535));
#3537=IFCFACEOUTERBOUND(#3536,.T.);
#3538=IFCFACE((#3537));
#3539=IFCCARTESIANPOINT((-69.923884177207952,-2.6206166915595532,72.091629767417913));
#3540=IFCCARTESIANPOINT((-61.682404124736792,-6.3500001892447475,61.741071510314946));
#3541=IFCCARTESIANPOINT((-47.394390892982486,-1.8801828034222128,53.301497626304631));
#3542=IFCPOLYLOOP((#3539,#3540,#3541));
#3543=IFCFACEOUTERBOUND(#3542,.T.);
#3544=IFCFACE((#3543));
#3545=IFCCARTESIANPOINT((-88.46880054473877,-3.1960763767361642,151.99243040084841));
#3546=IFCPOLYLOOP((#3545,#3517,#3518));
#3547=IFCFACEOUTERBOUND(#3546,.T.);
#3548=IFCFACE((#3547));
#3549=IFCCARTESIANPOINT((-19.694993788003924,-2.209943998977542,218.2949059009552));
#3550=IFCPOLYLOOP((#3494,#3549,#3535));
#3551=IFCFACEOUTERBOUND(#3550,.T.);
#3552=IFCFACE((#3551));
#3553=IFCCARTESIANPOINT((-38.107457756996155,-6.3500001892447475,46.263377988338469));
#3554=IFCPOLYLOOP((#3553,#3540,#3541));
#3555=IFCFACEOUTERBOUND(#3554,.T.);
#3556=IFCFACE((#3555));
#3557=IFCCARTESIANPOINT((-91.482261228561399,-4.1430616334080694,125.2759742975235));
#3558=IFCCARTESIANPOINT((-88.824238514900216,-2.1674002658575775,113.04533457756042));
#3559=IFCPOLYLOOP((#3557,#3558,#3517));
#3560=IFCFACEOUTERBOUND(#3559,.T.);
#3561=IFCFACE((#3560));
#3562=IFCCARTESIANPOINT((-20.954811966419221,-3.392449689656496,218.83108320236207));
#3563=IFCCARTESIANPOINT((-22.0653364777565,-4.7920380771160129,219.11478681564333));
#3564=IFCPOLYLOOP((#3535,#3562,#3563));
#3565=IFCFACEOUTERBOUND(#3564,.T.);
#3566=IFCFACE((#3565));
#3567=IFCCARTESIANPOINT((-18.333421736955643,-1.2710986319929363,217.56277399063111));
#3568=IFCPOLYLOOP((#3549,#3494,#3567));
#3569=IFCFACEOUTERBOUND(#3568,.T.);
#3570=IFCFACE((#3569));
#3571=IFCCARTESIANPOINT((-33.082314813137053,-2.8766699440777304,45.263052964210509));
#3572=IFCCARTESIANPOINT((-14.954453748464585,-3.0518752858042717,40.159812498092656));
#3573=IFCCARTESIANPOINT((-13.851122429966926,-4.2919065065681936,39.395401489734653));
#3574=IFCPOLYLOOP((#3571,#3572,#3573));
#3575=IFCFACEOUTERBOUND(#3574,.T.);
#3576=IFCFACE((#3575));
#3577=IFCPOLYLOOP((#3504,#2922,#2926,#3508));
#3578=IFCFACEOUTERBOUND(#3577,.T.);
#3579=IFCFACE((#3578));
#3580=IFCCARTESIANPOINT((-50.736038303375246,-3.8601863443851472,206.13509216308594));
#3581=IFCCARTESIANPOINT((-48.887990677356719,-6.3500001892447475,207.93563632965089));
#3582=IFCPOLYLOOP((#3535,#3580,#3581));
#3583=IFCFACEOUTERBOUND(#3582,.T.);
#3584=IFCFACE((#3583));
#3585=IFCCARTESIANPOINT((-22.982915371656418,-6.3500001892447475,219.08303003311158));
#3586=IFCPOLYLOOP((#3581,#3585,#3563));
#3587=IFCFACEOUTERBOUND(#3586,.T.);
#3588=IFCFACE((#3587));
#3589=IFCPOLYLOOP((#3549,#3562,#3535));
#3590=IFCFACEOUTERBOUND(#3589,.T.);
#3591=IFCFACE((#3590));
#3592=IFCPOLYLOOP((#3571,#3541,#3553));
#3593=IFCFACEOUTERBOUND(#3592,.T.);
#3594=IFCFACE((#3593));
#3595=IFCPOLYLOOP((#3563,#3535,#3581));
#3596=IFCFACEOUTERBOUND(#3595,.T.);
#3597=IFCFACE((#3596));
#3598=IFCCARTESIANPOINT((-5.41789184063673,-0.0062131421596859585,44.350000047683714));
#3599=IFCPOLYLOOP((#3485,#2931,#3598));
#3600=IFCFACEOUTERBOUND(#3599,.T.);
#3601=IFCFACE((#3600));
#3602=IFCCARTESIANPOINT((-84.914002990722665,-6.3500001892447475,165.40638270378113));
#3603=IFCCARTESIANPOINT((-70.199203491210938,-6.3500001892447475,189.46488876342775));
#3604=IFCPOLYLOOP((#3523,#3602,#3603));
#3605=IFCFACEOUTERBOUND(#3604,.T.);
#3606=IFCFACE((#3605));
#3607=IFCPOLYLOOP((#3545,#3557,#3517));
#3608=IFCFACEOUTERBOUND(#3607,.T.);
#3609=IFCFACE((#3608));
#3610=IFCPOLYLOOP((#3513,#3535,#3580));
#3611=IFCFACEOUTERBOUND(#3610,.T.);
#3612=IFCFACE((#3611));
#3613=IFCPOLYLOOP((#3517,#3129,#2975));
#3614=IFCFACEOUTERBOUND(#3613,.T.);
#3615=IFCFACE((#3614));
#3616=IFCPOLYLOOP((#3513,#3580,#3522));
#3617=IFCFACEOUTERBOUND(#3616,.T.);
#3618=IFCFACE((#3617));
#3619=IFCCARTESIANPOINT((-52.643402802944188,-0.52252666382119062,59.267662346363068));
#3620=IFCPOLYLOOP((#3619,#3539,#3541));
#3621=IFCFACEOUTERBOUND(#3620,.T.);
#3622=IFCFACE((#3621));
#3623=IFCPOLYLOOP((#2966,#3494,#2895));
#3624=IFCFACEOUTERBOUND(#3623,.T.);
#3625=IFCFACE((#3624));
#3626=IFCCARTESIANPOINT((-85.510369205474859,-0.59443772798404104,107.85021200180054));
#3627=IFCCARTESIANPOINT((-83.726711726188668,-1.9426314409822227,96.388438868522641));
#3628=IFCCARTESIANPOINT((-79.532836174964913,-0.49856100473552944,92.065465092658997));
#3629=IFCPOLYLOOP((#3626,#3627,#3628));
#3630=IFCFACEOUTERBOUND(#3629,.T.);
#3631=IFCFACE((#3630));
#3632=IFCCARTESIANPOINT((-7.5403918504714973,-0.0086471879534656178,44.350000047683714));
#3633=IFCCARTESIANPOINT((-15.079768592119217,-0.13815169630106539,44.350000047683714));
#3634=IFCPOLYLOOP((#3632,#3053,#3633));
#3635=IFCFACEOUTERBOUND(#3634,.T.);
#3636=IFCFACE((#3635));
#3637=IFCCARTESIANPOINT((-32.693773394823076,-0.98073521219193938,47.179255950450901));
#3638=IFCPOLYLOOP((#3541,#3637,#3619));
#3639=IFCFACEOUTERBOUND(#3638,.T.);
#3640=IFCFACE((#3639));
#3641=IFCPOLYLOOP((#3598,#3486,#3485));
#3642=IFCFACEOUTERBOUND(#3641,.T.);
#3643=IFCFACE((#3642));
#3644=IFCPOLYLOOP((#3053,#3632,#3598,#2931));
#3645=IFCFACEOUTERBOUND(#3644,.T.);
#3646=IFCFACE((#3645));
#3647=IFCCARTESIANPOINT((-15.714446648955345,-0.74750849548727272,42.76501775979996));
#3648=IFCPOLYLOOP((#3633,#3637,#3647));
#3649=IFCFACEOUTERBOUND(#3648,.T.);
#3650=IFCFACE((#3649));
#3651=IFCCARTESIANPOINT((-16.91567806005478,-0.58401334667578342,216.6748194694519));
#3652=IFCPOLYLOOP((#3494,#3651,#3567));
#3653=IFCFACEOUTERBOUND(#3652,.T.);
#3654=IFCFACE((#3653));
#3655=IFCPOLYLOOP((#3053,#2870,#3633));
#3656=IFCFACEOUTERBOUND(#3655,.T.);
#3657=IFCFACE((#3656));
#3658=IFCCARTESIANPOINT((-91.64969286918641,-6.3500001892447475,138.02084498405458));
#3659=IFCPOLYLOOP((#3658,#3602,#3545));
#3660=IFCFACEOUTERBOUND(#3659,.T.);
#3661=IFCFACE((#3660));
#3662=IFCCARTESIANPOINT((-15.638994768261909,-1.7986638307571412,41.289903402328491));
#3663=IFCPOLYLOOP((#3571,#3662,#3637));
#3664=IFCFACEOUTERBOUND(#3663,.T.);
#3665=IFCFACE((#3664));
#3666=IFCCARTESIANPOINT((-89.773326659202581,-6.3500001892447475,109.88161962032318));
#3667=IFCCARTESIANPOINT((-79.46123807430267,-6.3500001892447475,83.632849359512335));
#3668=IFCPOLYLOOP((#3666,#3627,#3667));
#3669=IFCFACEOUTERBOUND(#3668,.T.);
#3670=IFCFACE((#3669));
#3671=IFCPOLYLOOP((#3539,#3627,#3667));
#3672=IFCFACEOUTERBOUND(#3671,.T.);
#3673=IFCFACE((#3672));
#3674=IFCPOLYLOOP((#3637,#3662,#3647));
#3675=IFCFACEOUTERBOUND(#3674,.T.);
#3676=IFCFACE((#3675));
#3677=IFCPOLYLOOP((#3539,#3540,#3667));
#3678=IFCFACEOUTERBOUND(#3677,.T.);
#3679=IFCFACE((#3678));
#3680=IFCPOLYLOOP((#2962,#2922,#3504));
#3681=IFCFACEOUTERBOUND(#3680,.T.);
#3682=IFCFACE((#3681));
#3683=IFCPOLYLOOP((#3541,#3571,#3637));
#3684=IFCFACEOUTERBOUND(#3683,.T.);
#3685=IFCFACE((#3684));
#3686=IFCPOLYLOOP((#3651,#3494,#3490));
#3687=IFCFACEOUTERBOUND(#3686,.T.);
#3688=IFCFACE((#3687));
#3689=IFCCARTESIANPOINT((-79.261931562423712,-0.,101.15102062225343));
#3690=IFCPOLYLOOP((#3626,#3689,#3129));
#3691=IFCFACEOUTERBOUND(#3690,.T.);
#3692=IFCFACE((#3691));
#3693=IFCPOLYLOOP((#3603,#3580,#3522));
#3694=IFCFACEOUTERBOUND(#3693,.T.);
#3695=IFCFACE((#3694));
#3696=IFCPOLYLOOP((#3571,#3500,#3553));
#3697=IFCFACEOUTERBOUND(#3696,.T.);
#3698=IFCFACE((#3697));
#3699=IFCPOLYLOOP((#3498,#3500,#3573));
#3700=IFCFACEOUTERBOUND(#3699,.T.);
#3701=IFCFACE((#3700));
#3702=IFCPOLYLOOP((#3689,#3628,#3100));
#3703=IFCFACEOUTERBOUND(#3702,.T.);
#3704=IFCFACE((#3703));
#3705=IFCPOLYLOOP((#3500,#3571,#3573));
#3706=IFCFACEOUTERBOUND(#3705,.T.);
#3707=IFCFACE((#3706));
#3708=IFCPOLYLOOP((#3662,#3571,#3572));
#3709=IFCFACEOUTERBOUND(#3708,.T.);
#3710=IFCFACE((#3709));
#3711=IFCCARTESIANPOINT((-68.172169697284701,-0.51982197789475326,74.090758287906652));
#3712=IFCPOLYLOOP((#3711,#3619,#2868));
#3713=IFCFACEOUTERBOUND(#3712,.T.);
#3714=IFCFACE((#3713));
#3715=IFCPOLYLOOP((#2895,#3513,#3524));
#3716=IFCFACEOUTERBOUND(#3715,.T.);
#3717=IFCFACE((#3716));
#3718=IFCPOLYLOOP((#3517,#3558,#3626));
#3719=IFCFACEOUTERBOUND(#3718,.T.);
#3720=IFCFACE((#3719));
#3721=IFCPOLYLOOP((#3523,#3522,#3603));
#3722=IFCFACEOUTERBOUND(#3721,.T.);
#3723=IFCFACE((#3722));
#3724=IFCPOLYLOOP((#3603,#3581,#3580));
#3725=IFCFACEOUTERBOUND(#3724,.T.);
#3726=IFCFACE((#3725));
#3727=IFCPOLYLOOP((#3522,#3524,#3513));
#3728=IFCFACEOUTERBOUND(#3727,.T.);
#3729=IFCFACE((#3728));
#3730=IFCPOLYLOOP((#2895,#3524,#2901));
#3731=IFCFACEOUTERBOUND(#3730,.T.);
#3732=IFCFACE((#3731));
#3733=IFCCARTESIANPOINT((-42.174392473697665,-0.,56.951810789108279));
#3734=IFCPOLYLOOP((#3619,#3637,#3733));
#3735=IFCFACEOUTERBOUND(#3734,.T.);
#3736=IFCFACE((#3735));
#3737=IFCPOLYLOOP((#2870,#3637,#3633));
#3738=IFCFACEOUTERBOUND(#3737,.T.);
#3739=IFCFACE((#3738));
#3740=IFCPOLYLOOP((#2868,#3619,#3733));
#3741=IFCFACEOUTERBOUND(#3740,.T.);
#3742=IFCFACE((#3741));
#3743=IFCPOLYLOOP((#3733,#3637,#2870));
#3744=IFCFACEOUTERBOUND(#3743,.T.);
#3745=IFCFACE((#3744));
#3746=IFCPOLYLOOP((#3539,#3619,#3711));
#3747=IFCFACEOUTERBOUND(#3746,.T.);
#3748=IFCFACE((#3747));
#3749=IFCPOLYLOOP((#3539,#3711,#3627));
#3750=IFCFACEOUTERBOUND(#3749,.T.);
#3751=IFCFACE((#3750));
#3752=IFCPOLYLOOP((#3711,#2868,#3100));
#3753=IFCFACEOUTERBOUND(#3752,.T.);
#3754=IFCFACE((#3753));
#3755=IFCPOLYLOOP((#3545,#3523,#3602));
#3756=IFCFACEOUTERBOUND(#3755,.T.);
#3757=IFCFACE((#3756));
#3758=IFCPOLYLOOP((#3523,#3518,#3531));
#3759=IFCFACEOUTERBOUND(#3758,.T.);
#3760=IFCFACE((#3759));
#3761=IFCPOLYLOOP((#3545,#3518,#3523));
#3762=IFCFACEOUTERBOUND(#3761,.T.);
#3763=IFCFACE((#3762));
#3764=IFCPOLYLOOP((#3518,#2975,#2901));
#3765=IFCFACEOUTERBOUND(#3764,.T.);
#3766=IFCFACE((#3765));
#3767=IFCPOLYLOOP((#3531,#2901,#3524));
#3768=IFCFACEOUTERBOUND(#3767,.T.);
#3769=IFCFACE((#3768));
#3770=IFCPOLYLOOP((#2901,#3531,#3518));
#3771=IFCFACEOUTERBOUND(#3770,.T.);
#3772=IFCFACE((#3771));
#3773=IFCPOLYLOOP((#3627,#3711,#3628));
#3774=IFCFACEOUTERBOUND(#3773,.T.);
#3775=IFCFACE((#3774));
#3776=IFCPOLYLOOP((#3627,#3626,#3558));
#3777=IFCFACEOUTERBOUND(#3776,.T.);
#3778=IFCFACE((#3777));
#3779=IFCPOLYLOOP((#3626,#3129,#3517));
#3780=IFCFACEOUTERBOUND(#3779,.T.);
#3781=IFCFACE((#3780));
#3782=IFCPOLYLOOP((#3558,#3666,#3627));
#3783=IFCFACEOUTERBOUND(#3782,.T.);
#3784=IFCFACE((#3783));
#3785=IFCPOLYLOOP((#3545,#3658,#3557));
#3786=IFCFACEOUTERBOUND(#3785,.T.);
#3787=IFCFACE((#3786));
#3788=IFCPOLYLOOP((#3558,#3666,#3557));
#3789=IFCFACEOUTERBOUND(#3788,.T.);
#3790=IFCFACE((#3789));
#3791=IFCPOLYLOOP((#3666,#3658,#3557));
#3792=IFCFACEOUTERBOUND(#3791,.T.);
#3793=IFCFACE((#3792));
#3794=IFCPOLYLOOP((#3626,#3628,#3689));
#3795=IFCFACEOUTERBOUND(#3794,.T.);
#3796=IFCFACE((#3795));
#3797=IFCPOLYLOOP((#3100,#3628,#3711));
#3798=IFCFACEOUTERBOUND(#3797,.T.);
#3799=IFCFACE((#3798));
#3800=IFCCARTESIANPOINT((3.2943738833069802,-0.0040922367290477267,215.64999103546143));
#3801=IFCCARTESIANPOINT((5.5193385690450674,-0.0068560645959223621,215.64999103546143));
#3802=IFCPOLYLOOP((#3800,#3274,#3241,#3801));
#3803=IFCFACEOUTERBOUND(#3802,.T.);
#3804=IFCFACE((#3803));
#3805=IFCCARTESIANPOINT((15.079768592119217,-0.13815169630106539,44.350000047683714));
#3806=IFCPOLYLOOP((#3805,#3178,#3233));
#3807=IFCFACEOUTERBOUND(#3806,.T.);
#3808=IFCFACE((#3807));
#3809=IFCCARTESIANPOINT((32.693773394823076,-0.98073521219193938,47.179255950450901));
#3810=IFCPOLYLOOP((#3809,#3178,#3805));
#3811=IFCFACEOUTERBOUND(#3810,.T.);
#3812=IFCFACE((#3811));
#3813=IFCCARTESIANPOINT((13.851122429966926,-4.2919065065681936,39.395401489734653));
#3814=IFCCARTESIANPOINT((23.132456570863724,-6.3500001892447475,42.067295086383822));
#3815=IFCCARTESIANPOINT((12.4860395103693,-5.4026822403073309,38.922951221466064));
#3816=IFCPOLYLOOP((#3813,#3814,#3815));
#3817=IFCFACEOUTERBOUND(#3816,.T.);
#3818=IFCFACE((#3817));
#3819=IFCCARTESIANPOINT((7.5403918504714973,-0.0086471879534656178,44.350000047683714));
#3820=IFCPOLYLOOP((#3819,#3805,#3233));
#3821=IFCFACEOUTERBOUND(#3820,.T.);
#3822=IFCFACE((#3821));
#3823=IFCCARTESIANPOINT((3.2953915469348432,-0.0037790966431202836,44.350000047683714));
#3824=IFCPOLYLOOP((#3223,#2955,#3823));
#3825=IFCFACEOUTERBOUND(#3824,.T.);
#3826=IFCFACE((#3825));
#3827=IFCCARTESIANPOINT((68.172169697284701,-0.51982197789475326,74.090758287906652));
#3828=IFCCARTESIANPOINT((69.923884177207952,-2.6206166915595532,72.091629767417913));
#3829=IFCCARTESIANPOINT((83.726711726188668,-1.9426314409822227,96.388438868522641));
#3830=IFCPOLYLOOP((#3827,#3828,#3829));
#3831=IFCFACEOUTERBOUND(#3830,.T.);
#3832=IFCFACE((#3831));
#3833=IFCCARTESIANPOINT((50.736033761501311,-3.8601863443851472,206.13509216308594));
#3834=IFCCARTESIANPOINT((36.98324857950211,-2.8876641176640989,213.11638841629028));
#3835=IFCCARTESIANPOINT((48.887990677356719,-6.3500001892447475,207.93563632965089));
#3836=IFCPOLYLOOP((#3833,#3834,#3835));
#3837=IFCFACEOUTERBOUND(#3836,.T.);
#3838=IFCFACE((#3837));
#3839=IFCCARTESIANPOINT((52.643402802944188,-0.52252666382119062,59.267662346363068));
#3840=IFCPOLYLOOP((#3827,#3839,#3828));
#3841=IFCFACEOUTERBOUND(#3840,.T.);
#3842=IFCFACE((#3841));
#3843=IFCCARTESIANPOINT((33.909308302402501,-0.94032154697924852,212.26037235260011));
#3844=IFCPOLYLOOP((#3262,#3420,#3843));
#3845=IFCFACEOUTERBOUND(#3844,.T.);
#3846=IFCFACE((#3845));
#3847=IFCCARTESIANPOINT((85.510369205474859,-0.59443769250065093,107.85021200180054));
#3848=IFCCARTESIANPOINT((79.261931562423712,-0.,101.15102062225343));
#3849=IFCPOLYLOOP((#3847,#3292,#3848));
#3850=IFCFACEOUTERBOUND(#3849,.T.);
#3851=IFCFACE((#3850));
#3852=IFCCARTESIANPOINT((47.394390892982486,-1.8801828034222128,53.301497626304631));
#3853=IFCCARTESIANPOINT((33.082314813137053,-2.8766699440777304,45.263052964210509));
#3854=IFCPOLYLOOP((#3852,#3809,#3853));
#3855=IFCFACEOUTERBOUND(#3854,.T.);
#3856=IFCFACE((#3855));
#3857=IFCCARTESIANPOINT((79.532836174964913,-0.49856100473552944,92.065465092658997));
#3858=IFCPOLYLOOP((#3857,#3847,#3848));
#3859=IFCFACEOUTERBOUND(#3858,.T.);
#3860=IFCFACE((#3859));
#3861=IFCCARTESIANPOINT((90.589937424659738,-2.6307138450443746,123.87460634708405));
#3862=IFCCARTESIANPOINT((88.200512051582336,-0.53509818054735658,129.61439044475557));
#3863=IFCPOLYLOOP((#3847,#3861,#3862));
#3864=IFCFACEOUTERBOUND(#3863,.T.);
#3865=IFCFACE((#3864));
#3866=IFCPOLYLOOP((#3814,#3813,#3853));
#3867=IFCFACEOUTERBOUND(#3866,.T.);
#3868=IFCFACE((#3867));
#3869=IFCCARTESIANPOINT((89.773326659202581,-6.3500001892447475,109.88161962032318));
#3870=IFCCARTESIANPOINT((91.64969286918641,-6.3500001892447475,138.02084498405458));
#3871=IFCPOLYLOOP((#3869,#3861,#3870));
#3872=IFCFACEOUTERBOUND(#3871,.T.);
#3873=IFCFACE((#3872));
#3874=IFCCARTESIANPOINT((10.951670730113984,-6.3500001892447475,38.654167664051059));
#3875=IFCPOLYLOOP((#3874,#3815,#3814));
#3876=IFCFACEOUTERBOUND(#3875,.T.);
#3877=IFCFACE((#3876));
#3878=IFCCARTESIANPOINT((61.682404124736792,-6.3500001892447475,61.741071510314946));
#3879=IFCPOLYLOOP((#3828,#3852,#3878));
#3880=IFCFACEOUTERBOUND(#3879,.T.);
#3881=IFCFACE((#3880));
#3882=IFCCARTESIANPOINT((14.954453748464585,-3.0518752858042717,40.159812498092656));
#3883=IFCPOLYLOOP((#3813,#3882,#3853));
#3884=IFCFACEOUTERBOUND(#3883,.T.);
#3885=IFCFACE((#3884));
#3886=IFCCARTESIANPOINT((38.107457756996155,-6.3500001892447475,46.263377988338469));
#3887=IFCPOLYLOOP((#3853,#3886,#3852));
#3888=IFCFACEOUTERBOUND(#3887,.T.);
#3889=IFCFACE((#3888));
#3890=IFCCARTESIANPOINT((79.46123807430267,-6.3500001892447475,83.632849359512335));
#3891=IFCPOLYLOOP((#3828,#3890,#3829));
#3892=IFCFACEOUTERBOUND(#3891,.T.);
#3893=IFCFACE((#3892));
#3894=IFCPOLYLOOP((#3890,#3829,#3869));
#3895=IFCFACEOUTERBOUND(#3894,.T.);
#3896=IFCFACE((#3895));
#3897=IFCCARTESIANPOINT((15.638994768261909,-1.7986638307571412,41.289903402328491));
#3898=IFCPOLYLOOP((#3897,#3853,#3809));
#3899=IFCFACEOUTERBOUND(#3898,.T.);
#3900=IFCFACE((#3899));
#3901=IFCPOLYLOOP((#3882,#3853,#3897));
#3902=IFCFACEOUTERBOUND(#3901,.T.);
#3903=IFCFACE((#3902));
#3904=IFCPOLYLOOP((#3814,#3853,#3886));
#3905=IFCFACEOUTERBOUND(#3904,.T.);
#3906=IFCFACE((#3905));
#3907=IFCCARTESIANPOINT((79.172120547294625,-0.76412224452942612,169.9267463207245));
#3908=IFCCARTESIANPOINT((84.627901268005374,-0.4415949057787657,154.04179658889771));
#3909=IFCPOLYLOOP((#3907,#3433,#3908));
#3910=IFCFACEOUTERBOUND(#3909,.T.);
#3911=IFCFACE((#3910));
#3912=IFCCARTESIANPOINT((5.41789184063673,-0.0062131421596859585,44.350000047683714));
#3913=IFCCARTESIANPOINT((4.66637152209878,-0.,45.172805929183959));
#3914=IFCPOLYLOOP((#3912,#3913,#3823));
#3915=IFCFACEOUTERBOUND(#3914,.T.);
#3916=IFCFACE((#3915));
#3917=IFCCARTESIANPOINT((15.714446648955345,-0.74750849548727272,42.76501775979996));
#3918=IFCPOLYLOOP((#3897,#3809,#3917));
#3919=IFCFACEOUTERBOUND(#3918,.T.);
#3920=IFCFACE((#3919));
#3921=IFCCARTESIANPOINT((42.174392473697665,-0.,56.951810789108279));
#3922=IFCPOLYLOOP((#3809,#3921,#3178));
#3923=IFCFACEOUTERBOUND(#3922,.T.);
#3924=IFCFACE((#3923));
#3925=IFCPOLYLOOP((#3852,#3839,#3809));
#3926=IFCFACEOUTERBOUND(#3925,.T.);
#3927=IFCFACE((#3926));
#3928=IFCCARTESIANPOINT((87.556110978126526,-1.9935901310294868,151.96806778907776));
#3929=IFCPOLYLOOP((#3870,#3928,#3861));
#3930=IFCFACEOUTERBOUND(#3929,.T.);
#3931=IFCFACE((#3930));
#3932=IFCCARTESIANPOINT((67.935192883014679,-0.6470298249274492,186.62952404022218));
#3933=IFCPOLYLOOP((#3907,#3932,#3433));
#3934=IFCFACEOUTERBOUND(#3933,.T.);
#3935=IFCFACE((#3934));
#3936=IFCCARTESIANPOINT((48.893654394149785,-1.7358336757868529,205.57560596466064));
#3937=IFCCARTESIANPOINT((64.486965858936315,-2.7371994987130166,194.02474851608278));
#3938=IFCPOLYLOOP((#3936,#3932,#3937));
#3939=IFCFACEOUTERBOUND(#3938,.T.);
#3940=IFCFACE((#3939));
#3941=IFCCARTESIANPOINT((70.199203491210938,-6.3500001892447475,189.46488876342775));
#3942=IFCCARTESIANPOINT((84.914002990722665,-6.3500001892447475,165.40638270378113));
#3943=IFCCARTESIANPOINT((77.091542601585388,-2.6307138450443746,177.96822495460512));
#3944=IFCPOLYLOOP((#3941,#3942,#3943));
#3945=IFCFACEOUTERBOUND(#3944,.T.);
#3946=IFCFACE((#3945));
#3947=IFCCARTESIANPOINT((7.7443032547831541,-0.0096198930172249671,215.64999103546143));
#3948=IFCCARTESIANPOINT((15.48737679719925,-0.15376906287856401,215.64999103546143));
#3949=IFCPOLYLOOP((#3947,#3351,#3948));
#3950=IFCFACEOUTERBOUND(#3949,.T.);
#3951=IFCFACE((#3950));
#3952=IFCCARTESIANPOINT((18.333421736955643,-1.2710986319929363,217.56277399063111));
#3953=IFCCARTESIANPOINT((16.91567806005478,-0.58401334667578342,216.6748194694519));
#3954=IFCPOLYLOOP((#3843,#3952,#3953));
#3955=IFCFACEOUTERBOUND(#3954,.T.);
#3956=IFCFACE((#3955));
#3957=IFCPOLYLOOP((#3800,#3063,#3274));
#3958=IFCFACEOUTERBOUND(#3957,.T.);
#3959=IFCFACE((#3958));
#3960=IFCPOLYLOOP((#3233,#3231,#3912,#3819));
#3961=IFCFACEOUTERBOUND(#3960,.T.);
#3962=IFCFACE((#3961));
#3963=IFCPOLYLOOP((#3241,#3947,#3801));
#3964=IFCFACEOUTERBOUND(#3963,.T.);
#3965=IFCFACE((#3964));
#3966=IFCPOLYLOOP((#3948,#3843,#3953));
#3967=IFCFACEOUTERBOUND(#3966,.T.);
#3968=IFCFACE((#3967));
#3969=IFCPOLYLOOP((#3241,#3351,#3947));
#3970=IFCFACEOUTERBOUND(#3969,.T.);
#3971=IFCFACE((#3970));
#3972=IFCPOLYLOOP((#3833,#3834,#3936));
#3973=IFCFACEOUTERBOUND(#3972,.T.);
#3974=IFCFACE((#3973));
#3975=IFCPOLYLOOP((#3351,#3262,#3948));
#3976=IFCFACEOUTERBOUND(#3975,.T.);
#3977=IFCFACE((#3976));
#3978=IFCPOLYLOOP((#3262,#3843,#3948));
#3979=IFCFACEOUTERBOUND(#3978,.T.);
#3980=IFCFACE((#3979));
#3981=IFCCARTESIANPOINT((19.694993788003924,-2.209943998977542,218.2949059009552));
#3982=IFCPOLYLOOP((#3952,#3843,#3981));
#3983=IFCFACEOUTERBOUND(#3982,.T.);
#3984=IFCFACE((#3983));
#3985=IFCPOLYLOOP((#3870,#3928,#3942));
#3986=IFCFACEOUTERBOUND(#3985,.T.);
#3987=IFCFACE((#3986));
#3988=IFCPOLYLOOP((#3913,#3223,#3823));
#3989=IFCFACEOUTERBOUND(#3988,.T.);
#3990=IFCFACE((#3989));
#3991=IFCPOLYLOOP((#3833,#3936,#3937));
#3992=IFCFACEOUTERBOUND(#3991,.T.);
#3993=IFCFACE((#3992));
#3994=IFCPOLYLOOP((#3943,#3928,#3942));
#3995=IFCFACEOUTERBOUND(#3994,.T.);
#3996=IFCFACE((#3995));
#3997=IFCPOLYLOOP((#3878,#3886,#3852));
#3998=IFCFACEOUTERBOUND(#3997,.T.);
#3999=IFCFACE((#3998));
#4000=IFCPOLYLOOP((#3843,#3936,#3834));
#4001=IFCFACEOUTERBOUND(#4000,.T.);
#4002=IFCFACE((#4001));
#4003=IFCPOLYLOOP((#3936,#3843,#3420));
#4004=IFCFACEOUTERBOUND(#4003,.T.);
#4005=IFCFACE((#4004));
#4006=IFCCARTESIANPOINT((22.0653364777565,-4.7920380771160129,219.11478681564333));
#4007=IFCCARTESIANPOINT((22.982915371656418,-6.3500001892447475,219.08303003311158));
#4008=IFCPOLYLOOP((#4006,#4007,#3835));
#4009=IFCFACEOUTERBOUND(#4008,.T.);
#4010=IFCFACE((#4009));
#4011=IFCPOLYLOOP((#3834,#4006,#3835));
#4012=IFCFACEOUTERBOUND(#4011,.T.);
#4013=IFCFACE((#4012));
#4014=IFCCARTESIANPOINT((20.954811966419221,-3.392449689656496,218.83108320236207));
#4015=IFCPOLYLOOP((#4014,#3834,#4006));
#4016=IFCFACEOUTERBOUND(#4015,.T.);
#4017=IFCFACE((#4016));
#4018=IFCPOLYLOOP((#3861,#3829,#3869));
#4019=IFCFACEOUTERBOUND(#4018,.T.);
#4020=IFCFACE((#4019));
#4021=IFCPOLYLOOP((#3890,#3878,#3828));
#4022=IFCFACEOUTERBOUND(#4021,.T.);
#4023=IFCFACE((#4022));
#4024=IFCPOLYLOOP((#3843,#3834,#3981));
#4025=IFCFACEOUTERBOUND(#4024,.T.);
#4026=IFCFACE((#4025));
#4027=IFCPOLYLOOP((#3981,#3834,#4014));
#4028=IFCFACEOUTERBOUND(#4027,.T.);
#4029=IFCFACE((#4028));
#4030=IFCPOLYLOOP((#3912,#3231,#3913));
#4031=IFCFACEOUTERBOUND(#4030,.T.);
#4032=IFCFACE((#4031));
#4033=IFCPOLYLOOP((#3835,#3941,#3833));
#4034=IFCFACEOUTERBOUND(#4033,.T.);
#4035=IFCFACE((#4034));
#4036=IFCPOLYLOOP((#3861,#3928,#3862));
#4037=IFCFACEOUTERBOUND(#4036,.T.);
#4038=IFCFACE((#4037));
#4039=IFCPOLYLOOP((#3943,#3941,#3937));
#4040=IFCFACEOUTERBOUND(#4039,.T.);
#4041=IFCFACE((#4040));
#4042=IFCPOLYLOOP((#3932,#3936,#3420));
#4043=IFCFACEOUTERBOUND(#4042,.T.);
#4044=IFCFACE((#4043));
#4045=IFCPOLYLOOP((#3941,#3937,#3833));
#4046=IFCFACEOUTERBOUND(#4045,.T.);
#4047=IFCFACE((#4046));
#4048=IFCPOLYLOOP((#3932,#3943,#3937));
#4049=IFCFACEOUTERBOUND(#4048,.T.);
#4050=IFCFACE((#4049));
#4051=IFCPOLYLOOP((#3943,#3932,#3907));
#4052=IFCFACEOUTERBOUND(#4051,.T.);
#4053=IFCFACE((#4052));
#4054=IFCPOLYLOOP((#3932,#3420,#3433));
#4055=IFCFACEOUTERBOUND(#4054,.T.);
#4056=IFCFACE((#4055));
#4057=IFCPOLYLOOP((#3917,#3809,#3805));
#4058=IFCFACEOUTERBOUND(#4057,.T.);
#4059=IFCFACE((#4058));
#4060=IFCPOLYLOOP((#3921,#3839,#3200));
#4061=IFCFACEOUTERBOUND(#4060,.T.);
#4062=IFCFACE((#4061));
#4063=IFCPOLYLOOP((#3809,#3839,#3921));
#4064=IFCFACEOUTERBOUND(#4063,.T.);
#4065=IFCFACE((#4064));
#4066=IFCPOLYLOOP((#3200,#3839,#3827));
#4067=IFCFACEOUTERBOUND(#4066,.T.);
#4068=IFCFACE((#4067));
#4069=IFCPOLYLOOP((#3839,#3852,#3828));
#4070=IFCFACEOUTERBOUND(#4069,.T.);
#4071=IFCFACE((#4070));
#4072=IFCPOLYLOOP((#3827,#3208,#3200));
#4073=IFCFACEOUTERBOUND(#4072,.T.);
#4074=IFCFACE((#4073));
#4075=IFCPOLYLOOP((#3827,#3857,#3208));
#4076=IFCFACEOUTERBOUND(#4075,.T.);
#4077=IFCFACE((#4076));
#4078=IFCPOLYLOOP((#3907,#3928,#3943));
#4079=IFCFACEOUTERBOUND(#4078,.T.);
#4080=IFCFACE((#4079));
#4081=IFCPOLYLOOP((#3928,#3907,#3908));
#4082=IFCFACEOUTERBOUND(#4081,.T.);
#4083=IFCFACE((#4082));
#4084=IFCPOLYLOOP((#3857,#3829,#3847));
#4085=IFCFACEOUTERBOUND(#4084,.T.);
#4086=IFCFACE((#4085));
#4087=IFCPOLYLOOP((#3292,#3847,#3862));
#4088=IFCFACEOUTERBOUND(#4087,.T.);
#4089=IFCFACE((#4088));
#4090=IFCPOLYLOOP((#3847,#3829,#3861));
#4091=IFCFACEOUTERBOUND(#4090,.T.);
#4092=IFCFACE((#4091));
#4093=IFCPOLYLOOP((#3862,#3286,#3292));
#4094=IFCFACEOUTERBOUND(#4093,.T.);
#4095=IFCFACE((#4094));
#4096=IFCPOLYLOOP((#3908,#3286,#3862));
#4097=IFCFACEOUTERBOUND(#4096,.T.);
#4098=IFCFACE((#4097));
#4099=IFCPOLYLOOP((#3829,#3857,#3827));
#4100=IFCFACEOUTERBOUND(#4099,.T.);
#4101=IFCFACE((#4100));
#4102=IFCPOLYLOOP((#3208,#3857,#3848));
#4103=IFCFACEOUTERBOUND(#4102,.T.);
#4104=IFCFACE((#4103));
#4105=IFCPOLYLOOP((#3928,#3908,#3862));
#4106=IFCFACEOUTERBOUND(#4105,.T.);
#4107=IFCFACE((#4106));
#4108=IFCPOLYLOOP((#3286,#3908,#3433));
#4109=IFCFACEOUTERBOUND(#4108,.T.);
#4110=IFCFACE((#4109));
#4111=IFCCARTESIANPOINT((-25.611633914709092,-25.272001665830611,218.36314301490785));
#4112=IFCCARTESIANPOINT((-33.782496911287311,-6.3500001892447475,214.43578462600709));
#4113=IFCPOLYLOOP((#4111,#4112,#3581));
#4114=IFCFACEOUTERBOUND(#4113,.T.);
#4115=IFCFACE((#4114));
#4116=IFCCARTESIANPOINT((-31.465852797031403,-63.300001609325413,216.45172262191772));
#4117=IFCCARTESIANPOINT((-23.641643786430361,-30.556658202409746,218.91047515869141));
#4118=IFCPOLYLOOP((#4116,#4117,#4111));
#4119=IFCFACEOUTERBOUND(#4118,.T.);
#4120=IFCFACE((#4119));
#4121=IFCCARTESIANPOINT((-24.744056510925294,-10.588424143195153,218.61000294685365));
#4122=IFCCARTESIANPOINT((-25.682811892032625,-6.3500001892447475,217.92121868133546));
#4123=IFCCARTESIANPOINT((-28.382706141471864,-6.3500001892447475,216.75940732955934));
#4124=IFCPOLYLOOP((#4121,#4122,#4123));
#4125=IFCFACEOUTERBOUND(#4124,.T.);
#4126=IFCFACE((#4125));
#4127=IFCPOLYLOOP((#4111,#3581,#4116));
#4128=IFCFACEOUTERBOUND(#4127,.T.);
#4129=IFCFACE((#4128));
#4130=IFCCARTESIANPOINT((-16.112768992781639,-38.747162532806399,220.57803325653077));
#4131=IFCCARTESIANPOINT((-15.732926398515701,-63.300001609325413,219.22586288452149));
#4132=IFCCARTESIANPOINT((-11.108051991462707,-41.302943122386935,221.32695193290712));
#4133=IFCPOLYLOOP((#4130,#4131,#4132));
#4134=IFCFACEOUTERBOUND(#4133,.T.);
#4135=IFCFACE((#4134));
#4136=IFCCARTESIANPOINT((-25.858882176876069,-15.052252784371376,218.29109072685242));
#4137=IFCCARTESIANPOINT((-26.250001108646394,-19.644651657342912,218.17559995651246));
#4138=IFCPOLYLOOP((#4136,#4112,#4137));
#4139=IFCFACEOUTERBOUND(#4138,.T.);
#4140=IFCFACE((#4139));
#4141=IFCPOLYLOOP((#4137,#4112,#4111));
#4142=IFCFACEOUTERBOUND(#4141,.T.);
#4143=IFCFACE((#4142));
#4144=IFCPOLYLOOP((#4121,#4123,#4136));
#4145=IFCFACEOUTERBOUND(#4144,.T.);
#4146=IFCFACE((#4145));
#4147=IFCCARTESIANPOINT((-59.136461234092714,-63.300001609325413,200.47608075141906));
#4148=IFCPOLYLOOP((#4147,#3581,#3603));
#4149=IFCFACEOUTERBOUND(#4148,.T.);
#4150=IFCFACE((#4149));
#4151=IFCCARTESIANPOINT((-5.6580127671360971,-42.815505230426787,221.82584953308105));
#4152=IFCPOLYLOOP((#4132,#4131,#4151));
#4153=IFCFACEOUTERBOUND(#4152,.T.);
#4154=IFCFACE((#4153));
#4155=IFCCARTESIANPOINT((0.,-63.300001609325413,222.00000314712526));
#4156=IFCCARTESIANPOINT((0.,-43.315065944194792,222.00000314712526));
#4157=IFCPOLYLOOP((#4155,#4156,#4151));
#4158=IFCFACEOUTERBOUND(#4157,.T.);
#4159=IFCFACE((#4158));
#4160=IFCPOLYLOOP((#4131,#4155,#4151));
#4161=IFCFACEOUTERBOUND(#4160,.T.);
#4162=IFCFACE((#4161));
#4163=IFCCARTESIANPOINT((-20.395107758045196,-35.13490573167801,219.71086235046388));
#4164=IFCPOLYLOOP((#4163,#4116,#4131));
#4165=IFCFACEOUTERBOUND(#4164,.T.);
#4166=IFCFACE((#4165));
#4167=IFCPOLYLOOP((#4116,#4163,#4117));
#4168=IFCFACEOUTERBOUND(#4167,.T.);
#4169=IFCFACE((#4168));
#4170=IFCPOLYLOOP((#3581,#4147,#4116));
#4171=IFCFACEOUTERBOUND(#4170,.T.);
#4172=IFCFACE((#4171));
#4173=IFCPOLYLOOP((#4131,#4130,#4163));
#4174=IFCFACEOUTERBOUND(#4173,.T.);
#4175=IFCFACE((#4174));
#4176=IFCCARTESIANPOINT((-79.674333715438848,-63.300001609325413,175.99999480247499));
#4177=IFCPOLYLOOP((#3603,#4176,#4147));
#4178=IFCFACEOUTERBOUND(#4177,.T.);
#4179=IFCFACE((#4178));
#4180=IFCCARTESIANPOINT((-90.602309489250189,-63.300001609325413,145.97562832832338));
#4181=IFCPOLYLOOP((#4180,#3602,#3658));
#4182=IFCFACEOUTERBOUND(#4181,.T.);
#4183=IFCFACE((#4182));
#4184=IFCCARTESIANPOINT((-79.674333715438848,-63.300001609325413,83.999996280670175));
#4185=IFCPOLYLOOP((#3667,#4184,#3666));
#4186=IFCFACEOUTERBOUND(#4185,.T.);
#4187=IFCFACE((#4186));
#4188=IFCCARTESIANPOINT((-90.602309489250189,-63.300001609325413,114.02437183856965));
#4189=IFCPOLYLOOP((#4188,#3658,#3666));
#4190=IFCFACEOUTERBOUND(#4189,.T.);
#4191=IFCFACE((#4190));
#4192=IFCCARTESIANPOINT((-59.136461234092714,-63.300001609325413,59.523910331726078));
#4193=IFCPOLYLOOP((#4192,#3540,#3553));
#4194=IFCFACEOUTERBOUND(#4193,.T.);
#4195=IFCFACE((#4194));
#4196=IFCCARTESIANPOINT((-31.465852797031403,-63.300001609325413,43.548277544975285));
#4197=IFCPOLYLOOP((#3553,#3499,#4196));
#4198=IFCFACEOUTERBOUND(#4197,.T.);
#4199=IFCFACE((#4198));
#4200=IFCPOLYLOOP((#3667,#3540,#4184));
#4201=IFCFACEOUTERBOUND(#4200,.T.);
#4202=IFCFACE((#4201));
#4203=IFCCARTESIANPOINT((-5.6432829022407534,-8.4543026134371768,38.173242259025578));
#4204=IFCCARTESIANPOINT((0.,-63.300001609325413,37.999999290704729));
#4205=IFCPOLYLOOP((#3499,#4203,#4204));
#4206=IFCFACEOUTERBOUND(#4205,.T.);
#4207=IFCFACE((#4206));
#4208=IFCPOLYLOOP((#4123,#4112,#4136));
#4209=IFCFACEOUTERBOUND(#4208,.T.);
#4210=IFCFACE((#4209));
#4211=IFCPOLYLOOP((#4180,#3658,#4188));
#4212=IFCFACEOUTERBOUND(#4211,.T.);
#4213=IFCFACE((#4212));
#4214=IFCPOLYLOOP((#4121,#3585,#4122));
#4215=IFCFACEOUTERBOUND(#4214,.T.);
#4216=IFCFACE((#4215));
#4217=IFCPOLYLOOP((#3666,#4184,#4188));
#4218=IFCFACEOUTERBOUND(#4217,.T.);
#4219=IFCFACE((#4218));
#4220=IFCPOLYLOOP((#4176,#3602,#4180));
#4221=IFCFACEOUTERBOUND(#4220,.T.);
#4222=IFCFACE((#4221));
#4223=IFCPOLYLOOP((#3553,#4196,#4192));
#4224=IFCFACEOUTERBOUND(#4223,.T.);
#4225=IFCFACE((#4224));
#4226=IFCPOLYLOOP((#4192,#4184,#3540));
#4227=IFCFACEOUTERBOUND(#4226,.T.);
#4228=IFCFACE((#4227));
#4229=IFCPOLYLOOP((#4196,#3499,#4204));
#4230=IFCFACEOUTERBOUND(#4229,.T.);
#4231=IFCFACE((#4230));
#4232=IFCCARTESIANPOINT((0.,-9.1849345698952671,37.999999290704729));
#4233=IFCPOLYLOOP((#4204,#4203,#4232));
#4234=IFCFACEOUTERBOUND(#4233,.T.);
#4235=IFCFACE((#4234));
#4236=IFCPOLYLOOP((#3602,#4176,#3603));
#4237=IFCFACEOUTERBOUND(#4236,.T.);
#4238=IFCFACE((#4237));
#4239=IFCCARTESIANPOINT((31.465852797031403,-63.300001609325413,43.548277544975285));
#4240=IFCPOLYLOOP((#4239,#3874,#3886));
#4241=IFCFACEOUTERBOUND(#4240,.T.);
#4242=IFCFACE((#4241));
#4243=IFCCARTESIANPOINT((5.6727182194590569,-8.4465819954872128,38.175054466724397));
#4244=IFCPOLYLOOP((#4204,#4243,#3874));
#4245=IFCFACEOUTERBOUND(#4244,.T.);
#4246=IFCFACE((#4245));
#4247=IFCCARTESIANPOINT((59.136461234092714,-63.300001609325413,59.523910331726078));
#4248=IFCPOLYLOOP((#4247,#3886,#3878));
#4249=IFCFACEOUTERBOUND(#4248,.T.);
#4250=IFCFACE((#4249));
#4251=IFCCARTESIANPOINT((90.602309489250189,-63.300001609325413,114.02437183856965));
#4252=IFCPOLYLOOP((#3869,#3870,#4251));
#4253=IFCFACEOUTERBOUND(#4252,.T.);
#4254=IFCFACE((#4253));
#4255=IFCCARTESIANPOINT((79.674333715438848,-63.300001609325413,83.999996280670175));
#4256=IFCPOLYLOOP((#3890,#3869,#4255));
#4257=IFCFACEOUTERBOUND(#4256,.T.);
#4258=IFCFACE((#4257));
#4259=IFCPOLYLOOP((#3890,#4255,#3878));
#4260=IFCFACEOUTERBOUND(#4259,.T.);
#4261=IFCFACE((#4260));
#4262=IFCCARTESIANPOINT((90.602309489250189,-63.300001609325413,145.97562832832338));
#4263=IFCPOLYLOOP((#4262,#3870,#3942));
#4264=IFCFACEOUTERBOUND(#4263,.T.);
#4265=IFCFACE((#4264));
#4266=IFCPOLYLOOP((#4239,#4204,#3874));
#4267=IFCFACEOUTERBOUND(#4266,.T.);
#4268=IFCFACE((#4267));
#4269=IFCPOLYLOOP((#3886,#4247,#4239));
#4270=IFCFACEOUTERBOUND(#4269,.T.);
#4271=IFCFACE((#4270));
#4272=IFCPOLYLOOP((#4204,#4232,#4243));
#4273=IFCFACEOUTERBOUND(#4272,.T.);
#4274=IFCFACE((#4273));
#4275=IFCCARTESIANPOINT((33.782496911287311,-6.3500001892447475,214.43578462600709));
#4276=IFCCARTESIANPOINT((28.382706141471864,-6.3500001892447475,216.75940732955934));
#4277=IFCCARTESIANPOINT((25.858882176876069,-15.052252784371376,218.29109072685242));
#4278=IFCPOLYLOOP((#4275,#4276,#4277));
#4279=IFCFACEOUTERBOUND(#4278,.T.);
#4280=IFCFACE((#4279));
#4281=IFCPOLYLOOP((#4255,#3869,#4251));
#4282=IFCFACEOUTERBOUND(#4281,.T.);
#4283=IFCFACE((#4282));
#4284=IFCCARTESIANPOINT((24.744056510925294,-10.588424143195153,218.61000294685365));
#4285=IFCCARTESIANPOINT((25.682811892032625,-6.3500001892447475,217.92121868133546));
#4286=IFCPOLYLOOP((#4284,#4276,#4285));
#4287=IFCFACEOUTERBOUND(#4286,.T.);
#4288=IFCFACE((#4287));
#4289=IFCPOLYLOOP((#3870,#4262,#4251));
#4290=IFCFACEOUTERBOUND(#4289,.T.);
#4291=IFCFACE((#4290));
#4292=IFCPOLYLOOP((#4247,#3878,#4255));
#4293=IFCFACEOUTERBOUND(#4292,.T.);
#4294=IFCFACE((#4293));
#4295=IFCCARTESIANPOINT((79.674333715438848,-63.300001609325413,175.99999480247499));
#4296=IFCPOLYLOOP((#3942,#4295,#4262));
#4297=IFCFACEOUTERBOUND(#4296,.T.);
#4298=IFCFACE((#4297));
#4299=IFCPOLYLOOP((#3942,#3941,#4295));
#4300=IFCFACEOUTERBOUND(#4299,.T.);
#4301=IFCFACE((#4300));
#4302=IFCCARTESIANPOINT((59.136461234092714,-63.300001609325413,200.47608075141906));
#4303=IFCPOLYLOOP((#3835,#4302,#3941));
#4304=IFCFACEOUTERBOUND(#4303,.T.);
#4305=IFCFACE((#4304));
#4306=IFCCARTESIANPOINT((5.6580127671360971,-42.815505230426787,221.82584953308105));
#4307=IFCCARTESIANPOINT((15.732926398515701,-63.300001609325413,219.22586288452149));
#4308=IFCCARTESIANPOINT((11.108051991462707,-41.302943122386935,221.32695193290712));
#4309=IFCPOLYLOOP((#4306,#4307,#4308));
#4310=IFCFACEOUTERBOUND(#4309,.T.);
#4311=IFCFACE((#4310));
#4312=IFCCARTESIANPOINT((25.611633914709092,-25.272001665830611,218.36314301490785));
#4313=IFCCARTESIANPOINT((26.250001108646394,-19.644651657342912,218.17559995651246));
#4314=IFCPOLYLOOP((#4312,#4275,#4313));
#4315=IFCFACEOUTERBOUND(#4314,.T.);
#4316=IFCFACE((#4315));
#4317=IFCPOLYLOOP((#4277,#4313,#4275));
#4318=IFCFACEOUTERBOUND(#4317,.T.);
#4319=IFCFACE((#4318));
#4320=IFCPOLYLOOP((#3835,#4275,#4312));
#4321=IFCFACEOUTERBOUND(#4320,.T.);
#4322=IFCFACE((#4321));
#4323=IFCPOLYLOOP((#4007,#4284,#4285));
#4324=IFCFACEOUTERBOUND(#4323,.T.);
#4325=IFCFACE((#4324));
#4326=IFCCARTESIANPOINT((31.465852797031403,-63.300001609325413,216.45172262191772));
#4327=IFCPOLYLOOP((#3835,#4312,#4326));
#4328=IFCFACEOUTERBOUND(#4327,.T.);
#4329=IFCFACE((#4328));
#4330=IFCPOLYLOOP((#4277,#4276,#4284));
#4331=IFCFACEOUTERBOUND(#4330,.T.);
#4332=IFCFACE((#4331));
#4333=IFCCARTESIANPOINT((23.641643786430361,-30.556658202409746,218.91047515869141));
#4334=IFCPOLYLOOP((#4333,#4326,#4312));
#4335=IFCFACEOUTERBOUND(#4334,.T.);
#4336=IFCFACE((#4335));
#4337=IFCCARTESIANPOINT((16.112768992781639,-38.747162532806399,220.57803325653077));
#4338=IFCCARTESIANPOINT((20.395107758045196,-35.13490573167801,219.71086235046388));
#4339=IFCPOLYLOOP((#4337,#4307,#4338));
#4340=IFCFACEOUTERBOUND(#4339,.T.);
#4341=IFCFACE((#4340));
#4342=IFCPOLYLOOP((#4302,#3835,#4326));
#4343=IFCFACEOUTERBOUND(#4342,.T.);
#4344=IFCFACE((#4343));
#4345=IFCPOLYLOOP((#4308,#4307,#4337));
#4346=IFCFACEOUTERBOUND(#4345,.T.);
#4347=IFCFACE((#4346));
#4348=IFCPOLYLOOP((#4326,#4333,#4338));
#4349=IFCFACEOUTERBOUND(#4348,.T.);
#4350=IFCFACE((#4349));
#4351=IFCPOLYLOOP((#4306,#4155,#4307));
#4352=IFCFACEOUTERBOUND(#4351,.T.);
#4353=IFCFACE((#4352));
#4354=IFCPOLYLOOP((#4156,#4155,#4306));
#4355=IFCFACEOUTERBOUND(#4354,.T.);
#4356=IFCFACE((#4355));
#4357=IFCPOLYLOOP((#4326,#4338,#4307));
#4358=IFCFACEOUTERBOUND(#4357,.T.);
#4359=IFCFACE((#4358));
#4360=IFCPOLYLOOP((#3941,#4302,#4295));
#4361=IFCFACEOUTERBOUND(#4360,.T.);
#4362=IFCFACE((#4361));
#4363=IFCCARTESIANPOINT((-21.109564965963365,-66.417598378658298,218.70481910705567));
#4364=IFCPOLYLOOP((#4363,#4155,#4131,#4116));
#4365=IFCFACEOUTERBOUND(#4364,.T.);
#4366=IFCFACE((#4365));
#4367=IFCCARTESIANPOINT((-80.925002288818362,-66.156095445156097,87.682756590843198));
#4368=IFCCARTESIANPOINT((-85.197524929046637,-67.818453097343451,100.6489073753357));
#4369=IFCCARTESIANPOINT((-88.120647740364078,-65.608368158340454,105.12020058631897));
#4370=IFCPOLYLOOP((#4367,#4368,#4369));
#4371=IFCFACEOUTERBOUND(#4370,.T.);
#4372=IFCFACE((#4371));
#4373=IFCCARTESIANPOINT((-39.893526971340179,-65.926104032993322,47.730739367008212));
#4374=IFCCARTESIANPOINT((-45.301154744625094,-63.300001609325413,51.536093938350682));
#4375=IFCPOLYLOOP((#4373,#4192,#4374));
#4376=IFCFACEOUTERBOUND(#4375,.T.);
#4377=IFCFACE((#4376));
#4378=IFCCARTESIANPOINT((-48.921087312698369,-67.908695590496066,205.56474180221559));
#4379=IFCCARTESIANPOINT((-54.438246917724612,-65.795402526855469,203.53052730560304));
#4380=IFCCARTESIANPOINT((-70.301195812225345,-68.33735765218735,185.41562647819521));
#4381=IFCPOLYLOOP((#4378,#4379,#4380));
#4382=IFCFACEOUTERBOUND(#4381,.T.);
#4383=IFCFACE((#4382));
#4384=IFCCARTESIANPOINT((-85.197524929046637,-67.818453097343451,159.35110187530518));
#4385=IFCCARTESIANPOINT((-74.612033700943002,-66.007994019985205,182.78104891777039));
#4386=IFCCARTESIANPOINT((-83.744461369514468,-65.662352871894839,166.9757818222046));
#4387=IFCPOLYLOOP((#4384,#4385,#4386));
#4388=IFCFACEOUTERBOUND(#4387,.T.);
#4389=IFCFACE((#4388));
#4390=IFCPOLYLOOP((#4385,#4176,#4386));
#4391=IFCFACEOUTERBOUND(#4390,.T.);
#4392=IFCFACE((#4391));
#4393=IFCCARTESIANPOINT((-69.405397474765778,-63.300001609325413,188.23803777694704));
#4394=IFCPOLYLOOP((#4379,#4147,#4393));
#4395=IFCFACEOUTERBOUND(#4394,.T.);
#4396=IFCFACE((#4395));
#4397=IFCCARTESIANPOINT((-39.893526971340179,-65.926104032993322,212.26925625801087));
#4398=IFCPOLYLOOP((#4378,#4397,#4379));
#4399=IFCFACEOUTERBOUND(#4398,.T.);
#4400=IFCFACE((#4399));
#4401=IFCCARTESIANPOINT((-19.691918939352036,-68.884562623500827,216.45826292037964));
#4402=IFCCARTESIANPOINT((0.,-69.650000095367432,215.64999103546143));
#4403=IFCCARTESIANPOINT((0.,-67.790129971504214,220.14012393951415));
#4404=IFCPOLYLOOP((#4401,#4402,#4403));
#4405=IFCFACEOUTERBOUND(#4404,.T.);
#4406=IFCFACE((#4405));
#4407=IFCPOLYLOOP((#4363,#4397,#4401));
#4408=IFCFACEOUTERBOUND(#4407,.T.);
#4409=IFCFACE((#4408));
#4410=IFCCARTESIANPOINT((-74.175073635578158,-69.650000095367432,172.82500691413881));
#4411=IFCPOLYLOOP((#4384,#4410,#4380));
#4412=IFCFACEOUTERBOUND(#4411,.T.);
#4413=IFCFACE((#4412));
#4414=IFCCARTESIANPOINT((-29.294026333093644,-69.650000095367432,210.48468132019045));
#4415=IFCPOLYLOOP((#4378,#4414,#4401));
#4416=IFCFACEOUTERBOUND(#4415,.T.);
#4417=IFCFACE((#4416));
#4418=IFCCARTESIANPOINT((-90.996071791648873,-66.099676287174233,121.97211527824402));
#4419=IFCPOLYLOOP((#4368,#4418,#4369));
#4420=IFCFACEOUTERBOUND(#4419,.T.);
#4421=IFCFACE((#4420));
#4422=IFCCARTESIANPOINT((-55.05476088523865,-69.650000095367432,195.61171560287477));
#4423=IFCPOLYLOOP((#4414,#4378,#4422));
#4424=IFCFACEOUTERBOUND(#4423,.T.);
#4425=IFCFACE((#4424));
#4426=IFCPOLYLOOP((#4422,#4380,#4410));
#4427=IFCFACEOUTERBOUND(#4426,.T.);
#4428=IFCFACE((#4427));
#4429=IFCPOLYLOOP((#4385,#4393,#4176));
#4430=IFCFACEOUTERBOUND(#4429,.T.);
#4431=IFCFACE((#4430));
#4432=IFCCARTESIANPOINT((-84.34878494739533,-69.650000095367432,144.87297034263611));
#4433=IFCPOLYLOOP((#4384,#4432,#4410));
#4434=IFCFACEOUTERBOUND(#4433,.T.);
#4435=IFCFACE((#4434));
#4436=IFCPOLYLOOP((#4369,#4418,#4188));
#4437=IFCFACEOUTERBOUND(#4436,.T.);
#4438=IFCFACE((#4437));
#4439=IFCCARTESIANPOINT((-89.531281113624573,-68.32574862241745,129.99999554157259));
#4440=IFCCARTESIANPOINT((-84.34878494739533,-69.650000095367432,115.12702982425691));
#4441=IFCPOLYLOOP((#4439,#4368,#4440));
#4442=IFCFACEOUTERBOUND(#4441,.T.);
#4443=IFCFACE((#4442));
#4444=IFCPOLYLOOP((#4363,#4401,#4403));
#4445=IFCFACEOUTERBOUND(#4444,.T.);
#4446=IFCFACE((#4445));
#4447=IFCCARTESIANPOINT((-64.053920888900763,-66.282754683494574,65.002096116542816));
#4448=IFCCARTESIANPOINT((-69.405397474765778,-63.300001609325413,71.761957848072058));
#4449=IFCPOLYLOOP((#4192,#4447,#4448));
#4450=IFCFACEOUTERBOUND(#4449,.T.);
#4451=IFCFACE((#4450));
#4452=IFCCARTESIANPOINT((-74.175073635578158,-69.650000095367432,87.175002336502075));
#4453=IFCCARTESIANPOINT((-70.301195812225345,-68.33735765218735,74.584373688697823));
#4454=IFCPOLYLOOP((#4452,#4368,#4453));
#4455=IFCFACEOUTERBOUND(#4454,.T.);
#4456=IFCFACE((#4455));
#4457=IFCCARTESIANPOINT((-55.05476088523865,-69.650000095367432,64.388293647766119));
#4458=IFCPOLYLOOP((#4452,#4453,#4457));
#4459=IFCFACEOUTERBOUND(#4458,.T.);
#4460=IFCFACE((#4459));
#4461=IFCCARTESIANPOINT((-89.128780245780945,-65.899965548515326,150.44366955757141));
#4462=IFCPOLYLOOP((#4461,#4384,#4386));
#4463=IFCFACEOUTERBOUND(#4462,.T.);
#4464=IFCFACE((#4463));
#4465=IFCCARTESIANPOINT((0.,-67.790129971504214,39.859871685504913));
#4466=IFCCARTESIANPOINT((-21.109564965963365,-66.417598378658298,41.295185601711275));
#4467=IFCPOLYLOOP((#4465,#4466,#4204));
#4468=IFCFACEOUTERBOUND(#4467,.T.);
#4469=IFCFACE((#4468));
#4470=IFCCARTESIANPOINT((-19.691918939352036,-68.884562623500827,43.541741788387299));
#4471=IFCPOLYLOOP((#4470,#4466,#4465));
#4472=IFCFACEOUTERBOUND(#4471,.T.);
#4473=IFCFACE((#4472));
#4474=IFCPOLYLOOP((#4401,#4397,#4378));
#4475=IFCFACEOUTERBOUND(#4474,.T.);
#4476=IFCFACE((#4475));
#4477=IFCPOLYLOOP((#4155,#4363,#4403));
#4478=IFCFACEOUTERBOUND(#4477,.T.);
#4479=IFCFACE((#4478));
#4480=IFCPOLYLOOP((#4440,#4432,#4439));
#4481=IFCFACEOUTERBOUND(#4480,.T.);
#4482=IFCFACE((#4481));
#4483=IFCPOLYLOOP((#4440,#4368,#4452));
#4484=IFCFACEOUTERBOUND(#4483,.T.);
#4485=IFCFACE((#4484));
#4486=IFCCARTESIANPOINT((-48.921087312698369,-67.908695590496066,54.435262906551365));
#4487=IFCPOLYLOOP((#4457,#4453,#4486));
#4488=IFCFACEOUTERBOUND(#4487,.T.);
#4489=IFCFACE((#4488));
#4490=IFCPOLYLOOP((#4414,#4402,#4401));
#4491=IFCFACEOUTERBOUND(#4490,.T.);
#4492=IFCFACE((#4491));
#4493=IFCCARTESIANPOINT((0.,-69.650000095367432,44.350000047683714));
#4494=IFCCARTESIANPOINT((-29.294026333093644,-69.650000095367432,49.515327930450439));
#4495=IFCPOLYLOOP((#4470,#4493,#4494));
#4496=IFCFACEOUTERBOUND(#4495,.T.);
#4497=IFCFACE((#4496));
#4498=IFCPOLYLOOP((#4494,#4457,#4486));
#4499=IFCFACEOUTERBOUND(#4498,.T.);
#4500=IFCFACE((#4499));
#4501=IFCPOLYLOOP((#4397,#4363,#4116));
#4502=IFCFACEOUTERBOUND(#4501,.T.);
#4503=IFCFACE((#4502));
#4504=IFCPOLYLOOP((#4432,#4384,#4439));
#4505=IFCFACEOUTERBOUND(#4504,.T.);
#4506=IFCFACE((#4505));
#4507=IFCPOLYLOOP((#4465,#4493,#4470));
#4508=IFCFACEOUTERBOUND(#4507,.T.);
#4509=IFCFACE((#4508));
#4510=IFCPOLYLOOP((#4422,#4378,#4380));
#4511=IFCFACEOUTERBOUND(#4510,.T.);
#4512=IFCFACE((#4511));
#4513=IFCCARTESIANPOINT((-45.301154744625094,-63.300001609325413,208.46391077041628));
#4514=IFCPOLYLOOP((#4513,#4147,#4379));
#4515=IFCFACEOUTERBOUND(#4514,.T.);
#4516=IFCFACE((#4515));
#4517=IFCCARTESIANPOINT((-90.602309489250189,-63.300001609325413,129.99999554157259));
#4518=IFCPOLYLOOP((#4517,#4188,#4418));
#4519=IFCFACEOUTERBOUND(#4518,.T.);
#4520=IFCFACE((#4519));
#4521=IFCPOLYLOOP((#4379,#4397,#4513));
#4522=IFCFACEOUTERBOUND(#4521,.T.);
#4523=IFCFACE((#4522));
#4524=IFCCARTESIANPOINT((-15.732926398515701,-63.300001609325413,40.77413728237152));
#4525=IFCPOLYLOOP((#4466,#4196,#4524));
#4526=IFCFACEOUTERBOUND(#4525,.T.);
#4527=IFCFACE((#4526));
#4528=IFCPOLYLOOP((#4385,#4384,#4380));
#4529=IFCFACEOUTERBOUND(#4528,.T.);
#4530=IFCFACE((#4529));
#4531=IFCPOLYLOOP((#4393,#4385,#4379));
#4532=IFCFACEOUTERBOUND(#4531,.T.);
#4533=IFCFACE((#4532));
#4534=IFCPOLYLOOP((#4379,#4385,#4380));
#4535=IFCFACEOUTERBOUND(#4534,.T.);
#4536=IFCFACE((#4535));
#4537=IFCCARTESIANPOINT((-85.138326144218453,-63.300001609325413,160.98781156539917));
#4538=IFCPOLYLOOP((#4461,#4537,#4180));
#4539=IFCFACEOUTERBOUND(#4538,.T.);
#4540=IFCFACE((#4539));
#4541=IFCPOLYLOOP((#4537,#4461,#4386));
#4542=IFCFACEOUTERBOUND(#4541,.T.);
#4543=IFCFACE((#4542));
#4544=IFCPOLYLOOP((#4461,#4180,#4517));
#4545=IFCFACEOUTERBOUND(#4544,.T.);
#4546=IFCFACE((#4545));
#4547=IFCPOLYLOOP((#4439,#4384,#4461));
#4548=IFCFACEOUTERBOUND(#4547,.T.);
#4549=IFCFACE((#4548));
#4550=IFCPOLYLOOP((#4418,#4439,#4461));
#4551=IFCFACEOUTERBOUND(#4550,.T.);
#4552=IFCFACE((#4551));
#4553=IFCPOLYLOOP((#4517,#4418,#4461));
#4554=IFCFACEOUTERBOUND(#4553,.T.);
#4555=IFCFACE((#4554));
#4556=IFCPOLYLOOP((#4368,#4439,#4418));
#4557=IFCFACEOUTERBOUND(#4556,.T.);
#4558=IFCFACE((#4557));
#4559=IFCPOLYLOOP((#4386,#4176,#4537));
#4560=IFCFACEOUTERBOUND(#4559,.T.);
#4561=IFCFACE((#4560));
#4562=IFCCARTESIANPOINT((-85.138326144218453,-63.300001609325413,99.012179517745977));
#4563=IFCPOLYLOOP((#4367,#4562,#4184));
#4564=IFCFACEOUTERBOUND(#4563,.T.);
#4565=IFCFACE((#4564));
#4566=IFCPOLYLOOP((#4562,#4367,#4369));
#4567=IFCFACEOUTERBOUND(#4566,.T.);
#4568=IFCFACE((#4567));
#4569=IFCPOLYLOOP((#4367,#4184,#4448));
#4570=IFCFACEOUTERBOUND(#4569,.T.);
#4571=IFCFACE((#4570));
#4572=IFCPOLYLOOP((#4453,#4368,#4367));
#4573=IFCFACEOUTERBOUND(#4572,.T.);
#4574=IFCFACE((#4573));
#4575=IFCPOLYLOOP((#4447,#4453,#4367));
#4576=IFCFACEOUTERBOUND(#4575,.T.);
#4577=IFCFACE((#4576));
#4578=IFCPOLYLOOP((#4448,#4447,#4367));
#4579=IFCFACEOUTERBOUND(#4578,.T.);
#4580=IFCFACE((#4579));
#4581=IFCPOLYLOOP((#4486,#4453,#4447));
#4582=IFCFACEOUTERBOUND(#4581,.T.);
#4583=IFCFACE((#4582));
#4584=IFCPOLYLOOP((#4369,#4188,#4562));
#4585=IFCFACEOUTERBOUND(#4584,.T.);
#4586=IFCFACE((#4585));
#4587=IFCPOLYLOOP((#4494,#4486,#4470));
#4588=IFCFACEOUTERBOUND(#4587,.T.);
#4589=IFCFACE((#4588));
#4590=IFCPOLYLOOP((#4466,#4373,#4196));
#4591=IFCFACEOUTERBOUND(#4590,.T.);
#4592=IFCFACE((#4591));
#4593=IFCPOLYLOOP((#4373,#4470,#4486));
#4594=IFCFACEOUTERBOUND(#4593,.T.);
#4595=IFCFACE((#4594));
#4596=IFCPOLYLOOP((#4466,#4524,#4204));
#4597=IFCFACEOUTERBOUND(#4596,.T.);
#4598=IFCFACE((#4597));
#4599=IFCPOLYLOOP((#4470,#4373,#4466));
#4600=IFCFACEOUTERBOUND(#4599,.T.);
#4601=IFCFACE((#4600));
#4602=IFCPOLYLOOP((#4373,#4486,#4447));
#4603=IFCFACEOUTERBOUND(#4602,.T.);
#4604=IFCFACE((#4603));
#4605=IFCPOLYLOOP((#4397,#4116,#4513));
#4606=IFCFACEOUTERBOUND(#4605,.T.);
#4607=IFCFACE((#4606));
#4608=IFCPOLYLOOP((#4192,#4373,#4447));
#4609=IFCFACEOUTERBOUND(#4608,.T.);
#4610=IFCFACE((#4609));
#4611=IFCPOLYLOOP((#4374,#4196,#4373));
#4612=IFCFACEOUTERBOUND(#4611,.T.);
#4613=IFCFACE((#4612));
#4614=IFCCARTESIANPOINT((21.109564965963365,-66.417598378658298,41.295185601711275));
#4615=IFCCARTESIANPOINT((15.732926398515701,-63.300001609325413,40.77413728237152));
#4616=IFCPOLYLOOP((#4614,#4204,#4615));
#4617=IFCFACEOUTERBOUND(#4616,.T.);
#4618=IFCFACE((#4617));
#4619=IFCCARTESIANPOINT((48.921087312698369,-67.908695590496066,54.435262906551365));
#4620=IFCCARTESIANPOINT((54.438246917724612,-65.795402526855469,56.469472861289979));
#4621=IFCCARTESIANPOINT((70.301195812225345,-68.33735765218735,74.584373688697823));
#4622=IFCPOLYLOOP((#4619,#4620,#4621));
#4623=IFCFACEOUTERBOUND(#4622,.T.);
#4624=IFCFACE((#4623));
#4625=IFCCARTESIANPOINT((74.612033700943002,-66.007994019985205,77.218951249122625));
#4626=IFCCARTESIANPOINT((69.405397474765778,-63.300001609325413,71.761957848072058));
#4627=IFCPOLYLOOP((#4625,#4626,#4255));
#4628=IFCFACEOUTERBOUND(#4627,.T.);
#4629=IFCFACE((#4628));
#4630=IFCCARTESIANPOINT((39.893526971340179,-65.926104032993322,212.26925625801087));
#4631=IFCCARTESIANPOINT((45.301154744625094,-63.300001609325413,208.46391077041628));
#4632=IFCPOLYLOOP((#4630,#4302,#4631));
#4633=IFCFACEOUTERBOUND(#4632,.T.);
#4634=IFCFACE((#4633));
#4635=IFCCARTESIANPOINT((85.197524929046637,-67.818453097343451,100.6489073753357));
#4636=IFCCARTESIANPOINT((83.744461369514468,-65.662352871894839,93.024218344688421));
#4637=IFCPOLYLOOP((#4635,#4625,#4636));
#4638=IFCFACEOUTERBOUND(#4637,.T.);
#4639=IFCFACE((#4638));
#4640=IFCPOLYLOOP((#4625,#4255,#4636));
#4641=IFCFACEOUTERBOUND(#4640,.T.);
#4642=IFCFACE((#4641));
#4643=IFCCARTESIANPOINT((80.925002288818362,-66.156095445156097,172.3172435760498));
#4644=IFCCARTESIANPOINT((85.197524929046637,-67.818453097343451,159.35110187530518));
#4645=IFCCARTESIANPOINT((88.120647740364078,-65.608368158340454,154.87979049682619));
#4646=IFCPOLYLOOP((#4643,#4644,#4645));
#4647=IFCFACEOUTERBOUND(#4646,.T.);
#4648=IFCFACE((#4647));
#4649=IFCCARTESIANPOINT((39.893526971340179,-65.926104032993322,47.730739367008212));
#4650=IFCPOLYLOOP((#4619,#4649,#4620));
#4651=IFCFACEOUTERBOUND(#4650,.T.);
#4652=IFCFACE((#4651));
#4653=IFCCARTESIANPOINT((19.691918939352036,-68.884562623500827,43.541741788387299));
#4654=IFCPOLYLOOP((#4653,#4493,#4465));
#4655=IFCFACEOUTERBOUND(#4654,.T.);
#4656=IFCFACE((#4655));
#4657=IFCPOLYLOOP((#4614,#4649,#4653));
#4658=IFCFACEOUTERBOUND(#4657,.T.);
#4659=IFCFACE((#4658));
#4660=IFCCARTESIANPOINT((74.175073635578158,-69.650000095367432,87.175002336502075));
#4661=IFCPOLYLOOP((#4635,#4660,#4621));
#4662=IFCFACEOUTERBOUND(#4661,.T.);
#4663=IFCFACE((#4662));
#4664=IFCCARTESIANPOINT((29.294026333093644,-69.650000095367432,49.515327930450439));
#4665=IFCPOLYLOOP((#4619,#4664,#4653));
#4666=IFCFACEOUTERBOUND(#4665,.T.);
#4667=IFCFACE((#4666));
#4668=IFCCARTESIANPOINT((74.175073635578158,-69.650000095367432,172.82500691413881));
#4669=IFCCARTESIANPOINT((70.301195812225345,-68.33735765218735,185.41562647819521));
#4670=IFCCARTESIANPOINT((55.05476088523865,-69.650000095367432,195.61171560287477));
#4671=IFCPOLYLOOP((#4668,#4669,#4670));
#4672=IFCFACEOUTERBOUND(#4671,.T.);
#4673=IFCFACE((#4672));
#4674=IFCCARTESIANPOINT((55.05476088523865,-69.650000095367432,64.388293647766119));
#4675=IFCPOLYLOOP((#4664,#4619,#4674));
#4676=IFCFACEOUTERBOUND(#4675,.T.);
#4677=IFCFACE((#4676));
#4678=IFCPOLYLOOP((#4674,#4621,#4660));
#4679=IFCFACEOUTERBOUND(#4678,.T.);
#4680=IFCFACE((#4679));
#4681=IFCCARTESIANPOINT((90.996071791648873,-66.099676287174233,138.027884888649));
#4682=IFCPOLYLOOP((#4644,#4681,#4645));
#4683=IFCFACEOUTERBOUND(#4682,.T.);
#4684=IFCFACE((#4683));
#4685=IFCCARTESIANPOINT((84.34878494739533,-69.650000095367432,115.12702982425691));
#4686=IFCPOLYLOOP((#4635,#4685,#4660));
#4687=IFCFACEOUTERBOUND(#4686,.T.);
#4688=IFCFACE((#4687));
#4689=IFCCARTESIANPOINT((89.531281113624573,-68.32574862241745,129.99999554157259));
#4690=IFCPOLYLOOP((#4685,#4635,#4689));
#4691=IFCFACEOUTERBOUND(#4690,.T.);
#4692=IFCFACE((#4691));
#4693=IFCCARTESIANPOINT((84.34878494739533,-69.650000095367432,144.87297034263611));
#4694=IFCPOLYLOOP((#4689,#4644,#4693));
#4695=IFCFACEOUTERBOUND(#4694,.T.);
#4696=IFCFACE((#4695));
#4697=IFCPOLYLOOP((#4614,#4653,#4465));
#4698=IFCFACEOUTERBOUND(#4697,.T.);
#4699=IFCFACE((#4698));
#4700=IFCCARTESIANPOINT((64.053920888900763,-66.282754683494574,194.99790859222412));
#4701=IFCCARTESIANPOINT((69.405397474765778,-63.300001609325413,188.23803777694704));
#4702=IFCPOLYLOOP((#4302,#4700,#4701));
#4703=IFCFACEOUTERBOUND(#4702,.T.);
#4704=IFCFACE((#4703));
#4705=IFCCARTESIANPOINT((45.301154744625094,-63.300001609325413,51.536093938350682));
#4706=IFCPOLYLOOP((#4620,#4649,#4705));
#4707=IFCFACEOUTERBOUND(#4706,.T.);
#4708=IFCFACE((#4707));
#4709=IFCCARTESIANPOINT((89.128780245780945,-65.899965548515326,109.55633060932159));
#4710=IFCPOLYLOOP((#4709,#4635,#4636));
#4711=IFCFACEOUTERBOUND(#4710,.T.);
#4712=IFCFACE((#4711));
#4713=IFCPOLYLOOP((#4668,#4644,#4669));
#4714=IFCFACEOUTERBOUND(#4713,.T.);
#4715=IFCFACE((#4714));
#4716=IFCCARTESIANPOINT((21.109564965963365,-66.417598378658298,218.70481910705567));
#4717=IFCPOLYLOOP((#4403,#4716,#4155));
#4718=IFCFACEOUTERBOUND(#4717,.T.);
#4719=IFCFACE((#4718));
#4720=IFCPOLYLOOP((#4204,#4614,#4465));
#4721=IFCFACEOUTERBOUND(#4720,.T.);
#4722=IFCFACE((#4721));
#4723=IFCPOLYLOOP((#4653,#4649,#4619));
#4724=IFCFACEOUTERBOUND(#4723,.T.);
#4725=IFCFACE((#4724));
#4726=IFCCARTESIANPOINT((19.691918939352036,-68.884562623500827,216.45826292037964));
#4727=IFCPOLYLOOP((#4403,#4726,#4716));
#4728=IFCFACEOUTERBOUND(#4727,.T.);
#4729=IFCFACE((#4728));
#4730=IFCPOLYLOOP((#4674,#4619,#4621));
#4731=IFCFACEOUTERBOUND(#4730,.T.);
#4732=IFCFACE((#4731));
#4733=IFCPOLYLOOP((#4693,#4644,#4668));
#4734=IFCFACEOUTERBOUND(#4733,.T.);
#4735=IFCFACE((#4734));
#4736=IFCCARTESIANPOINT((48.921087312698369,-67.908695590496066,205.56474180221559));
#4737=IFCPOLYLOOP((#4670,#4669,#4736));
#4738=IFCFACEOUTERBOUND(#4737,.T.);
#4739=IFCFACE((#4738));
#4740=IFCPOLYLOOP((#4693,#4685,#4689));
#4741=IFCFACEOUTERBOUND(#4740,.T.);
#4742=IFCFACE((#4741));
#4743=IFCCARTESIANPOINT((29.294026333093644,-69.650000095367432,210.48468132019045));
#4744=IFCPOLYLOOP((#4726,#4402,#4743));
#4745=IFCFACEOUTERBOUND(#4744,.T.);
#4746=IFCFACE((#4745));
#4747=IFCPOLYLOOP((#4743,#4670,#4736));
#4748=IFCFACEOUTERBOUND(#4747,.T.);
#4749=IFCFACE((#4748));
#4750=IFCPOLYLOOP((#4649,#4614,#4239));
#4751=IFCFACEOUTERBOUND(#4750,.T.);
#4752=IFCFACE((#4751));
#4753=IFCPOLYLOOP((#4664,#4493,#4653));
#4754=IFCFACEOUTERBOUND(#4753,.T.);
#4755=IFCFACE((#4754));
#4756=IFCPOLYLOOP((#4403,#4402,#4726));
#4757=IFCFACEOUTERBOUND(#4756,.T.);
#4758=IFCFACE((#4757));
#4759=IFCPOLYLOOP((#4645,#4681,#4262));
#4760=IFCFACEOUTERBOUND(#4759,.T.);
#4761=IFCFACE((#4760));
#4762=IFCPOLYLOOP((#4705,#4247,#4620));
#4763=IFCFACEOUTERBOUND(#4762,.T.);
#4764=IFCFACE((#4763));
#4765=IFCCARTESIANPOINT((90.602309489250189,-63.300001609325413,129.99999554157259));
#4766=IFCPOLYLOOP((#4765,#4262,#4681));
#4767=IFCFACEOUTERBOUND(#4766,.T.);
#4768=IFCFACE((#4767));
#4769=IFCPOLYLOOP((#4620,#4247,#4626));
#4770=IFCFACEOUTERBOUND(#4769,.T.);
#4771=IFCFACE((#4770));
#4772=IFCPOLYLOOP((#4716,#4326,#4307,#4155));
#4773=IFCFACEOUTERBOUND(#4772,.T.);
#4774=IFCFACE((#4773));
#4775=IFCPOLYLOOP((#4625,#4635,#4621));
#4776=IFCFACEOUTERBOUND(#4775,.T.);
#4777=IFCFACE((#4776));
#4778=IFCPOLYLOOP((#4626,#4625,#4620));
#4779=IFCFACEOUTERBOUND(#4778,.T.);
#4780=IFCFACE((#4779));
#4781=IFCPOLYLOOP((#4620,#4625,#4621));
#4782=IFCFACEOUTERBOUND(#4781,.T.);
#4783=IFCFACE((#4782));
#4784=IFCCARTESIANPOINT((85.138326144218453,-63.300001609325413,99.012179517745977));
#4785=IFCPOLYLOOP((#4709,#4784,#4251));
#4786=IFCFACEOUTERBOUND(#4785,.T.);
#4787=IFCFACE((#4786));
#4788=IFCPOLYLOOP((#4784,#4709,#4636));
#4789=IFCFACEOUTERBOUND(#4788,.T.);
#4790=IFCFACE((#4789));
#4791=IFCPOLYLOOP((#4709,#4251,#4765));
#4792=IFCFACEOUTERBOUND(#4791,.T.);
#4793=IFCFACE((#4792));
#4794=IFCPOLYLOOP((#4689,#4635,#4709));
#4795=IFCFACEOUTERBOUND(#4794,.T.);
#4796=IFCFACE((#4795));
#4797=IFCPOLYLOOP((#4681,#4689,#4709));
#4798=IFCFACEOUTERBOUND(#4797,.T.);
#4799=IFCFACE((#4798));
#4800=IFCPOLYLOOP((#4765,#4681,#4709));
#4801=IFCFACEOUTERBOUND(#4800,.T.);
#4802=IFCFACE((#4801));
#4803=IFCPOLYLOOP((#4644,#4689,#4681));
#4804=IFCFACEOUTERBOUND(#4803,.T.);
#4805=IFCFACE((#4804));
#4806=IFCPOLYLOOP((#4636,#4255,#4784));
#4807=IFCFACEOUTERBOUND(#4806,.T.);
#4808=IFCFACE((#4807));
#4809=IFCCARTESIANPOINT((85.138326144218453,-63.300001609325413,160.98781156539917));
#4810=IFCPOLYLOOP((#4643,#4809,#4295));
#4811=IFCFACEOUTERBOUND(#4810,.T.);
#4812=IFCFACE((#4811));
#4813=IFCPOLYLOOP((#4809,#4643,#4645));
#4814=IFCFACEOUTERBOUND(#4813,.T.);
#4815=IFCFACE((#4814));
#4816=IFCPOLYLOOP((#4643,#4295,#4701));
#4817=IFCFACEOUTERBOUND(#4816,.T.);
#4818=IFCFACE((#4817));
#4819=IFCPOLYLOOP((#4669,#4644,#4643));
#4820=IFCFACEOUTERBOUND(#4819,.T.);
#4821=IFCFACE((#4820));
#4822=IFCPOLYLOOP((#4700,#4669,#4643));
#4823=IFCFACEOUTERBOUND(#4822,.T.);
#4824=IFCFACE((#4823));
#4825=IFCPOLYLOOP((#4701,#4700,#4643));
#4826=IFCFACEOUTERBOUND(#4825,.T.);
#4827=IFCFACE((#4826));
#4828=IFCPOLYLOOP((#4736,#4669,#4700));
#4829=IFCFACEOUTERBOUND(#4828,.T.);
#4830=IFCFACE((#4829));
#4831=IFCPOLYLOOP((#4645,#4262,#4809));
#4832=IFCFACEOUTERBOUND(#4831,.T.);
#4833=IFCFACE((#4832));
#4834=IFCPOLYLOOP((#4743,#4736,#4726));
#4835=IFCFACEOUTERBOUND(#4834,.T.);
#4836=IFCFACE((#4835));
#4837=IFCPOLYLOOP((#4716,#4630,#4326));
#4838=IFCFACEOUTERBOUND(#4837,.T.);
#4839=IFCFACE((#4838));
#4840=IFCPOLYLOOP((#4630,#4726,#4736));
#4841=IFCFACEOUTERBOUND(#4840,.T.);
#4842=IFCFACE((#4841));
#4843=IFCPOLYLOOP((#4726,#4630,#4716));
#4844=IFCFACEOUTERBOUND(#4843,.T.);
#4845=IFCFACE((#4844));
#4846=IFCPOLYLOOP((#4630,#4736,#4700));
#4847=IFCFACEOUTERBOUND(#4846,.T.);
#4848=IFCFACE((#4847));
#4849=IFCPOLYLOOP((#4649,#4239,#4705));
#4850=IFCFACEOUTERBOUND(#4849,.T.);
#4851=IFCFACE((#4850));
#4852=IFCPOLYLOOP((#4302,#4630,#4700));
#4853=IFCFACEOUTERBOUND(#4852,.T.);
#4854=IFCFACE((#4853));
#4855=IFCPOLYLOOP((#4631,#4326,#4630));
#4856=IFCFACEOUTERBOUND(#4855,.T.);
#4857=IFCFACE((#4856));
#4858=IFCPOLYLOOP((#4615,#4239,#4614));
#4859=IFCFACEOUTERBOUND(#4858,.T.);
#4860=IFCFACE((#4859));
#4861=IFCCARTESIANPOINT((0.,-69.650000000008262,73.568000000065155));
#4862=IFCCARTESIANPOINT((-14.605676353218707,-69.650000000008262,75.490873770920317));
#4863=IFCCARTESIANPOINT((-28.215999999993354,-69.650000000008262,81.12845441370149));
#4864=IFCCARTESIANPOINT((-39.90344987591272,-69.650000000008262,90.096550124145622));
#4865=IFCCARTESIANPOINT((-48.871545586357023,-69.650000000008262,101.78400000006486));
#4866=IFCCARTESIANPOINT((-54.509126229138374,-69.650000000008262,115.39432364683944));
#4867=IFCCARTESIANPOINT((-56.431999999993735,-69.650000000008262,130.));
#4868=IFCCARTESIANPOINT((-54.509126229138332,-69.650000000008262,144.60567635329102));
#4869=IFCCARTESIANPOINT((-48.87154558635681,-69.650000000008262,158.2160000000658));
#4870=IFCCARTESIANPOINT((-39.903449875912237,-69.650000000008262,169.90344987598516));
#4871=IFCCARTESIANPOINT((-28.215999999992572,-69.650000000008262,178.87154558642925));
#4872=IFCCARTESIANPOINT((-14.605676353217614,-69.650000000008262,184.5091262292103));
#4873=IFCCARTESIANPOINT((0.,-69.650000000008262,186.43200000006513));
#4874=IFCPOLYLOOP((#4402,#4414,#4422,#4410,#4432,#4440,#4452,#4457,#4494,#4493,#4861,#4862,#4863,#4864,#4865,#4866,#4867,#4868,#4869,#4870,#4871,#4872,#4873));
#4875=IFCFACEOUTERBOUND(#4874,.T.);
#4876=IFCFACE((#4875));
#4877=IFCCARTESIANPOINT((14.605676353233189,-69.650000000008262,184.50912622920944));
#4878=IFCCARTESIANPOINT((28.216000000007266,-69.650000000008262,178.87154558642803));
#4879=IFCCARTESIANPOINT((39.903449875926036,-69.650000000008262,169.90344987598385));
#4880=IFCCARTESIANPOINT((48.871545586369891,-69.650000000008262,158.21600000006481));
#4881=IFCCARTESIANPOINT((54.509126229150958,-69.650000000008262,144.60567635329059));
#4882=IFCCARTESIANPOINT((56.432000000006255,-69.650000000008262,130.));
#4883=IFCCARTESIANPOINT((54.509126229150873,-69.650000000008262,115.39432364683941));
#4884=IFCCARTESIANPOINT((48.871545586369606,-69.650000000008262,101.78400000006499));
#4885=IFCCARTESIANPOINT((39.903449875925467,-69.650000000008262,90.09655012414585));
#4886=IFCCARTESIANPOINT((28.216000000006268,-69.650000000008262,81.128454413701718));
#4887=IFCCARTESIANPOINT((14.605676353231786,-69.650000000008262,75.490873770920459));
#4888=IFCPOLYLOOP((#4493,#4664,#4674,#4660,#4685,#4693,#4668,#4670,#4743,#4402,#4873,#4877,#4878,#4879,#4880,#4881,#4882,#4883,#4884,#4885,#4886,#4887,#4861));
#4889=IFCFACEOUTERBOUND(#4888,.T.);
#4890=IFCFACE((#4889));
#4891=IFCPOLYLOOP((#2153,#2154,#2148,#2172,#2173,#2115,#2116,#2088,#2077,#2078,#1745,#1749,#1753,#1758,#1757,#1765,#1677,#1676,#1681,#1686,#1685,#1693,#1697));
#4892=IFCFACEOUTERBOUND(#4891,.T.);
#4893=IFCFACE((#4892));
#4894=IFCPOLYLOOP((#2078,#2434,#2435,#2371,#2427,#2376,#2377,#2349,#2339,#2153,#1697,#1701,#1705,#1710,#1709,#1717,#1721,#1725,#1729,#1734,#1733,#1741,#1745));
#4895=IFCFACEOUTERBOUND(#4894,.T.);
#4896=IFCFACE((#4895));
#4897=IFCCARTESIANPOINT((-56.431999999993735,-76.,130.));
#4898=IFCCARTESIANPOINT((-54.509126229138488,-76.,115.39432364683981));
#4899=IFCCARTESIANPOINT((-48.871545586357293,-76.,101.78400000006525));
#4900=IFCCARTESIANPOINT((-39.903449875913132,-76.,90.096550124145978));
#4901=IFCCARTESIANPOINT((-28.215999999993926,-76.,81.128454413701746));
#4902=IFCCARTESIANPOINT((-14.605676353219419,-76.,75.490873770920416));
#4903=IFCCARTESIANPOINT((0.,-76.,73.568000000065069));
#4904=IFCCARTESIANPOINT((14.605676353231448,-76.,75.490873770920288));
#4905=IFCCARTESIANPOINT((28.216000000006005,-76.,81.128454413701476));
#4906=IFCCARTESIANPOINT((39.90344987592529,-76.,90.096550124145608));
#4907=IFCCARTESIANPOINT((48.871545586369535,-76.,101.78400000006478));
#4908=IFCCARTESIANPOINT((54.509126229150866,-76.,115.39432364683928));
#4909=IFCCARTESIANPOINT((56.432000000006255,-76.,130.));
#4910=IFCCARTESIANPOINT((54.509126229150958,-76.,144.60567635329051));
#4911=IFCCARTESIANPOINT((48.87154558636972,-76.,158.21600000006504));
#4912=IFCCARTESIANPOINT((39.903449875925531,-76.,169.90344987598428));
#4913=IFCCARTESIANPOINT((28.216000000006314,-76.,178.87154558642845));
#4914=IFCCARTESIANPOINT((14.605676353231788,-76.,184.5091262292097));
#4915=IFCCARTESIANPOINT((0.,-76.,186.43200000006502));
#4916=IFCCARTESIANPOINT((-14.605676353219097,-76.,184.50912622920978));
#4917=IFCCARTESIANPOINT((-28.215999999993638,-76.,178.87154558642854));
#4918=IFCCARTESIANPOINT((-39.903449875912898,-76.,169.90344987598436));
#4919=IFCCARTESIANPOINT((-48.871545586357108,-76.,158.21600000006515));
#4920=IFCCARTESIANPOINT((-54.509126229138388,-76.,144.60567635329068));
#4921=IFCPOLYLOOP((#4897,#4898,#4899,#4900,#4901,#4902,#4903,#4904,#4905,#4906,#4907,#4908,#4909,#4910,#4911,#4912,#4913,#4914,#4915,#4916,#4917,#4918,#4919,#4920));
#4922=IFCFACEOUTERBOUND(#4921,.T.);
#4923=IFCFACE((#4922));
#4924=IFCPOLYLOOP((#4867,#4866,#4898,#4897));
#4925=IFCFACEOUTERBOUND(#4924,.T.);
#4926=IFCFACE((#4925));
#4927=IFCPOLYLOOP((#4866,#4865,#4899,#4898));
#4928=IFCFACEOUTERBOUND(#4927,.T.);
#4929=IFCFACE((#4928));
#4930=IFCPOLYLOOP((#4864,#4863,#4901,#4900));
#4931=IFCFACEOUTERBOUND(#4930,.T.);
#4932=IFCFACE((#4931));
#4933=IFCPOLYLOOP((#4865,#4864,#4900,#4899));
#4934=IFCFACEOUTERBOUND(#4933,.T.);
#4935=IFCFACE((#4934));
#4936=IFCPOLYLOOP((#4863,#4862,#4902,#4901));
#4937=IFCFACEOUTERBOUND(#4936,.T.);
#4938=IFCFACE((#4937));
#4939=IFCPOLYLOOP((#4903,#4902,#4862,#4861));
#4940=IFCFACEOUTERBOUND(#4939,.T.);
#4941=IFCFACE((#4940));
#4942=IFCPOLYLOOP((#4861,#4887,#4904,#4903));
#4943=IFCFACEOUTERBOUND(#4942,.T.);
#4944=IFCFACE((#4943));
#4945=IFCPOLYLOOP((#4887,#4886,#4905,#4904));
#4946=IFCFACEOUTERBOUND(#4945,.T.);
#4947=IFCFACE((#4946));
#4948=IFCPOLYLOOP((#4885,#4884,#4907,#4906));
#4949=IFCFACEOUTERBOUND(#4948,.T.);
#4950=IFCFACE((#4949));
#4951=IFCPOLYLOOP((#4886,#4885,#4906,#4905));
#4952=IFCFACEOUTERBOUND(#4951,.T.);
#4953=IFCFACE((#4952));
#4954=IFCPOLYLOOP((#4884,#4883,#4908,#4907));
#4955=IFCFACEOUTERBOUND(#4954,.T.);
#4956=IFCFACE((#4955));
#4957=IFCPOLYLOOP((#4909,#4908,#4883,#4882));
#4958=IFCFACEOUTERBOUND(#4957,.T.);
#4959=IFCFACE((#4958));
#4960=IFCPOLYLOOP((#4882,#4881,#4910,#4909));
#4961=IFCFACEOUTERBOUND(#4960,.T.);
#4962=IFCFACE((#4961));
#4963=IFCPOLYLOOP((#4881,#4880,#4911,#4910));
#4964=IFCFACEOUTERBOUND(#4963,.T.);
#4965=IFCFACE((#4964));
#4966=IFCPOLYLOOP((#4879,#4878,#4913,#4912));
#4967=IFCFACEOUTERBOUND(#4966,.T.);
#4968=IFCFACE((#4967));
#4969=IFCPOLYLOOP((#4880,#4879,#4912,#4911));
#4970=IFCFACEOUTERBOUND(#4969,.T.);
#4971=IFCFACE((#4970));
#4972=IFCPOLYLOOP((#4878,#4877,#4914,#4913));
#4973=IFCFACEOUTERBOUND(#4972,.T.);
#4974=IFCFACE((#4973));
#4975=IFCPOLYLOOP((#4915,#4914,#4877,#4873));
#4976=IFCFACEOUTERBOUND(#4975,.T.);
#4977=IFCFACE((#4976));
#4978=IFCPOLYLOOP((#4873,#4872,#4916,#4915));
#4979=IFCFACEOUTERBOUND(#4978,.T.);
#4980=IFCFACE((#4979));
#4981=IFCPOLYLOOP((#4872,#4871,#4917,#4916));
#4982=IFCFACEOUTERBOUND(#4981,.T.);
#4983=IFCFACE((#4982));
#4984=IFCPOLYLOOP((#4870,#4869,#4919,#4918));
#4985=IFCFACEOUTERBOUND(#4984,.T.);
#4986=IFCFACE((#4985));
#4987=IFCPOLYLOOP((#4871,#4870,#4918,#4917));
#4988=IFCFACEOUTERBOUND(#4987,.T.);
#4989=IFCFACE((#4988));
#4990=IFCPOLYLOOP((#4869,#4868,#4920,#4919));
#4991=IFCFACEOUTERBOUND(#4990,.T.);
#4992=IFCFACE((#4991));
#4993=IFCPOLYLOOP((#4897,#4920,#4868,#4867));
#4994=IFCFACEOUTERBOUND(#4993,.T.);
#4995=IFCFACE((#4994));
#4996=IFCCARTESIANPOINT((15.284705892205238,-0.007147823998820968,215.64999103546143));
#4997=IFCPOLYLOOP((#4996,#3379,#3350,#3947));
#4998=IFCFACEOUTERBOUND(#4997,.T.);
#4999=IFCFACE((#4998));
#5000=IFCPOLYLOOP((#3504,#3063,#2921));
#5001=IFCFACEOUTERBOUND(#5000,.T.);
#5002=IFCFACE((#5001));
#5003=IFCPOLYLOOP((#3504,#2921,#2947));
#5004=IFCFACEOUTERBOUND(#5003,.T.);
#5005=IFCFACE((#5004));
#5006=IFCPOLYLOOP((#3063,#3947,#3350));
#5007=IFCFACEOUTERBOUND(#5006,.T.);
#5008=IFCFACE((#5007));
#5009=IFCPOLYLOOP((#3947,#3948,#4996));
#5010=IFCFACEOUTERBOUND(#5009,.T.);
#5011=IFCFACE((#5010));
#5012=IFCCARTESIANPOINT((-15.284367522597314,-0.0069055190164363017,215.64999103546143));
#5013=IFCPOLYLOOP((#2947,#5012,#3490,#3504));
#5014=IFCFACEOUTERBOUND(#5013,.T.);
#5015=IFCFACE((#5014));
#5016=IFCPOLYLOOP((#1837,#4136,#1838));
#5017=IFCFACEOUTERBOUND(#5016,.T.);
#5018=IFCFACE((#5017));
#5019=IFCPOLYLOOP((#1838,#4121,#1839));
#5020=IFCFACEOUTERBOUND(#5019,.T.);
#5021=IFCFACE((#5020));
#5022=IFCPOLYLOOP((#1839,#3562,#1840));
#5023=IFCFACEOUTERBOUND(#5022,.T.);
#5024=IFCFACE((#5023));
#5025=IFCPOLYLOOP((#3563,#3562,#1839));
#5026=IFCFACEOUTERBOUND(#5025,.T.);
#5027=IFCFACE((#5026));
#5028=IFCPOLYLOOP((#1841,#1840,#2917));
#5029=IFCFACEOUTERBOUND(#5028,.T.);
#5030=IFCFACE((#5029));
#5031=IFCPOLYLOOP((#2917,#1840,#2891));
#5032=IFCFACEOUTERBOUND(#5031,.T.);
#5033=IFCFACE((#5032));
#5034=IFCPOLYLOOP((#1839,#3585,#3563));
#5035=IFCFACEOUTERBOUND(#5034,.T.);
#5036=IFCFACE((#5035));
#5037=IFCPOLYLOOP((#1842,#1841,#2594));
#5038=IFCFACEOUTERBOUND(#5037,.T.);
#5039=IFCFACE((#5038));
#5040=IFCCARTESIANPOINT((-15.844452112913132,-0.2613301293924451,215.90620722770691));
#5041=IFCCARTESIANPOINT((-15.479992845654488,0.52240850413218143,216.64947581291199));
#5042=IFCPOLYLOOP((#2890,#5040,#5041));
#5043=IFCFACEOUTERBOUND(#5042,.T.);
#5044=IFCFACE((#5043));
#5045=IFCPOLYLOOP((#1843,#1842,#2598));
#5046=IFCFACEOUTERBOUND(#5045,.T.);
#5047=IFCFACE((#5046));
#5048=IFCPOLYLOOP((#1841,#2860,#2864));
#5049=IFCFACEOUTERBOUND(#5048,.T.);
#5050=IFCFACE((#5049));
#5051=IFCPOLYLOOP((#1842,#2594,#2598));
#5052=IFCFACEOUTERBOUND(#5051,.T.);
#5053=IFCFACE((#5052));
#5054=IFCPOLYLOOP((#2594,#1841,#2864));
#5055=IFCFACEOUTERBOUND(#5054,.T.);
#5056=IFCFACE((#5055));
#5057=IFCCARTESIANPOINT((15.279881286621094,0.33028010465204716,216.14974250793458));
#5058=IFCPOLYLOOP((#5057,#3379,#4996));
#5059=IFCFACEOUTERBOUND(#5058,.T.);
#5060=IFCFACE((#5059));
#5061=IFCPOLYLOOP((#2598,#2599,#1843));
#5062=IFCFACEOUTERBOUND(#5061,.T.);
#5063=IFCFACE((#5062));
#5064=IFCPOLYLOOP((#2917,#2860,#1841));
#5065=IFCFACEOUTERBOUND(#5064,.T.);
#5066=IFCFACE((#5065));
#5067=IFCPOLYLOOP((#4121,#1838,#4136));
#5068=IFCFACEOUTERBOUND(#5067,.T.);
#5069=IFCFACE((#5068));
#5070=IFCPOLYLOOP((#4137,#1837,#4136));
#5071=IFCFACEOUTERBOUND(#5070,.T.);
#5072=IFCFACE((#5071));
#5073=IFCPOLYLOOP((#3562,#3549,#1840));
#5074=IFCFACEOUTERBOUND(#5073,.T.);
#5075=IFCFACE((#5074));
#5076=IFCPOLYLOOP((#3585,#1839,#4121));
#5077=IFCFACEOUTERBOUND(#5076,.T.);
#5078=IFCFACE((#5077));
#5079=IFCPOLYLOOP((#2891,#3567,#3651));
#5080=IFCFACEOUTERBOUND(#5079,.T.);
#5081=IFCFACE((#5080));
#5082=IFCPOLYLOOP((#1840,#3549,#3567));
#5083=IFCFACEOUTERBOUND(#5082,.T.);
#5084=IFCFACE((#5083));
#5085=IFCCARTESIANPOINT((16.201527428627013,-0.36889121364802124,216.16240525245667));
#5086=IFCPOLYLOOP((#3346,#5085,#3318));
#5087=IFCFACEOUTERBOUND(#5086,.T.);
#5088=IFCFACE((#5087));
#5089=IFCCARTESIANPOINT((-16.201527428627013,-0.36889121364802124,216.16240525245667));
#5090=IFCPOLYLOOP((#5089,#2890,#2891));
#5091=IFCFACEOUTERBOUND(#5090,.T.);
#5092=IFCFACE((#5091));
#5093=IFCPOLYLOOP((#3651,#5089,#2891));
#5094=IFCFACEOUTERBOUND(#5093,.T.);
#5095=IFCFACE((#5094));
#5096=IFCPOLYLOOP((#5040,#3490,#5041));
#5097=IFCFACEOUTERBOUND(#5096,.T.);
#5098=IFCFACE((#5097));
#5099=IFCCARTESIANPOINT((-15.279881286621094,0.33028010465204716,216.14974250793458));
#5100=IFCPOLYLOOP((#5099,#5012,#2947));
#5101=IFCFACEOUTERBOUND(#5100,.T.);
#5102=IFCFACE((#5101));
#5103=IFCPOLYLOOP((#3490,#5099,#5041));
#5104=IFCFACEOUTERBOUND(#5103,.T.);
#5105=IFCFACE((#5104));
#5106=IFCPOLYLOOP((#2891,#1840,#3567));
#5107=IFCFACEOUTERBOUND(#5106,.T.);
#5108=IFCFACE((#5107));
#5109=IFCPOLYLOOP((#2814,#1843,#2599));
#5110=IFCFACEOUTERBOUND(#5109,.T.);
#5111=IFCFACE((#5110));
#5112=IFCPOLYLOOP((#1844,#1843,#2814));
#5113=IFCFACEOUTERBOUND(#5112,.T.);
#5114=IFCFACE((#5113));
#5115=IFCCARTESIANPOINT((15.844452112913132,-0.2613301293924451,215.90620722770691));
#5116=IFCPOLYLOOP((#5115,#5085,#3346));
#5117=IFCFACEOUTERBOUND(#5116,.T.);
#5118=IFCFACE((#5117));
#5119=IFCPOLYLOOP((#1845,#1844,#2806));
#5120=IFCFACEOUTERBOUND(#5119,.T.);
#5121=IFCFACE((#5120));
#5122=IFCPOLYLOOP((#1844,#2814,#2806));
#5123=IFCFACEOUTERBOUND(#5122,.T.);
#5124=IFCFACE((#5123));
#5125=IFCPOLYLOOP((#1845,#2806,#3326));
#5126=IFCFACEOUTERBOUND(#5125,.T.);
#5127=IFCFACE((#5126));
#5128=IFCPOLYLOOP((#3326,#3333,#1845));
#5129=IFCFACEOUTERBOUND(#5128,.T.);
#5130=IFCFACE((#5129));
#5131=IFCPOLYLOOP((#1847,#4006,#4007));
#5132=IFCFACEOUTERBOUND(#5131,.T.);
#5133=IFCFACE((#5132));
#5134=IFCPOLYLOOP((#1847,#4284,#1848));
#5135=IFCFACEOUTERBOUND(#5134,.T.);
#5136=IFCFACE((#5135));
#5137=IFCPOLYLOOP((#3317,#1845,#3333));
#5138=IFCFACEOUTERBOUND(#5137,.T.);
#5139=IFCFACE((#5138));
#5140=IFCPOLYLOOP((#3318,#1846,#3317));
#5141=IFCFACEOUTERBOUND(#5140,.T.);
#5142=IFCFACE((#5141));
#5143=IFCPOLYLOOP((#1846,#4014,#1847));
#5144=IFCFACEOUTERBOUND(#5143,.T.);
#5145=IFCFACE((#5144));
#5146=IFCPOLYLOOP((#3317,#1846,#1845));
#5147=IFCFACEOUTERBOUND(#5146,.T.);
#5148=IFCFACE((#5147));
#5149=IFCPOLYLOOP((#1847,#4014,#4006));
#5150=IFCFACEOUTERBOUND(#5149,.T.);
#5151=IFCFACE((#5150));
#5152=IFCPOLYLOOP((#4277,#1825,#1848));
#5153=IFCFACEOUTERBOUND(#5152,.T.);
#5154=IFCFACE((#5153));
#5155=IFCPOLYLOOP((#5012,#5099,#3490));
#5156=IFCFACEOUTERBOUND(#5155,.T.);
#5157=IFCFACE((#5156));
#5158=IFCPOLYLOOP((#3318,#5085,#3953));
#5159=IFCFACEOUTERBOUND(#5158,.T.);
#5160=IFCFACE((#5159));
#5161=IFCPOLYLOOP((#3952,#3318,#3953));
#5162=IFCFACEOUTERBOUND(#5161,.T.);
#5163=IFCFACE((#5162));
#5164=IFCCARTESIANPOINT((15.479992845654488,0.52240850413218143,216.64947581291199));
#5165=IFCPOLYLOOP((#5164,#3948,#5115));
#5166=IFCFACEOUTERBOUND(#5165,.T.);
#5167=IFCFACE((#5166));
#5168=IFCPOLYLOOP((#5115,#3346,#5164));
#5169=IFCFACEOUTERBOUND(#5168,.T.);
#5170=IFCFACE((#5169));
#5171=IFCPOLYLOOP((#3948,#5164,#5057));
#5172=IFCFACEOUTERBOUND(#5171,.T.);
#5173=IFCFACE((#5172));
#5174=IFCPOLYLOOP((#5057,#4996,#3948));
#5175=IFCFACEOUTERBOUND(#5174,.T.);
#5176=IFCFACE((#5175));
#5177=IFCPOLYLOOP((#5089,#5040,#2890));
#5178=IFCFACEOUTERBOUND(#5177,.T.);
#5179=IFCFACE((#5178));
#5180=IFCPOLYLOOP((#4014,#1846,#3981));
#5181=IFCFACEOUTERBOUND(#5180,.T.);
#5182=IFCFACE((#5181));
#5183=IFCPOLYLOOP((#4284,#1847,#4007));
#5184=IFCFACEOUTERBOUND(#5183,.T.);
#5185=IFCFACE((#5184));
#5186=IFCPOLYLOOP((#1846,#3318,#3952));
#5187=IFCFACEOUTERBOUND(#5186,.T.);
#5188=IFCFACE((#5187));
#5189=IFCPOLYLOOP((#1848,#4284,#4277));
#5190=IFCFACEOUTERBOUND(#5189,.T.);
#5191=IFCFACE((#5190));
#5192=IFCPOLYLOOP((#4313,#4277,#1825));
#5193=IFCFACEOUTERBOUND(#5192,.T.);
#5194=IFCFACE((#5193));
#5195=IFCPOLYLOOP((#3981,#1846,#3952));
#5196=IFCFACEOUTERBOUND(#5195,.T.);
#5197=IFCFACE((#5196));
#5198=IFCPOLYLOOP((#1826,#4312,#1825));
#5199=IFCFACEOUTERBOUND(#5198,.T.);
#5200=IFCFACE((#5199));
#5201=IFCPOLYLOOP((#1827,#4333,#1826));
#5202=IFCFACEOUTERBOUND(#5201,.T.);
#5203=IFCFACE((#5202));
#5204=IFCPOLYLOOP((#4337,#1828,#1829));
#5205=IFCFACEOUTERBOUND(#5204,.T.);
#5206=IFCFACE((#5205));
#5207=IFCPOLYLOOP((#1829,#1830,#4308));
#5208=IFCFACEOUTERBOUND(#5207,.T.);
#5209=IFCFACE((#5208));
#5210=IFCPOLYLOOP((#1827,#1828,#4338));
#5211=IFCFACEOUTERBOUND(#5210,.T.);
#5212=IFCFACE((#5211));
#5213=IFCPOLYLOOP((#1831,#4306,#1830));
#5214=IFCFACEOUTERBOUND(#5213,.T.);
#5215=IFCFACE((#5214));
#5216=IFCPOLYLOOP((#1825,#4312,#4313));
#5217=IFCFACEOUTERBOUND(#5216,.T.);
#5218=IFCFACE((#5217));
#5219=IFCPOLYLOOP((#1826,#4333,#4312));
#5220=IFCFACEOUTERBOUND(#5219,.T.);
#5221=IFCFACE((#5220));
#5222=IFCPOLYLOOP((#4306,#4308,#1830));
#5223=IFCFACEOUTERBOUND(#5222,.T.);
#5224=IFCFACE((#5223));
#5225=IFCPOLYLOOP((#4333,#1827,#4338));
#5226=IFCFACEOUTERBOUND(#5225,.T.);
#5227=IFCFACE((#5226));
#5228=IFCPOLYLOOP((#4338,#1828,#4337));
#5229=IFCFACEOUTERBOUND(#5228,.T.);
#5230=IFCFACE((#5229));
#5231=IFCPOLYLOOP((#1829,#4308,#4337));
#5232=IFCFACEOUTERBOUND(#5231,.T.);
#5233=IFCFACE((#5232));
#5234=IFCPOLYLOOP((#1831,#4156,#4306));
#5235=IFCFACEOUTERBOUND(#5234,.T.);
#5236=IFCFACE((#5235));
#5237=IFCPOLYLOOP((#4156,#1831,#4151));
#5238=IFCFACEOUTERBOUND(#5237,.T.);
#5239=IFCFACE((#5238));
#5240=IFCPOLYLOOP((#4151,#1831,#1832));
#5241=IFCFACEOUTERBOUND(#5240,.T.);
#5242=IFCFACE((#5241));
#5243=IFCPOLYLOOP((#1833,#4132,#1832));
#5244=IFCFACEOUTERBOUND(#5243,.T.);
#5245=IFCFACE((#5244));
#5246=IFCPOLYLOOP((#1835,#1836,#4117));
#5247=IFCFACEOUTERBOUND(#5246,.T.);
#5248=IFCFACE((#5247));
#5249=IFCPOLYLOOP((#4163,#1834,#1835));
#5250=IFCFACEOUTERBOUND(#5249,.T.);
#5251=IFCFACE((#5250));
#5252=IFCPOLYLOOP((#4130,#1833,#1834));
#5253=IFCFACEOUTERBOUND(#5252,.T.);
#5254=IFCFACE((#5253));
#5255=IFCPOLYLOOP((#4111,#1836,#1837));
#5256=IFCFACEOUTERBOUND(#5255,.T.);
#5257=IFCFACE((#5256));
#5258=IFCPOLYLOOP((#4132,#4151,#1832));
#5259=IFCFACEOUTERBOUND(#5258,.T.);
#5260=IFCFACE((#5259));
#5261=IFCPOLYLOOP((#4132,#1833,#4130));
#5262=IFCFACEOUTERBOUND(#5261,.T.);
#5263=IFCFACE((#5262));
#5264=IFCPOLYLOOP((#4163,#1835,#4117));
#5265=IFCFACEOUTERBOUND(#5264,.T.);
#5266=IFCFACE((#5265));
#5267=IFCPOLYLOOP((#4111,#4117,#1836));
#5268=IFCFACEOUTERBOUND(#5267,.T.);
#5269=IFCFACE((#5268));
#5270=IFCPOLYLOOP((#4130,#1834,#4163));
#5271=IFCFACEOUTERBOUND(#5270,.T.);
#5272=IFCFACE((#5271));
#5273=IFCPOLYLOOP((#1837,#4137,#4111));
#5274=IFCFACEOUTERBOUND(#5273,.T.);
#5275=IFCFACE((#5274));
#5276=IFCCARTESIANPOINT((-15.280202624201776,0.0039230821414093951,44.350000047683714));
#5277=IFCPOLYLOOP((#3633,#5276,#2886,#3052));
#5278=IFCFACEOUTERBOUND(#5277,.T.);
#5279=IFCFACE((#5278));
#5280=IFCCARTESIANPOINT((15.280614799261095,0.0042184051300864665,44.350000047683714));
#5281=IFCPOLYLOOP((#3805,#3232,#3177,#5280));
#5282=IFCFACEOUTERBOUND(#5281,.T.);
#5283=IFCFACE((#5282));
#5284=IFCPOLYLOOP((#3052,#3632,#3633));
#5285=IFCFACEOUTERBOUND(#5284,.T.);
#5286=IFCFACE((#5285));
#5287=IFCPOLYLOOP((#3052,#2955,#3632));
#5288=IFCFACEOUTERBOUND(#5287,.T.);
#5289=IFCFACE((#5288));
#5290=IFCPOLYLOOP((#3232,#3805,#3819));
#5291=IFCFACEOUTERBOUND(#5290,.T.);
#5292=IFCFACE((#5291));
#5293=IFCPOLYLOOP((#3232,#3819,#2955));
#5294=IFCFACEOUTERBOUND(#5293,.T.);
#5295=IFCFACE((#5294));
#5296=IFCPOLYLOOP((#1961,#2634,#1962));
#5297=IFCFACEOUTERBOUND(#5296,.T.);
#5298=IFCFACE((#5297));
#5299=IFCPOLYLOOP((#1960,#2642,#1961));
#5300=IFCFACEOUTERBOUND(#5299,.T.);
#5301=IFCFACE((#5300));
#5302=IFCPOLYLOOP((#1959,#3008,#1960));
#5303=IFCFACEOUTERBOUND(#5302,.T.);
#5304=IFCFACE((#5303));
#5305=IFCPOLYLOOP((#1960,#3008,#3001));
#5306=IFCFACEOUTERBOUND(#5305,.T.);
#5307=IFCFACE((#5306));
#5308=IFCPOLYLOOP((#3572,#1959,#1958));
#5309=IFCFACEOUTERBOUND(#5308,.T.);
#5310=IFCFACE((#5309));
#5311=IFCPOLYLOOP((#3662,#1959,#3572));
#5312=IFCFACEOUTERBOUND(#5311,.T.);
#5313=IFCFACE((#5312));
#5314=IFCPOLYLOOP((#3001,#2643,#1960));
#5315=IFCFACEOUTERBOUND(#5314,.T.);
#5316=IFCFACE((#5315));
#5317=IFCPOLYLOOP((#3499,#1958,#1957));
#5318=IFCFACEOUTERBOUND(#5317,.T.);
#5319=IFCFACE((#5318));
#5320=IFCCARTESIANPOINT((-15.479992845654488,-0.52240850413218143,43.350519812107088));
#5321=IFCCARTESIANPOINT((-15.844452112913132,0.2613301293924451,44.093792939186095));
#5322=IFCPOLYLOOP((#5320,#5321,#3647));
#5323=IFCFACEOUTERBOUND(#5322,.T.);
#5324=IFCFACE((#5323));
#5325=IFCPOLYLOOP((#4203,#1957,#1956));
#5326=IFCFACEOUTERBOUND(#5325,.T.);
#5327=IFCFACE((#5326));
#5328=IFCCARTESIANPOINT((15.196570828557014,-0.055355991341639314,44.350000047683714));
#5329=IFCCARTESIANPOINT((15.179824939370157,-0.23421590491198005,44.100128853321074));
#5330=IFCPOLYLOOP((#5328,#3805,#5329));
#5331=IFCFACEOUTERBOUND(#5330,.T.);
#5332=IFCFACE((#5331));
#5333=IFCPOLYLOOP((#3498,#3573,#1958));
#5334=IFCFACEOUTERBOUND(#5333,.T.);
#5335=IFCFACE((#5334));
#5336=IFCPOLYLOOP((#4203,#3499,#1957));
#5337=IFCFACEOUTERBOUND(#5336,.T.);
#5338=IFCFACE((#5337));
#5339=IFCPOLYLOOP((#3498,#1958,#3499));
#5340=IFCFACEOUTERBOUND(#5339,.T.);
#5341=IFCFACE((#5340));
#5342=IFCCARTESIANPOINT((15.279881286621094,-0.33028010465204716,43.850257658958434));
#5343=IFCPOLYLOOP((#5280,#5329,#5342));
#5344=IFCFACEOUTERBOUND(#5343,.T.);
#5345=IFCFACE((#5344));
#5346=IFCPOLYLOOP((#1956,#4232,#4203));
#5347=IFCFACEOUTERBOUND(#5346,.T.);
#5348=IFCFACE((#5347));
#5349=IFCPOLYLOOP((#1958,#3573,#3572));
#5350=IFCFACEOUTERBOUND(#5349,.T.);
#5351=IFCFACE((#5350));
#5352=IFCPOLYLOOP((#2634,#1961,#2642));
#5353=IFCFACEOUTERBOUND(#5352,.T.);
#5354=IFCFACE((#5353));
#5355=IFCCARTESIANPOINT((-15.179824939370157,-0.23421590491198005,44.100128853321074));
#5356=IFCCARTESIANPOINT((-15.196571964025498,-0.055357117939274759,44.350000047683714));
#5357=IFCPOLYLOOP((#5355,#3633,#5356));
#5358=IFCFACEOUTERBOUND(#5357,.T.);
#5359=IFCFACE((#5358));
#5360=IFCPOLYLOOP((#2689,#1962,#2634));
#5361=IFCFACEOUTERBOUND(#5360,.T.);
#5362=IFCFACE((#5361));
#5363=IFCPOLYLOOP((#1959,#3016,#3008));
#5364=IFCFACEOUTERBOUND(#5363,.T.);
#5365=IFCFACE((#5364));
#5366=IFCPOLYLOOP((#2642,#1960,#2643));
#5367=IFCFACEOUTERBOUND(#5366,.T.);
#5368=IFCFACE((#5367));
#5369=IFCPOLYLOOP((#2878,#2877,#3662));
#5370=IFCFACEOUTERBOUND(#5369,.T.);
#5371=IFCFACE((#5370));
#5372=IFCPOLYLOOP((#2877,#3016,#1959));
#5373=IFCFACEOUTERBOUND(#5372,.T.);
#5374=IFCFACE((#5373));
#5375=IFCCARTESIANPOINT((16.201527428627013,0.36889121364802124,43.837585830688475));
#5376=IFCPOLYLOOP((#3897,#5375,#3917));
#5377=IFCFACEOUTERBOUND(#5376,.T.);
#5378=IFCFACE((#5377));
#5379=IFCCARTESIANPOINT((-16.201527428627013,0.36889121364802124,43.837585830688475));
#5380=IFCPOLYLOOP((#3662,#3647,#5379));
#5381=IFCFACEOUTERBOUND(#5380,.T.);
#5382=IFCFACE((#5381));
#5383=IFCPOLYLOOP((#3662,#5379,#2878));
#5384=IFCFACEOUTERBOUND(#5383,.T.);
#5385=IFCFACE((#5384));
#5386=IFCPOLYLOOP((#5320,#2886,#5321));
#5387=IFCFACEOUTERBOUND(#5386,.T.);
#5388=IFCFACE((#5387));
#5389=IFCPOLYLOOP((#5356,#5276,#5355));
#5390=IFCFACEOUTERBOUND(#5389,.T.);
#5391=IFCFACE((#5390));
#5392=IFCCARTESIANPOINT((-15.279881286621094,-0.33028010465204716,43.850257658958434));
#5393=IFCPOLYLOOP((#5320,#5392,#2886));
#5394=IFCFACEOUTERBOUND(#5393,.T.);
#5395=IFCFACE((#5394));
#5396=IFCPOLYLOOP((#2877,#1959,#3662));
#5397=IFCFACEOUTERBOUND(#5396,.T.);
#5398=IFCFACE((#5397));
#5399=IFCPOLYLOOP((#4232,#1956,#4243));
#5400=IFCFACEOUTERBOUND(#5399,.T.);
#5401=IFCFACE((#5400));
#5402=IFCPOLYLOOP((#4243,#1956,#1955));
#5403=IFCFACEOUTERBOUND(#5402,.T.);
#5404=IFCFACE((#5403));
#5405=IFCCARTESIANPOINT((15.844452112913132,0.2613301293924451,44.093792939186095));
#5406=IFCPOLYLOOP((#3917,#5375,#5405));
#5407=IFCFACEOUTERBOUND(#5406,.T.);
#5408=IFCFACE((#5407));
#5409=IFCPOLYLOOP((#3874,#1955,#1954));
#5410=IFCFACEOUTERBOUND(#5409,.T.);
#5411=IFCFACE((#5410));
#5412=IFCPOLYLOOP((#3874,#4243,#1955));
#5413=IFCFACEOUTERBOUND(#5412,.T.);
#5414=IFCFACE((#5413));
#5415=IFCPOLYLOOP((#3815,#3874,#1954));
#5416=IFCFACEOUTERBOUND(#5415,.T.);
#5417=IFCFACE((#5416));
#5418=IFCPOLYLOOP((#1954,#3813,#3815));
#5419=IFCFACEOUTERBOUND(#5418,.T.);
#5420=IFCFACE((#5419));
#5421=IFCPOLYLOOP((#2758,#3164,#1952));
#5422=IFCFACEOUTERBOUND(#5421,.T.);
#5423=IFCFACE((#5422));
#5424=IFCPOLYLOOP((#1951,#2748,#1952));
#5425=IFCFACEOUTERBOUND(#5424,.T.);
#5426=IFCFACE((#5425));
#5427=IFCPOLYLOOP((#5276,#5392,#5355));
#5428=IFCFACEOUTERBOUND(#5427,.T.);
#5429=IFCFACE((#5428));
#5430=IFCPOLYLOOP((#3813,#1954,#3882));
#5431=IFCFACEOUTERBOUND(#5430,.T.);
#5432=IFCFACE((#5431));
#5433=IFCPOLYLOOP((#3882,#1953,#3897));
#5434=IFCFACEOUTERBOUND(#5433,.T.);
#5435=IFCFACE((#5434));
#5436=IFCPOLYLOOP((#1952,#3213,#1953));
#5437=IFCFACEOUTERBOUND(#5436,.T.);
#5438=IFCFACE((#5437));
#5439=IFCPOLYLOOP((#1954,#1953,#3882));
#5440=IFCFACEOUTERBOUND(#5439,.T.);
#5441=IFCFACE((#5440));
#5442=IFCPOLYLOOP((#3164,#3213,#1952));
#5443=IFCFACEOUTERBOUND(#5442,.T.);
#5444=IFCFACE((#5443));
#5445=IFCPOLYLOOP((#1951,#1950,#2763));
#5446=IFCFACEOUTERBOUND(#5445,.T.);
#5447=IFCFACE((#5446));
#5448=IFCPOLYLOOP((#5329,#5280,#5328));
#5449=IFCFACEOUTERBOUND(#5448,.T.);
#5450=IFCFACE((#5449));
#5451=IFCPOLYLOOP((#2886,#5392,#5276));
#5452=IFCFACEOUTERBOUND(#5451,.T.);
#5453=IFCFACE((#5452));
#5454=IFCPOLYLOOP((#3255,#5375,#3897));
#5455=IFCFACEOUTERBOUND(#5454,.T.);
#5456=IFCFACE((#5455));
#5457=IFCPOLYLOOP((#3255,#3897,#3227));
#5458=IFCFACEOUTERBOUND(#5457,.T.);
#5459=IFCFACE((#5458));
#5460=IFCCARTESIANPOINT((15.479992845654488,-0.52240850413218143,43.350519812107088));
#5461=IFCPOLYLOOP((#5405,#3177,#5460));
#5462=IFCFACEOUTERBOUND(#5461,.T.);
#5463=IFCFACE((#5462));
#5464=IFCPOLYLOOP((#5460,#3917,#5405));
#5465=IFCFACEOUTERBOUND(#5464,.T.);
#5466=IFCFACE((#5465));
#5467=IFCPOLYLOOP((#5342,#5460,#3177));
#5468=IFCFACEOUTERBOUND(#5467,.T.);
#5469=IFCFACE((#5468));
#5470=IFCPOLYLOOP((#3177,#5280,#5342));
#5471=IFCFACEOUTERBOUND(#5470,.T.);
#5472=IFCFACE((#5471));
#5473=IFCPOLYLOOP((#3647,#5321,#5379));
#5474=IFCFACEOUTERBOUND(#5473,.T.);
#5475=IFCFACE((#5474));
#5476=IFCPOLYLOOP((#3196,#1953,#3213));
#5477=IFCFACEOUTERBOUND(#5476,.T.);
#5478=IFCFACE((#5477));
#5479=IFCPOLYLOOP((#2758,#1952,#2748));
#5480=IFCFACEOUTERBOUND(#5479,.T.);
#5481=IFCFACE((#5480));
#5482=IFCPOLYLOOP((#3227,#3897,#1953));
#5483=IFCFACEOUTERBOUND(#5482,.T.);
#5484=IFCFACE((#5483));
#5485=IFCPOLYLOOP((#2763,#2748,#1951));
#5486=IFCFACEOUTERBOUND(#5485,.T.);
#5487=IFCFACE((#5486));
#5488=IFCPOLYLOOP((#2767,#2763,#1950));
#5489=IFCFACEOUTERBOUND(#5488,.T.);
#5490=IFCFACE((#5489));
#5491=IFCPOLYLOOP((#3227,#1953,#3196));
#5492=IFCFACEOUTERBOUND(#5491,.T.);
#5493=IFCFACE((#5492));
#5494=IFCPOLYLOOP((#1973,#2754,#1950));
#5495=IFCFACEOUTERBOUND(#5494,.T.);
#5496=IFCFACE((#5495));
#5497=IFCPOLYLOOP((#1973,#2732,#1972));
#5498=IFCFACEOUTERBOUND(#5497,.T.);
#5499=IFCFACE((#5498));
#5500=IFCPOLYLOOP((#1970,#1971,#2736));
#5501=IFCFACEOUTERBOUND(#5500,.T.);
#5502=IFCFACE((#5501));
#5503=IFCPOLYLOOP((#2744,#1969,#1970));
#5504=IFCFACEOUTERBOUND(#5503,.T.);
#5505=IFCFACE((#5504));
#5506=IFCPOLYLOOP((#2728,#1971,#1972));
#5507=IFCFACEOUTERBOUND(#5506,.T.);
#5508=IFCFACE((#5507));
#5509=IFCPOLYLOOP((#1969,#2721,#1968));
#5510=IFCFACEOUTERBOUND(#5509,.T.);
#5511=IFCFACE((#5510));
#5512=IFCPOLYLOOP((#1950,#2754,#2767));
#5513=IFCFACEOUTERBOUND(#5512,.T.);
#5514=IFCFACE((#5513));
#5515=IFCPOLYLOOP((#2754,#2732,#1973));
#5516=IFCFACEOUTERBOUND(#5515,.T.);
#5517=IFCFACE((#5516));
#5518=IFCPOLYLOOP((#1969,#2744,#2721));
#5519=IFCFACEOUTERBOUND(#5518,.T.);
#5520=IFCFACE((#5519));
#5521=IFCPOLYLOOP((#2728,#1972,#2732));
#5522=IFCFACEOUTERBOUND(#5521,.T.);
#5523=IFCFACE((#5522));
#5524=IFCPOLYLOOP((#2736,#1971,#2728));
#5525=IFCFACEOUTERBOUND(#5524,.T.);
#5526=IFCFACE((#5525));
#5527=IFCPOLYLOOP((#2736,#2744,#1970));
#5528=IFCFACEOUTERBOUND(#5527,.T.);
#5529=IFCFACE((#5528));
#5530=IFCPOLYLOOP((#2721,#2677,#1968));
#5531=IFCFACEOUTERBOUND(#5530,.T.);
#5532=IFCFACE((#5531));
#5533=IFCPOLYLOOP((#2678,#1968,#2677));
#5534=IFCFACEOUTERBOUND(#5533,.T.);
#5535=IFCFACE((#5534));
#5536=IFCPOLYLOOP((#1967,#1968,#2678));
#5537=IFCFACEOUTERBOUND(#5536,.T.);
#5538=IFCFACE((#5537));
#5539=IFCPOLYLOOP((#1967,#2682,#1966));
#5540=IFCFACEOUTERBOUND(#5539,.T.);
#5541=IFCFACE((#5540));
#5542=IFCPOLYLOOP((#2673,#1963,#1964));
#5543=IFCFACEOUTERBOUND(#5542,.T.);
#5544=IFCFACE((#5543));
#5545=IFCPOLYLOOP((#1964,#1965,#2665));
#5546=IFCFACEOUTERBOUND(#5545,.T.);
#5547=IFCFACE((#5546));
#5548=IFCPOLYLOOP((#1965,#1966,#2669));
#5549=IFCFACEOUTERBOUND(#5548,.T.);
#5550=IFCFACE((#5549));
#5551=IFCPOLYLOOP((#2696,#1963,#1962));
#5552=IFCFACEOUTERBOUND(#5551,.T.);
#5553=IFCFACE((#5552));
#5554=IFCPOLYLOOP((#1967,#2678,#2682));
#5555=IFCFACEOUTERBOUND(#5554,.T.);
#5556=IFCFACE((#5555));
#5557=IFCPOLYLOOP((#2669,#1966,#2682));
#5558=IFCFACEOUTERBOUND(#5557,.T.);
#5559=IFCFACE((#5558));
#5560=IFCPOLYLOOP((#2673,#1964,#2665));
#5561=IFCFACEOUTERBOUND(#5560,.T.);
#5562=IFCFACE((#5561));
#5563=IFCPOLYLOOP((#1963,#2673,#2696));
#5564=IFCFACEOUTERBOUND(#5563,.T.);
#5565=IFCFACE((#5564));
#5566=IFCPOLYLOOP((#2665,#1965,#2669));
#5567=IFCFACEOUTERBOUND(#5566,.T.);
#5568=IFCFACE((#5567));
#5569=IFCPOLYLOOP((#1962,#2689,#2696));
#5570=IFCFACEOUTERBOUND(#5569,.T.);
#5571=IFCFACE((#5570));
#5572=IFCCARTESIANPOINT((-51.,-0.64046626582057609,12.699999999963909));
#5573=IFCCARTESIANPOINT((-49.262217140742536,-13.840237566049126,12.699999999963909));
#5574=IFCCARTESIANPOINT((-44.167295593006479,-26.140466265820574,12.699999999963909));
#5575=IFCCARTESIANPOINT((-36.062445840514059,-36.702912106334537,12.699999999963909));
#5576=IFCCARTESIANPOINT((-25.500000000000167,-44.807761858827007,12.699999999963909));
#5577=IFCCARTESIANPOINT((-13.199771300228772,-49.902683406563177,12.699999999963909));
#5578=IFCCARTESIANPOINT((-0.,-51.640466265820749,12.699999999963909));
#5579=IFCCARTESIANPOINT((13.199771300228315,-49.902683406563291,12.699999999963909));
#5580=IFCCARTESIANPOINT((25.499999999999769,-44.807761858827256,12.699999999963909));
#5581=IFCCARTESIANPOINT((36.062445840513725,-36.702912106334871,12.699999999963909));
#5582=IFCCARTESIANPOINT((44.167295593006223,-26.140466265821004,12.699999999963909));
#5583=IFCCARTESIANPOINT((49.262217140742401,-13.840237566049606,12.699999999963909));
#5584=IFCCARTESIANPOINT((51.,-0.64046626582102517,12.699999999963909));
#5585=IFCCARTESIANPOINT((49.262217140742486,12.559305034407807,12.699999999963909));
#5586=IFCCARTESIANPOINT((44.167295593006394,24.859533734179241,12.699999999963909));
#5587=IFCCARTESIANPOINT((36.062445840513952,35.421979574693161,12.699999999963909));
#5588=IFCCARTESIANPOINT((25.50000000000005,43.526829327185609,12.699999999963909));
#5589=IFCCARTESIANPOINT((13.199771300228624,48.62175087492173,12.699999999963909));
#5590=IFCCARTESIANPOINT((0.,50.359533734179266,12.699999999963909));
#5591=IFCCARTESIANPOINT((-13.199771300228477,48.621750874921773,12.699999999963909));
#5592=IFCCARTESIANPOINT((-25.499999999999915,43.526829327185688,12.699999999963909));
#5593=IFCCARTESIANPOINT((-36.062445840513838,35.421979574693268,12.699999999963909));
#5594=IFCCARTESIANPOINT((-44.167295593006308,24.859533734179376,12.699999999963909));
#5595=IFCCARTESIANPOINT((-49.26221714074245,12.559305034407961,12.699999999963909));
#5596=IFCPOLYLOOP((#5572,#5573,#5574,#5575,#5576,#5577,#5578,#5579,#5580,#5581,#5582,#5583,#5584,#5585,#5586,#5587,#5588,#5589,#5590,#5591,#5592,#5593,#5594,#5595));
#5597=IFCFACEOUTERBOUND(#5596,.T.);
#5598=IFCCARTESIANPOINT((-26.249999999991385,-0.,12.699999999963909));
#5599=IFCCARTESIANPOINT((-25.355552940079413,6.7939999339300101,12.699999999963909));
#5600=IFCCARTESIANPOINT((-22.733166849332864,13.124999999988825,12.699999999963909));
#5601=IFCCARTESIANPOINT((-18.561553006138215,18.561553006135679,12.699999999963909));
#5602=IFCCARTESIANPOINT((-13.12499999999134,22.73316684933031,12.699999999963909));
#5603=IFCCARTESIANPOINT((-6.7939999339325094,25.355552940076819,12.699999999963909));
#5604=IFCCARTESIANPOINT((0.,26.249999999988766,12.699999999963909));
#5605=IFCCARTESIANPOINT((6.7939999339498183,25.355552940076798,12.699999999963909));
#5606=IFCCARTESIANPOINT((13.12500000000864,22.733166849330267,12.699999999963909));
#5607=IFCCARTESIANPOINT((18.561553006155503,18.561553006135625,12.699999999963909));
#5608=IFCCARTESIANPOINT((22.733166849350138,13.124999999988754,12.699999999963909));
#5609=IFCCARTESIANPOINT((25.355552940096658,6.7939999339299293,12.699999999963909));
#5610=IFCCARTESIANPOINT((26.250000000008619,-0.,12.699999999963909));
#5611=IFCCARTESIANPOINT((25.355552940096658,-6.7939999339523984,12.699999999963909));
#5612=IFCCARTESIANPOINT((22.733166849350138,-13.125000000011223,12.699999999963909));
#5613=IFCCARTESIANPOINT((18.561553006155503,-18.561553006158093,12.699999999963909));
#5614=IFCCARTESIANPOINT((13.12500000000864,-22.733166849352735,12.699999999963909));
#5615=IFCCARTESIANPOINT((6.7939999339498183,-25.355552940099269,12.699999999963909));
#5616=IFCCARTESIANPOINT((0.,-26.250000000011237,12.699999999963909));
#5617=IFCCARTESIANPOINT((-6.7939999339325094,-25.35555294009929,12.699999999963909));
#5618=IFCCARTESIANPOINT((-13.12499999999134,-22.733166849352777,12.699999999963909));
#5619=IFCCARTESIANPOINT((-18.561553006138215,-18.56155300615815,12.699999999963909));
#5620=IFCCARTESIANPOINT((-22.733166849332864,-13.125000000011294,12.699999999963909));
#5621=IFCCARTESIANPOINT((-25.355552940079413,-6.7939999339524793,12.699999999963909));
#5622=IFCPOLYLOOP((#5598,#5599,#5600,#5601,#5602,#5603,#5604,#5605,#5606,#5607,#5608,#5609,#5610,#5611,#5612,#5613,#5614,#5615,#5616,#5617,#5618,#5619,#5620,#5621));
#5623=IFCFACEBOUND(#5622,.T.);
#5624=IFCFACE((#5597,#5623));
#5625=IFCCARTESIANPOINT((-51.,-0.64046626582059873,-0.));
#5626=IFCCARTESIANPOINT((-49.26221714074245,12.559305034407961,-0.));
#5627=IFCCARTESIANPOINT((-44.167295593006308,24.859533734179376,-0.));
#5628=IFCCARTESIANPOINT((-36.062445840513838,35.421979574693268,-0.));
#5629=IFCCARTESIANPOINT((-25.499999999999915,43.526829327185688,-0.));
#5630=IFCCARTESIANPOINT((-13.199771300228477,48.621750874921773,-0.));
#5631=IFCCARTESIANPOINT((0.,50.359533734179266,-0.));
#5632=IFCCARTESIANPOINT((13.199771300228624,48.62175087492173,-0.));
#5633=IFCCARTESIANPOINT((25.50000000000005,43.526829327185609,-0.));
#5634=IFCCARTESIANPOINT((36.062445840513952,35.421979574693161,-0.));
#5635=IFCCARTESIANPOINT((44.167295593006394,24.859533734179241,-0.));
#5636=IFCCARTESIANPOINT((49.262217140742486,12.559305034407807,-0.));
#5637=IFCCARTESIANPOINT((51.,-0.64046626582074084,-0.));
#5638=IFCCARTESIANPOINT((49.262217140742401,-13.840237566049606,-0.));
#5639=IFCCARTESIANPOINT((44.167295593006223,-26.140466265821004,-0.));
#5640=IFCCARTESIANPOINT((36.062445840513725,-36.702912106334871,-0.));
#5641=IFCCARTESIANPOINT((25.499999999999769,-44.807761858827256,-0.));
#5642=IFCCARTESIANPOINT((13.199771300228315,-49.902683406563291,-0.));
#5643=IFCCARTESIANPOINT((-0.,-51.640466265820749,-0.));
#5644=IFCCARTESIANPOINT((-13.199771300228772,-49.902683406563177,-0.));
#5645=IFCCARTESIANPOINT((-25.500000000000167,-44.807761858827007,-0.));
#5646=IFCCARTESIANPOINT((-36.062445840514059,-36.702912106334537,-0.));
#5647=IFCCARTESIANPOINT((-44.167295593006479,-26.140466265820574,-0.));
#5648=IFCCARTESIANPOINT((-49.262217140742536,-13.840237566049126,-0.));
#5649=IFCPOLYLOOP((#5625,#5626,#5627,#5628,#5629,#5630,#5631,#5632,#5633,#5634,#5635,#5636,#5637,#5638,#5639,#5640,#5641,#5642,#5643,#5644,#5645,#5646,#5647,#5648));
#5650=IFCFACEOUTERBOUND(#5649,.T.);
#5651=IFCFACE((#5650));
#5652=IFCPOLYLOOP((#5625,#5648,#5573,#5572));
#5653=IFCFACEOUTERBOUND(#5652,.T.);
#5654=IFCFACE((#5653));
#5655=IFCPOLYLOOP((#5648,#5647,#5574,#5573));
#5656=IFCFACEOUTERBOUND(#5655,.T.);
#5657=IFCFACE((#5656));
#5658=IFCPOLYLOOP((#5646,#5645,#5576,#5575));
#5659=IFCFACEOUTERBOUND(#5658,.T.);
#5660=IFCFACE((#5659));
#5661=IFCPOLYLOOP((#5647,#5646,#5575,#5574));
#5662=IFCFACEOUTERBOUND(#5661,.T.);
#5663=IFCFACE((#5662));
#5664=IFCPOLYLOOP((#5645,#5644,#5577,#5576));
#5665=IFCFACEOUTERBOUND(#5664,.T.);
#5666=IFCFACE((#5665));
#5667=IFCPOLYLOOP((#5578,#5577,#5644,#5643));
#5668=IFCFACEOUTERBOUND(#5667,.T.);
#5669=IFCFACE((#5668));
#5670=IFCPOLYLOOP((#5643,#5642,#5579,#5578));
#5671=IFCFACEOUTERBOUND(#5670,.T.);
#5672=IFCFACE((#5671));
#5673=IFCPOLYLOOP((#5642,#5641,#5580,#5579));
#5674=IFCFACEOUTERBOUND(#5673,.T.);
#5675=IFCFACE((#5674));
#5676=IFCPOLYLOOP((#5640,#5639,#5582,#5581));
#5677=IFCFACEOUTERBOUND(#5676,.T.);
#5678=IFCFACE((#5677));
#5679=IFCPOLYLOOP((#5641,#5640,#5581,#5580));
#5680=IFCFACEOUTERBOUND(#5679,.T.);
#5681=IFCFACE((#5680));
#5682=IFCPOLYLOOP((#5639,#5638,#5583,#5582));
#5683=IFCFACEOUTERBOUND(#5682,.T.);
#5684=IFCFACE((#5683));
#5685=IFCPOLYLOOP((#5584,#5583,#5638,#5637));
#5686=IFCFACEOUTERBOUND(#5685,.T.);
#5687=IFCFACE((#5686));
#5688=IFCPOLYLOOP((#5637,#5636,#5585,#5584));
#5689=IFCFACEOUTERBOUND(#5688,.T.);
#5690=IFCFACE((#5689));
#5691=IFCPOLYLOOP((#5585,#5586,#5635,#5636));
#5692=IFCFACEOUTERBOUND(#5691,.T.);
#5693=IFCFACE((#5692));
#5694=IFCPOLYLOOP((#5587,#5588,#5633,#5634));
#5695=IFCFACEOUTERBOUND(#5694,.T.);
#5696=IFCFACE((#5695));
#5697=IFCPOLYLOOP((#5586,#5587,#5634,#5635));
#5698=IFCFACEOUTERBOUND(#5697,.T.);
#5699=IFCFACE((#5698));
#5700=IFCPOLYLOOP((#5588,#5589,#5632,#5633));
#5701=IFCFACEOUTERBOUND(#5700,.T.);
#5702=IFCFACE((#5701));
#5703=IFCPOLYLOOP((#5631,#5632,#5589,#5590));
#5704=IFCFACEOUTERBOUND(#5703,.T.);
#5705=IFCFACE((#5704));
#5706=IFCPOLYLOOP((#5590,#5591,#5630,#5631));
#5707=IFCFACEOUTERBOUND(#5706,.T.);
#5708=IFCFACE((#5707));
#5709=IFCPOLYLOOP((#5591,#5592,#5629,#5630));
#5710=IFCFACEOUTERBOUND(#5709,.T.);
#5711=IFCFACE((#5710));
#5712=IFCPOLYLOOP((#5593,#5594,#5627,#5628));
#5713=IFCFACEOUTERBOUND(#5712,.T.);
#5714=IFCFACE((#5713));
#5715=IFCPOLYLOOP((#5592,#5593,#5628,#5629));
#5716=IFCFACEOUTERBOUND(#5715,.T.);
#5717=IFCFACE((#5716));
#5718=IFCPOLYLOOP((#5594,#5595,#5626,#5627));
#5719=IFCFACEOUTERBOUND(#5718,.T.);
#5720=IFCFACE((#5719));
#5721=IFCPOLYLOOP((#5572,#5595,#5626,#5625));
#5722=IFCFACEOUTERBOUND(#5721,.T.);
#5723=IFCFACE((#5722));
#5724=IFCCARTESIANPOINT((-15.079768592119217,-0.13815169630106539,44.350000047683714));
#5725=IFCCARTESIANPOINT((-15.280202624201776,0.0039230821414093951,44.350000047683714));
#5726=IFCCARTESIANPOINT((-15.48737679719925,0.15376906287856401,44.350000047683714));
#5727=IFCCARTESIANPOINT((-7.7443032547831541,0.0096198930172249671,44.350000047683714));
#5728=IFCPOLYLOOP((#5724,#5725,#5726,#5727));
#5729=IFCFACEOUTERBOUND(#5728,.T.);
#5730=IFCFACE((#5729));
#5731=IFCCARTESIANPOINT((15.079768592119217,-0.13815169630106539,44.350000047683714));
#5732=IFCCARTESIANPOINT((7.7443032547831541,0.0096198930172249671,44.350000047683714));
#5733=IFCCARTESIANPOINT((15.48737679719925,0.15376906287856401,44.350000047683714));
#5734=IFCCARTESIANPOINT((15.280614799261095,0.0042184051300864665,44.350000047683714));
#5735=IFCPOLYLOOP((#5731,#5732,#5733,#5734));
#5736=IFCFACEOUTERBOUND(#5735,.T.);
#5737=IFCFACE((#5736));
#5738=IFCCARTESIANPOINT((-7.5403918504714973,-0.0086471879534656178,44.350000047683714));
#5739=IFCPOLYLOOP((#5727,#5738,#5724));
#5740=IFCFACEOUTERBOUND(#5739,.T.);
#5741=IFCFACE((#5740));
#5742=IFCCARTESIANPOINT((0.,-0.,44.350000047683714));
#5743=IFCPOLYLOOP((#5727,#5742,#5738));
#5744=IFCFACEOUTERBOUND(#5743,.T.);
#5745=IFCFACE((#5744));
#5746=IFCCARTESIANPOINT((7.5403918504714973,-0.0086471879534656178,44.350000047683714));
#5747=IFCPOLYLOOP((#5732,#5731,#5746));
#5748=IFCFACEOUTERBOUND(#5747,.T.);
#5749=IFCFACE((#5748));
#5750=IFCPOLYLOOP((#5732,#5746,#5742));
#5751=IFCFACEOUTERBOUND(#5750,.T.);
#5752=IFCFACE((#5751));
#5753=IFCCARTESIANPOINT((-26.250001108646394,19.644651657342912,41.824395668506625));
#5754=IFCCARTESIANPOINT((-25.611300086975099,25.273421001434325,41.636766314506531));
#5755=IFCPOLYLOOP((#5598,#5753,#5754));
#5756=IFCFACEOUTERBOUND(#5755,.T.);
#5757=IFCFACE((#5756));
#5758=IFCCARTESIANPOINT((-23.641046530008317,30.557786858081819,41.089366042613982));
#5759=IFCPOLYLOOP((#5754,#5599,#5758));
#5760=IFCFACEOUTERBOUND(#5759,.T.);
#5761=IFCFACE((#5760));
#5762=IFCCARTESIANPOINT((-20.395373457670214,35.134617322683333,40.289192318916321));
#5763=IFCPOLYLOOP((#5762,#5758,#5600));
#5764=IFCFACEOUTERBOUND(#5763,.T.);
#5765=IFCFACE((#5764));
#5766=IFCCARTESIANPOINT((-5.6468221575021742,42.817508196830751,38.173460268974303));
#5767=IFCCARTESIANPOINT((-11.094706830382348,41.308075439929965,38.671431326866148));
#5768=IFCPOLYLOOP((#5603,#5766,#5767));
#5769=IFCFACEOUTERBOUND(#5768,.T.);
#5770=IFCFACE((#5769));
#5771=IFCCARTESIANPOINT((-16.110022294521332,38.748970198631291,39.421485471725468));
#5772=IFCPOLYLOOP((#5771,#5762,#5601));
#5773=IFCFACEOUTERBOUND(#5772,.T.);
#5774=IFCFACE((#5773));
#5775=IFCPOLYLOOP((#5767,#5771,#5602));
#5776=IFCFACEOUTERBOUND(#5775,.T.);
#5777=IFCFACE((#5776));
#5778=IFCPOLYLOOP((#5599,#5600,#5758));
#5779=IFCFACEOUTERBOUND(#5778,.T.);
#5780=IFCFACE((#5779));
#5781=IFCPOLYLOOP((#5599,#5598,#5754));
#5782=IFCFACEOUTERBOUND(#5781,.T.);
#5783=IFCFACE((#5782));
#5784=IFCPOLYLOOP((#5767,#5602,#5603));
#5785=IFCFACEOUTERBOUND(#5784,.T.);
#5786=IFCFACE((#5785));
#5787=IFCPOLYLOOP((#5602,#5771,#5601));
#5788=IFCFACEOUTERBOUND(#5787,.T.);
#5789=IFCFACE((#5788));
#5790=IFCPOLYLOOP((#5762,#5600,#5601));
#5791=IFCFACEOUTERBOUND(#5790,.T.);
#5792=IFCFACE((#5791));
#5793=IFCPOLYLOOP((#5766,#5603,#5604));
#5794=IFCFACEOUTERBOUND(#5793,.T.);
#5795=IFCFACE((#5794));
#5796=IFCCARTESIANPOINT((0.,43.315065944194792,37.999999290704729));
#5797=IFCPOLYLOOP((#5604,#5796,#5766));
#5798=IFCFACEOUTERBOUND(#5797,.T.);
#5799=IFCFACE((#5798));
#5800=IFCCARTESIANPOINT((16.110022294521332,38.748970198631291,39.421485471725468));
#5801=IFCCARTESIANPOINT((11.094706830382348,41.308075439929965,38.671431326866148));
#5802=IFCPOLYLOOP((#5800,#5801,#5606));
#5803=IFCFACEOUTERBOUND(#5802,.T.);
#5804=IFCFACE((#5803));
#5805=IFCCARTESIANPOINT((5.6468221575021742,42.817508196830751,38.173460268974303));
#5806=IFCPOLYLOOP((#5605,#5801,#5805));
#5807=IFCFACEOUTERBOUND(#5806,.T.);
#5808=IFCFACE((#5807));
#5809=IFCCARTESIANPOINT((25.611300086975099,25.273421001434325,41.636766314506531));
#5810=IFCCARTESIANPOINT((23.641046530008317,30.557786858081819,41.089366042613982));
#5811=IFCPOLYLOOP((#5609,#5809,#5810));
#5812=IFCFACEOUTERBOUND(#5811,.T.);
#5813=IFCFACE((#5812));
#5814=IFCCARTESIANPOINT((20.395373457670214,35.134617322683333,40.289192318916321));
#5815=IFCPOLYLOOP((#5810,#5814,#5608));
#5816=IFCFACEOUTERBOUND(#5815,.T.);
#5817=IFCFACE((#5816));
#5818=IFCPOLYLOOP((#5800,#5607,#5814));
#5819=IFCFACEOUTERBOUND(#5818,.T.);
#5820=IFCFACE((#5819));
#5821=IFCCARTESIANPOINT((26.250001108646394,19.644651657342912,41.824395668506625));
#5822=IFCPOLYLOOP((#5610,#5809,#5821));
#5823=IFCFACEOUTERBOUND(#5822,.T.);
#5824=IFCFACE((#5823));
#5825=IFCPOLYLOOP((#5805,#5604,#5605));
#5826=IFCFACEOUTERBOUND(#5825,.T.);
#5827=IFCFACE((#5826));
#5828=IFCPOLYLOOP((#5605,#5606,#5801));
#5829=IFCFACEOUTERBOUND(#5828,.T.);
#5830=IFCFACE((#5829));
#5831=IFCPOLYLOOP((#5796,#5604,#5805));
#5832=IFCFACEOUTERBOUND(#5831,.T.);
#5833=IFCFACE((#5832));
#5834=IFCPOLYLOOP((#5606,#5607,#5800));
#5835=IFCFACEOUTERBOUND(#5834,.T.);
#5836=IFCFACE((#5835));
#5837=IFCPOLYLOOP((#5607,#5608,#5814));
#5838=IFCFACEOUTERBOUND(#5837,.T.);
#5839=IFCFACE((#5838));
#5840=IFCPOLYLOOP((#5810,#5608,#5609));
#5841=IFCFACEOUTERBOUND(#5840,.T.);
#5842=IFCFACE((#5841));
#5843=IFCPOLYLOOP((#5809,#5610,#5609));
#5844=IFCFACEOUTERBOUND(#5843,.T.);
#5845=IFCFACE((#5844));
#5846=IFCCARTESIANPOINT((25.858187270164489,15.048135575652124,41.708695971965788));
#5847=IFCPOLYLOOP((#5610,#5821,#5846));
#5848=IFCFACEOUTERBOUND(#5847,.T.);
#5849=IFCFACE((#5848));
#5850=IFCCARTESIANPOINT((24.742146652936935,10.582674130797386,41.389470362663268));
#5851=IFCPOLYLOOP((#5611,#5846,#5850));
#5852=IFCFACEOUTERBOUND(#5851,.T.);
#5853=IFCFACE((#5852));
#5854=IFCCARTESIANPOINT((20.955881577730178,3.393615531921387,41.168530905246733));
#5855=IFCCARTESIANPOINT((19.69680826663971,2.2114061985164883,41.70421314239502));
#5856=IFCPOLYLOOP((#5854,#5855,#5613));
#5857=IFCFACEOUTERBOUND(#5856,.T.);
#5858=IFCFACE((#5857));
#5859=IFCCARTESIANPOINT((22.982915371656418,6.3500001892447475,40.916974675655368));
#5860=IFCPOLYLOOP((#5612,#5850,#5859));
#5861=IFCFACEOUTERBOUND(#5860,.T.);
#5862=IFCFACE((#5861));
#5863=IFCCARTESIANPOINT((15.27985289990902,-0.33042856715619567,43.850066900253296));
#5864=IFCPOLYLOOP((#5734,#5863,#5733));
#5865=IFCFACEOUTERBOUND(#5864,.T.);
#5866=IFCFACE((#5865));
#5867=IFCCARTESIANPOINT((15.637598142027855,-1.8027160339057446,41.285429656505585));
#5868=IFCCARTESIANPOINT((16.201819244027138,0.36900561209768057,43.83739053010941));
#5869=IFCCARTESIANPOINT((15.714711213111878,-0.74831737484782934,42.763523483276366));
#5870=IFCPOLYLOOP((#5867,#5868,#5869));
#5871=IFCFACEOUTERBOUND(#5870,.T.);
#5872=IFCFACE((#5871));
#5873=IFCCARTESIANPOINT((18.335132887959482,1.2720952894538642,42.436226963996887));
#5874=IFCCARTESIANPOINT((16.916261690855027,0.58424214357510207,43.324781012535098));
#5875=IFCPOLYLOOP((#5873,#5874,#5867));
#5876=IFCFACEOUTERBOUND(#5875,.T.);
#5877=IFCFACE((#5876));
#5878=IFCPOLYLOOP((#5867,#5874,#5868));
#5879=IFCFACEOUTERBOUND(#5878,.T.);
#5880=IFCFACE((#5879));
#5881=IFCCARTESIANPOINT((15.479938343167305,-0.52270542914047835,43.350133752822877));
#5882=IFCCARTESIANPOINT((15.844597452878952,0.26138732861727476,44.093693017959595));
#5883=IFCPOLYLOOP((#5881,#5869,#5882));
#5884=IFCFACEOUTERBOUND(#5883,.T.);
#5885=IFCFACE((#5884));
#5886=IFCPOLYLOOP((#5733,#5881,#5882));
#5887=IFCFACEOUTERBOUND(#5886,.T.);
#5888=IFCFACE((#5887));
#5889=IFCPOLYLOOP((#5855,#5873,#5613));
#5890=IFCFACEOUTERBOUND(#5889,.T.);
#5891=IFCFACE((#5890));
#5892=IFCCARTESIANPOINT((-15.714711213111878,-0.74831737484782934,42.763523483276366));
#5893=IFCCARTESIANPOINT((-15.844597452878952,0.26138732861727476,44.093693017959595));
#5894=IFCCARTESIANPOINT((-16.201819244027138,0.36900561209768057,43.83739053010941));
#5895=IFCPOLYLOOP((#5892,#5893,#5894));
#5896=IFCFACEOUTERBOUND(#5895,.T.);
#5897=IFCFACE((#5896));
#5898=IFCPOLYLOOP((#5873,#5867,#5613));
#5899=IFCFACEOUTERBOUND(#5898,.T.);
#5900=IFCFACE((#5899));
#5901=IFCPOLYLOOP((#5613,#5612,#5854));
#5902=IFCFACEOUTERBOUND(#5901,.T.);
#5903=IFCFACE((#5902));
#5904=IFCCARTESIANPOINT((14.951359596848489,-3.0561352796852588,40.15667406320572));
#5905=IFCPOLYLOOP((#5613,#5867,#5904));
#5906=IFCFACEOUTERBOUND(#5905,.T.);
#5907=IFCFACE((#5906));
#5908=IFCPOLYLOOP((#5613,#5904,#5614));
#5909=IFCFACEOUTERBOUND(#5908,.T.);
#5910=IFCFACE((#5909));
#5911=IFCCARTESIANPOINT((22.065756601095199,4.7926523655653002,40.885149765014653));
#5912=IFCPOLYLOOP((#5854,#5612,#5911));
#5913=IFCFACEOUTERBOUND(#5912,.T.);
#5914=IFCFACE((#5913));
#5915=IFCPOLYLOOP((#5611,#5610,#5846));
#5916=IFCFACEOUTERBOUND(#5915,.T.);
#5917=IFCFACE((#5916));
#5918=IFCPOLYLOOP((#5850,#5612,#5611));
#5919=IFCFACEOUTERBOUND(#5918,.T.);
#5920=IFCFACE((#5919));
#5921=IFCPOLYLOOP((#5859,#5911,#5612));
#5922=IFCFACEOUTERBOUND(#5921,.T.);
#5923=IFCFACE((#5922));
#5924=IFCCARTESIANPOINT((-15.27985289990902,-0.33042856715619567,43.850066900253296));
#5925=IFCPOLYLOOP((#5726,#5924,#5725));
#5926=IFCFACEOUTERBOUND(#5925,.T.);
#5927=IFCFACE((#5926));
#5928=IFCCARTESIANPOINT((-15.17981131374836,-0.23429013616405428,44.100033473968509));
#5929=IFCPOLYLOOP((#5725,#5924,#5928));
#5930=IFCFACEOUTERBOUND(#5929,.T.);
#5931=IFCFACE((#5930));
#5932=IFCCARTESIANPOINT((12.485738611221313,-5.4028945729136471,38.922878551483159));
#5933=IFCCARTESIANPOINT((10.951670730113984,-6.3500001892447475,38.654167664051059));
#5934=IFCPOLYLOOP((#5932,#5933,#5614));
#5935=IFCFACEOUTERBOUND(#5934,.T.);
#5936=IFCFACE((#5935));
#5937=IFCCARTESIANPOINT((13.850773841142654,-4.2922360762953762,39.395233440399174));
#5938=IFCPOLYLOOP((#5937,#5932,#5614));
#5939=IFCFACEOUTERBOUND(#5938,.T.);
#5940=IFCFACE((#5939));
#5941=IFCCARTESIANPOINT((-15.196571964025498,-0.055357117939274759,44.350000047683714));
#5942=IFCPOLYLOOP((#5928,#5724,#5941));
#5943=IFCFACEOUTERBOUND(#5942,.T.);
#5944=IFCFACE((#5943));
#5945=IFCPOLYLOOP((#5614,#5933,#5615));
#5946=IFCFACEOUTERBOUND(#5945,.T.);
#5947=IFCFACE((#5946));
#5948=IFCCARTESIANPOINT((5.6727182194590569,-8.4465819954872128,38.175054466724397));
#5949=IFCPOLYLOOP((#5948,#5616,#5615));
#5950=IFCFACEOUTERBOUND(#5949,.T.);
#5951=IFCFACE((#5950));
#5952=IFCCARTESIANPOINT((0.,-9.1849345698952671,37.999999290704729));
#5953=IFCPOLYLOOP((#5616,#5948,#5952));
#5954=IFCFACEOUTERBOUND(#5953,.T.);
#5955=IFCFACE((#5954));
#5956=IFCPOLYLOOP((#5933,#5948,#5615));
#5957=IFCFACEOUTERBOUND(#5956,.T.);
#5958=IFCFACE((#5957));
#5959=IFCCARTESIANPOINT((15.17981131374836,-0.23429013616405428,44.100033473968509));
#5960=IFCPOLYLOOP((#5734,#5959,#5863));
#5961=IFCFACEOUTERBOUND(#5960,.T.);
#5962=IFCFACE((#5961));
#5963=IFCPOLYLOOP((#5937,#5614,#5904));
#5964=IFCFACEOUTERBOUND(#5963,.T.);
#5965=IFCFACE((#5964));
#5966=IFCPOLYLOOP((#5941,#5725,#5928));
#5967=IFCFACEOUTERBOUND(#5966,.T.);
#5968=IFCFACE((#5967));
#5969=IFCCARTESIANPOINT((-15.479938343167305,-0.52270542914047835,43.350133752822877));
#5970=IFCPOLYLOOP((#5726,#5893,#5969));
#5971=IFCFACEOUTERBOUND(#5970,.T.);
#5972=IFCFACE((#5971));
#5973=IFCCARTESIANPOINT((-15.637598142027855,-1.8027160339057446,41.285429656505585));
#5974=IFCPOLYLOOP((#5892,#5894,#5973));
#5975=IFCFACEOUTERBOUND(#5974,.T.);
#5976=IFCFACE((#5975));
#5977=IFCPOLYLOOP((#5863,#5881,#5733));
#5978=IFCFACEOUTERBOUND(#5977,.T.);
#5979=IFCFACE((#5978));
#5980=IFCCARTESIANPOINT((-16.916261690855027,0.58424214357510207,43.324781012535098));
#5981=IFCPOLYLOOP((#5973,#5894,#5980));
#5982=IFCFACEOUTERBOUND(#5981,.T.);
#5983=IFCFACE((#5982));
#5984=IFCCARTESIANPOINT((-18.335132887959482,1.2720952894538642,42.436226963996887));
#5985=IFCPOLYLOOP((#5973,#5980,#5984));
#5986=IFCFACEOUTERBOUND(#5985,.T.);
#5987=IFCFACE((#5986));
#5988=IFCPOLYLOOP((#5869,#5868,#5882));
#5989=IFCFACEOUTERBOUND(#5988,.T.);
#5990=IFCFACE((#5989));
#5991=IFCCARTESIANPOINT((-24.742146652936935,10.582674130797386,41.389470362663268));
#5992=IFCCARTESIANPOINT((-25.858187270164489,15.048135575652124,41.708695971965788));
#5993=IFCPOLYLOOP((#5991,#5992,#5621));
#5994=IFCFACEOUTERBOUND(#5993,.T.);
#5995=IFCFACE((#5994));
#5996=IFCCARTESIANPOINT((-19.69680826663971,2.2114061985164883,41.70421314239502));
#5997=IFCPOLYLOOP((#5619,#5984,#5996));
#5998=IFCFACEOUTERBOUND(#5997,.T.);
#5999=IFCFACE((#5998));
#6000=IFCCARTESIANPOINT((-22.982915371656418,6.3500001892447475,40.916974675655368));
#6001=IFCPOLYLOOP((#5620,#6000,#5991));
#6002=IFCFACEOUTERBOUND(#6001,.T.);
#6003=IFCFACE((#6002));
#6004=IFCCARTESIANPOINT((-20.955881577730178,3.393615531921387,41.168530905246733));
#6005=IFCPOLYLOOP((#5619,#5996,#6004));
#6006=IFCFACEOUTERBOUND(#6005,.T.);
#6007=IFCFACE((#6006));
#6008=IFCPOLYLOOP((#5598,#5992,#5753));
#6009=IFCFACEOUTERBOUND(#6008,.T.);
#6010=IFCFACE((#6009));
#6011=IFCPOLYLOOP((#5973,#5984,#5619));
#6012=IFCFACEOUTERBOUND(#6011,.T.);
#6013=IFCFACE((#6012));
#6014=IFCCARTESIANPOINT((-10.951670730113984,-6.3500001892447475,38.654167664051059));
#6015=IFCCARTESIANPOINT((-12.485738611221313,-5.4028945729136471,38.922878551483159));
#6016=IFCPOLYLOOP((#6014,#6015,#5618));
#6017=IFCFACEOUTERBOUND(#6016,.T.);
#6018=IFCFACE((#6017));
#6019=IFCCARTESIANPOINT((-5.6432829022407534,-8.4543026134371768,38.173242259025578));
#6020=IFCPOLYLOOP((#6019,#6014,#5617));
#6021=IFCFACEOUTERBOUND(#6020,.T.);
#6022=IFCFACE((#6021));
#6023=IFCPOLYLOOP((#5617,#5616,#6019));
#6024=IFCFACEOUTERBOUND(#6023,.T.);
#6025=IFCFACE((#6024));
#6026=IFCPOLYLOOP((#5617,#6014,#5618));
#6027=IFCFACEOUTERBOUND(#6026,.T.);
#6028=IFCFACE((#6027));
#6029=IFCPOLYLOOP((#5969,#5924,#5726));
#6030=IFCFACEOUTERBOUND(#6029,.T.);
#6031=IFCFACE((#6030));
#6032=IFCPOLYLOOP((#6019,#5616,#5952));
#6033=IFCFACEOUTERBOUND(#6032,.T.);
#6034=IFCFACE((#6033));
#6035=IFCCARTESIANPOINT((-13.850773841142654,-4.2922360762953762,39.395233440399174));
#6036=IFCPOLYLOOP((#6015,#6035,#5618));
#6037=IFCFACEOUTERBOUND(#6036,.T.);
#6038=IFCFACE((#6037));
#6039=IFCCARTESIANPOINT((-14.951359596848489,-3.0561352796852588,40.15667406320572));
#6040=IFCPOLYLOOP((#5618,#6039,#5619));
#6041=IFCFACEOUTERBOUND(#6040,.T.);
#6042=IFCFACE((#6041));
#6043=IFCCARTESIANPOINT((15.196570828557014,-0.055355991341639314,44.350000047683714));
#6044=IFCPOLYLOOP((#5959,#5734,#6043));
#6045=IFCFACEOUTERBOUND(#6044,.T.);
#6046=IFCFACE((#6045));
#6047=IFCCARTESIANPOINT((-22.065756601095199,4.7926523655653002,40.885149765014653));
#6048=IFCPOLYLOOP((#6004,#6047,#5620));
#6049=IFCFACEOUTERBOUND(#6048,.T.);
#6050=IFCFACE((#6049));
#6051=IFCPOLYLOOP((#6039,#5973,#5619));
#6052=IFCFACEOUTERBOUND(#6051,.T.);
#6053=IFCFACE((#6052));
#6054=IFCPOLYLOOP((#6004,#5620,#5619));
#6055=IFCFACEOUTERBOUND(#6054,.T.);
#6056=IFCFACE((#6055));
#6057=IFCPOLYLOOP((#6047,#6000,#5620));
#6058=IFCFACEOUTERBOUND(#6057,.T.);
#6059=IFCFACE((#6058));
#6060=IFCPOLYLOOP((#5621,#5620,#5991));
#6061=IFCFACEOUTERBOUND(#6060,.T.);
#6062=IFCFACE((#6061));
#6063=IFCPOLYLOOP((#5992,#5598,#5621));
#6064=IFCFACEOUTERBOUND(#6063,.T.);
#6065=IFCFACE((#6064));
#6066=IFCPOLYLOOP((#6039,#5618,#6035));
#6067=IFCFACEOUTERBOUND(#6066,.T.);
#6068=IFCFACE((#6067));
#6069=IFCPOLYLOOP((#5969,#5893,#5892));
#6070=IFCFACEOUTERBOUND(#6069,.T.);
#6071=IFCFACE((#6070));
#6072=IFCPOLYLOOP((#6043,#5731,#5959));
#6073=IFCFACEOUTERBOUND(#6072,.T.);
#6074=IFCFACE((#6073));
#6075=IFCCARTESIANPOINT((-19.691918939352036,68.884562623500827,216.45826292037964));
#6076=IFCCARTESIANPOINT((-29.294026333093644,69.650000095367432,210.48468132019045));
#6077=IFCCARTESIANPOINT((0.,69.650000095367432,215.64999103546143));
#6078=IFCPOLYLOOP((#6075,#6076,#6077));
#6079=IFCFACEOUTERBOUND(#6078,.T.);
#6080=IFCFACE((#6079));
#6081=IFCCARTESIANPOINT((-21.109564965963365,66.417598378658298,218.70481910705567));
#6082=IFCCARTESIANPOINT((-39.893526971340179,65.926104032993322,212.26925625801087));
#6083=IFCCARTESIANPOINT((-31.465852797031403,63.300001609325413,216.45172262191772));
#6084=IFCPOLYLOOP((#6081,#6082,#6083));
#6085=IFCFACEOUTERBOUND(#6084,.T.);
#6086=IFCFACE((#6085));
#6087=IFCCARTESIANPOINT((-55.05476088523865,69.650000095367432,195.61171560287477));
#6088=IFCCARTESIANPOINT((-48.921087312698369,67.908695590496066,205.56474180221559));
#6089=IFCCARTESIANPOINT((-70.301200354099279,68.33735765218735,185.41562647819521));
#6090=IFCPOLYLOOP((#6087,#6088,#6089));
#6091=IFCFACEOUTERBOUND(#6090,.T.);
#6092=IFCFACE((#6091));
#6093=IFCCARTESIANPOINT((-80.925002288818362,66.156095445156097,87.682756590843198));
#6094=IFCCARTESIANPOINT((-64.053920888900763,66.282754683494574,65.002096116542816));
#6095=IFCCARTESIANPOINT((-69.405397474765778,63.300001609325413,71.761957848072058));
#6096=IFCPOLYLOOP((#6093,#6094,#6095));
#6097=IFCFACEOUTERBOUND(#6096,.T.);
#6098=IFCFACE((#6097));
#6099=IFCCARTESIANPOINT((-90.996071791648873,66.099676287174233,121.97211527824402));
#6100=IFCCARTESIANPOINT((-90.602309489250189,63.300001609325413,129.99999554157259));
#6101=IFCCARTESIANPOINT((-89.128780245780945,65.899965548515326,150.44366955757141));
#6102=IFCPOLYLOOP((#6099,#6100,#6101));
#6103=IFCFACEOUTERBOUND(#6102,.T.);
#6104=IFCFACE((#6103));
#6105=IFCPOLYLOOP((#6088,#6087,#6076));
#6106=IFCFACEOUTERBOUND(#6105,.T.);
#6107=IFCFACE((#6106));
#6108=IFCCARTESIANPOINT((-85.197524929046637,67.818453097343451,159.35110187530518));
#6109=IFCCARTESIANPOINT((-74.612033700943002,66.007994019985205,182.78104891777039));
#6110=IFCCARTESIANPOINT((-83.744461369514468,65.662352871894839,166.9757818222046));
#6111=IFCPOLYLOOP((#6108,#6109,#6110));
#6112=IFCFACEOUTERBOUND(#6111,.T.);
#6113=IFCFACE((#6112));
#6114=IFCCARTESIANPOINT((-84.34878494739533,69.650000095367432,144.87297034263611));
#6115=IFCCARTESIANPOINT((-74.175073635578158,69.650000095367432,172.82500691413881));
#6116=IFCPOLYLOOP((#6108,#6114,#6115));
#6117=IFCFACEOUTERBOUND(#6116,.T.);
#6118=IFCFACE((#6117));
#6119=IFCCARTESIANPOINT((0.,63.300001609325413,222.00000314712526));
#6120=IFCCARTESIANPOINT((0.,67.790129971504214,220.14012393951415));
#6121=IFCPOLYLOOP((#6081,#6119,#6120));
#6122=IFCFACEOUTERBOUND(#6121,.T.);
#6123=IFCFACE((#6122));
#6124=IFCCARTESIANPOINT((-39.893526971340179,65.926104032993322,47.730739367008212));
#6125=IFCCARTESIANPOINT((-31.465852797031403,63.300001609325413,43.548277544975285));
#6126=IFCCARTESIANPOINT((-45.301154744625094,63.300001609325413,51.536093938350682));
#6127=IFCPOLYLOOP((#6124,#6125,#6126));
#6128=IFCFACEOUTERBOUND(#6127,.T.);
#6129=IFCFACE((#6128));
#6130=IFCPOLYLOOP((#6077,#6120,#6075));
#6131=IFCFACEOUTERBOUND(#6130,.T.);
#6132=IFCFACE((#6131));
#6133=IFCPOLYLOOP((#6075,#6088,#6076));
#6134=IFCFACEOUTERBOUND(#6133,.T.);
#6135=IFCFACE((#6134));
#6136=IFCPOLYLOOP((#6120,#6081,#6075));
#6137=IFCFACEOUTERBOUND(#6136,.T.);
#6138=IFCFACE((#6137));
#6139=IFCCARTESIANPOINT((-69.405397474765778,63.300001609325413,188.23803777694704));
#6140=IFCCARTESIANPOINT((-54.438246917724612,65.795402526855469,203.53052730560304));
#6141=IFCCARTESIANPOINT((-59.136461234092714,63.300001609325413,200.47608075141906));
#6142=IFCPOLYLOOP((#6139,#6140,#6141));
#6143=IFCFACEOUTERBOUND(#6142,.T.);
#6144=IFCFACE((#6143));
#6145=IFCCARTESIANPOINT((-70.301200354099279,68.33735765218735,74.584373688697823));
#6146=IFCCARTESIANPOINT((-48.921087312698369,67.908695590496066,54.435262906551365));
#6147=IFCCARTESIANPOINT((-55.05476088523865,69.650000095367432,64.388293647766119));
#6148=IFCPOLYLOOP((#6145,#6146,#6147));
#6149=IFCFACEOUTERBOUND(#6148,.T.);
#6150=IFCFACE((#6149));
#6151=IFCCARTESIANPOINT((-19.691918939352036,68.884562623500827,43.541741788387299));
#6152=IFCCARTESIANPOINT((0.,69.650000095367432,44.350000047683714));
#6153=IFCCARTESIANPOINT((-29.294026333093644,69.650000095367432,49.515327930450439));
#6154=IFCPOLYLOOP((#6151,#6152,#6153));
#6155=IFCFACEOUTERBOUND(#6154,.T.);
#6156=IFCFACE((#6155));
#6157=IFCCARTESIANPOINT((-79.674333715438848,63.300001609325413,175.99999480247499));
#6158=IFCPOLYLOOP((#6139,#6109,#6157));
#6159=IFCFACEOUTERBOUND(#6158,.T.);
#6160=IFCFACE((#6159));
#6161=IFCPOLYLOOP((#6089,#6108,#6115));
#6162=IFCFACEOUTERBOUND(#6161,.T.);
#6163=IFCFACE((#6162));
#6164=IFCCARTESIANPOINT((-89.531281113624573,68.32574862241745,130.00000462532043));
#6165=IFCPOLYLOOP((#6108,#6164,#6114));
#6166=IFCFACEOUTERBOUND(#6165,.T.);
#6167=IFCFACE((#6166));
#6168=IFCPOLYLOOP((#6088,#6140,#6089));
#6169=IFCFACEOUTERBOUND(#6168,.T.);
#6170=IFCFACE((#6169));
#6171=IFCCARTESIANPOINT((-74.175073635578158,69.650000095367432,87.175002336502075));
#6172=IFCCARTESIANPOINT((-84.34878494739533,69.650000095367432,115.12702982425691));
#6173=IFCCARTESIANPOINT((-85.197524929046637,67.818453097343451,100.6489073753357));
#6174=IFCPOLYLOOP((#6171,#6172,#6173));
#6175=IFCFACEOUTERBOUND(#6174,.T.);
#6176=IFCFACE((#6175));
#6177=IFCPOLYLOOP((#6109,#6110,#6157));
#6178=IFCFACEOUTERBOUND(#6177,.T.);
#6179=IFCFACE((#6178));
#6180=IFCPOLYLOOP((#6153,#6147,#6146));
#6181=IFCFACEOUTERBOUND(#6180,.T.);
#6182=IFCFACE((#6181));
#6183=IFCCARTESIANPOINT((-90.602309489250189,63.300001609325413,114.02437183856965));
#6184=IFCPOLYLOOP((#6099,#6183,#6100));
#6185=IFCFACEOUTERBOUND(#6184,.T.);
#6186=IFCFACE((#6185));
#6187=IFCPOLYLOOP((#6145,#6171,#6173));
#6188=IFCFACEOUTERBOUND(#6187,.T.);
#6189=IFCFACE((#6188));
#6190=IFCPOLYLOOP((#6145,#6147,#6171));
#6191=IFCFACEOUTERBOUND(#6190,.T.);
#6192=IFCFACE((#6191));
#6193=IFCCARTESIANPOINT((-45.301154744625094,63.300001609325413,208.46391077041628));
#6194=IFCPOLYLOOP((#6140,#6193,#6082));
#6195=IFCFACEOUTERBOUND(#6194,.T.);
#6196=IFCFACE((#6195));
#6197=IFCCARTESIANPOINT((0.,67.790129971504214,39.859871685504913));
#6198=IFCPOLYLOOP((#6197,#6152,#6151));
#6199=IFCFACEOUTERBOUND(#6198,.T.);
#6200=IFCFACE((#6199));
#6201=IFCPOLYLOOP((#6087,#6089,#6115));
#6202=IFCFACEOUTERBOUND(#6201,.T.);
#6203=IFCFACE((#6202));
#6204=IFCCARTESIANPOINT((-88.120647740364078,65.608368158340454,105.12020058631897));
#6205=IFCPOLYLOOP((#6204,#6183,#6099));
#6206=IFCFACEOUTERBOUND(#6205,.T.);
#6207=IFCFACE((#6206));
#6208=IFCCARTESIANPOINT((-21.109564965963365,66.417598378658298,41.295185601711275));
#6209=IFCPOLYLOOP((#6197,#6151,#6208));
#6210=IFCFACEOUTERBOUND(#6209,.T.);
#6211=IFCFACE((#6210));
#6212=IFCPOLYLOOP((#6172,#6114,#6164));
#6213=IFCFACEOUTERBOUND(#6212,.T.);
#6214=IFCFACE((#6213));
#6215=IFCCARTESIANPOINT((0.,63.300001609325413,37.999999290704729));
#6216=IFCCARTESIANPOINT((-15.732926398515701,63.300001609325413,40.77413728237152));
#6217=IFCPOLYLOOP((#6208,#6215,#6216));
#6218=IFCFACEOUTERBOUND(#6217,.T.);
#6219=IFCFACE((#6218));
#6220=IFCCARTESIANPOINT((-59.136461234092714,63.300001609325413,59.523910331726078));
#6221=IFCPOLYLOOP((#6220,#6094,#6124));
#6222=IFCFACEOUTERBOUND(#6221,.T.);
#6223=IFCFACE((#6222));
#6224=IFCCARTESIANPOINT((-15.732926398515701,63.300001609325413,219.22586288452149));
#6225=IFCPOLYLOOP((#6224,#6119,#6081,#6083));
#6226=IFCFACEOUTERBOUND(#6225,.T.);
#6227=IFCFACE((#6226));
#6228=IFCPOLYLOOP((#6220,#6095,#6094));
#6229=IFCFACEOUTERBOUND(#6228,.T.);
#6230=IFCFACE((#6229));
#6231=IFCPOLYLOOP((#6208,#6151,#6124));
#6232=IFCFACEOUTERBOUND(#6231,.T.);
#6233=IFCFACE((#6232));
#6234=IFCPOLYLOOP((#6164,#6173,#6172));
#6235=IFCFACEOUTERBOUND(#6234,.T.);
#6236=IFCFACE((#6235));
#6237=IFCPOLYLOOP((#6081,#6082,#6075));
#6238=IFCFACEOUTERBOUND(#6237,.T.);
#6239=IFCFACE((#6238));
#6240=IFCPOLYLOOP((#6093,#6204,#6173));
#6241=IFCFACEOUTERBOUND(#6240,.T.);
#6242=IFCFACE((#6241));
#6243=IFCPOLYLOOP((#6140,#6082,#6088));
#6244=IFCFACEOUTERBOUND(#6243,.T.);
#6245=IFCFACE((#6244));
#6246=IFCPOLYLOOP((#6088,#6075,#6082));
#6247=IFCFACEOUTERBOUND(#6246,.T.);
#6248=IFCFACE((#6247));
#6249=IFCPOLYLOOP((#6109,#6140,#6089));
#6250=IFCFACEOUTERBOUND(#6249,.T.);
#6251=IFCFACE((#6250));
#6252=IFCPOLYLOOP((#6140,#6109,#6139));
#6253=IFCFACEOUTERBOUND(#6252,.T.);
#6254=IFCFACE((#6253));
#6255=IFCPOLYLOOP((#6089,#6109,#6108));
#6256=IFCFACEOUTERBOUND(#6255,.T.);
#6257=IFCFACE((#6256));
#6258=IFCPOLYLOOP((#6101,#6110,#6108));
#6259=IFCFACEOUTERBOUND(#6258,.T.);
#6260=IFCFACE((#6259));
#6261=IFCCARTESIANPOINT((-85.138326144218453,63.300001609325413,160.98781156539917));
#6262=IFCPOLYLOOP((#6101,#6261,#6110));
#6263=IFCFACEOUTERBOUND(#6262,.T.);
#6264=IFCFACE((#6263));
#6265=IFCPOLYLOOP((#6101,#6164,#6108));
#6266=IFCFACEOUTERBOUND(#6265,.T.);
#6267=IFCFACE((#6266));
#6268=IFCCARTESIANPOINT((-90.602309489250189,63.300001609325413,145.97562832832338));
#6269=IFCPOLYLOOP((#6101,#6100,#6268));
#6270=IFCFACEOUTERBOUND(#6269,.T.);
#6271=IFCFACE((#6270));
#6272=IFCPOLYLOOP((#6099,#6101,#6164));
#6273=IFCFACEOUTERBOUND(#6272,.T.);
#6274=IFCFACE((#6273));
#6275=IFCPOLYLOOP((#6099,#6173,#6164));
#6276=IFCFACEOUTERBOUND(#6275,.T.);
#6277=IFCFACE((#6276));
#6278=IFCPOLYLOOP((#6173,#6099,#6204));
#6279=IFCFACEOUTERBOUND(#6278,.T.);
#6280=IFCFACE((#6279));
#6281=IFCPOLYLOOP((#6261,#6101,#6268));
#6282=IFCFACEOUTERBOUND(#6281,.T.);
#6283=IFCFACE((#6282));
#6284=IFCPOLYLOOP((#6261,#6157,#6110));
#6285=IFCFACEOUTERBOUND(#6284,.T.);
#6286=IFCFACE((#6285));
#6287=IFCCARTESIANPOINT((-85.138326144218453,63.300001609325413,99.012179517745977));
#6288=IFCPOLYLOOP((#6093,#6287,#6204));
#6289=IFCFACEOUTERBOUND(#6288,.T.);
#6290=IFCFACE((#6289));
#6291=IFCPOLYLOOP((#6093,#6145,#6173));
#6292=IFCFACEOUTERBOUND(#6291,.T.);
#6293=IFCFACE((#6292));
#6294=IFCCARTESIANPOINT((-79.674333715438848,63.300001609325413,83.999996280670175));
#6295=IFCPOLYLOOP((#6093,#6095,#6294));
#6296=IFCFACEOUTERBOUND(#6295,.T.);
#6297=IFCFACE((#6296));
#6298=IFCPOLYLOOP((#6094,#6093,#6145));
#6299=IFCFACEOUTERBOUND(#6298,.T.);
#6300=IFCFACE((#6299));
#6301=IFCPOLYLOOP((#6094,#6146,#6145));
#6302=IFCFACEOUTERBOUND(#6301,.T.);
#6303=IFCFACE((#6302));
#6304=IFCPOLYLOOP((#6124,#6094,#6146));
#6305=IFCFACEOUTERBOUND(#6304,.T.);
#6306=IFCFACE((#6305));
#6307=IFCPOLYLOOP((#6287,#6093,#6294));
#6308=IFCFACEOUTERBOUND(#6307,.T.);
#6309=IFCFACE((#6308));
#6310=IFCPOLYLOOP((#6287,#6183,#6204));
#6311=IFCFACEOUTERBOUND(#6310,.T.);
#6312=IFCFACE((#6311));
#6313=IFCPOLYLOOP((#6151,#6153,#6146));
#6314=IFCFACEOUTERBOUND(#6313,.T.);
#6315=IFCFACE((#6314));
#6316=IFCPOLYLOOP((#6124,#6208,#6125));
#6317=IFCFACEOUTERBOUND(#6316,.T.);
#6318=IFCFACE((#6317));
#6319=IFCPOLYLOOP((#6124,#6126,#6220));
#6320=IFCFACEOUTERBOUND(#6319,.T.);
#6321=IFCFACE((#6320));
#6322=IFCPOLYLOOP((#6146,#6124,#6151));
#6323=IFCFACEOUTERBOUND(#6322,.T.);
#6324=IFCFACE((#6323));
#6325=IFCPOLYLOOP((#6193,#6140,#6141));
#6326=IFCFACEOUTERBOUND(#6325,.T.);
#6327=IFCFACE((#6326));
#6328=IFCPOLYLOOP((#6193,#6083,#6082));
#6329=IFCFACEOUTERBOUND(#6328,.T.);
#6330=IFCFACE((#6329));
#6331=IFCPOLYLOOP((#6215,#6208,#6197));
#6332=IFCFACEOUTERBOUND(#6331,.T.);
#6333=IFCFACE((#6332));
#6334=IFCPOLYLOOP((#6216,#6125,#6208));
#6335=IFCFACEOUTERBOUND(#6334,.T.);
#6336=IFCFACE((#6335));
#6337=IFCCARTESIANPOINT((19.691918939352036,68.884562623500827,43.541741788387299));
#6338=IFCCARTESIANPOINT((29.294026333093644,69.650000095367432,49.515327930450439));
#6339=IFCPOLYLOOP((#6337,#6338,#6152));
#6340=IFCFACEOUTERBOUND(#6339,.T.);
#6341=IFCFACE((#6340));
#6342=IFCCARTESIANPOINT((21.109564965963365,66.417598378658298,41.295185601711275));
#6343=IFCCARTESIANPOINT((39.893526971340179,65.926104032993322,47.730739367008212));
#6344=IFCCARTESIANPOINT((31.465852797031403,63.300001609325413,43.548277544975285));
#6345=IFCPOLYLOOP((#6342,#6343,#6344));
#6346=IFCFACEOUTERBOUND(#6345,.T.);
#6347=IFCFACE((#6346));
#6348=IFCCARTESIANPOINT((55.05476088523865,69.650000095367432,64.388293647766119));
#6349=IFCCARTESIANPOINT((48.921087312698369,67.908695590496066,54.435262906551365));
#6350=IFCCARTESIANPOINT((70.301200354099279,68.33735765218735,74.584373688697823));
#6351=IFCPOLYLOOP((#6348,#6349,#6350));
#6352=IFCFACEOUTERBOUND(#6351,.T.);
#6353=IFCFACE((#6352));
#6354=IFCCARTESIANPOINT((85.197524929046637,67.818453097343451,100.6489073753357));
#6355=IFCCARTESIANPOINT((74.612033700943002,66.007994019985205,77.218951249122625));
#6356=IFCCARTESIANPOINT((83.744461369514468,65.662352871894839,93.024218344688421));
#6357=IFCPOLYLOOP((#6354,#6355,#6356));
#6358=IFCFACEOUTERBOUND(#6357,.T.);
#6359=IFCFACE((#6358));
#6360=IFCCARTESIANPOINT((80.925002288818362,66.156095445156097,172.3172435760498));
#6361=IFCCARTESIANPOINT((64.053920888900763,66.282754683494574,194.99790859222412));
#6362=IFCCARTESIANPOINT((69.405397474765778,63.300001609325413,188.23803777694704));
#6363=IFCPOLYLOOP((#6360,#6361,#6362));
#6364=IFCFACEOUTERBOUND(#6363,.T.);
#6365=IFCFACE((#6364));
#6366=IFCPOLYLOOP((#6349,#6348,#6338));
#6367=IFCFACEOUTERBOUND(#6366,.T.);
#6368=IFCFACE((#6367));
#6369=IFCCARTESIANPOINT((70.301200354099279,68.33735765218735,185.41562647819521));
#6370=IFCCARTESIANPOINT((74.175073635578158,69.650000095367432,172.82500691413881));
#6371=IFCCARTESIANPOINT((85.197524929046637,67.818453097343451,159.35110187530518));
#6372=IFCPOLYLOOP((#6369,#6370,#6371));
#6373=IFCFACEOUTERBOUND(#6372,.T.);
#6374=IFCFACE((#6373));
#6375=IFCCARTESIANPOINT((84.34878494739533,69.650000095367432,115.12702982425691));
#6376=IFCCARTESIANPOINT((74.175073635578158,69.650000095367432,87.175002336502075));
#6377=IFCPOLYLOOP((#6354,#6375,#6376));
#6378=IFCFACEOUTERBOUND(#6377,.T.);
#6379=IFCFACE((#6378));
#6380=IFCPOLYLOOP((#6342,#6215,#6197));
#6381=IFCFACEOUTERBOUND(#6380,.T.);
#6382=IFCFACE((#6381));
#6383=IFCCARTESIANPOINT((39.893526971340179,65.926104032993322,212.26925625801087));
#6384=IFCCARTESIANPOINT((31.465852797031403,63.300001609325413,216.45172262191772));
#6385=IFCCARTESIANPOINT((45.301154744625094,63.300001609325413,208.46391077041628));
#6386=IFCPOLYLOOP((#6383,#6384,#6385));
#6387=IFCFACEOUTERBOUND(#6386,.T.);
#6388=IFCFACE((#6387));
#6389=IFCPOLYLOOP((#6152,#6197,#6337));
#6390=IFCFACEOUTERBOUND(#6389,.T.);
#6391=IFCFACE((#6390));
#6392=IFCPOLYLOOP((#6337,#6349,#6338));
#6393=IFCFACEOUTERBOUND(#6392,.T.);
#6394=IFCFACE((#6393));
#6395=IFCPOLYLOOP((#6197,#6342,#6337));
#6396=IFCFACEOUTERBOUND(#6395,.T.);
#6397=IFCFACE((#6396));
#6398=IFCCARTESIANPOINT((69.405397474765778,63.300001609325413,71.761957848072058));
#6399=IFCCARTESIANPOINT((54.438246917724612,65.795402526855469,56.469472861289979));
#6400=IFCCARTESIANPOINT((59.136461234092714,63.300001609325413,59.523910331726078));
#6401=IFCPOLYLOOP((#6398,#6399,#6400));
#6402=IFCFACEOUTERBOUND(#6401,.T.);
#6403=IFCFACE((#6402));
#6404=IFCPOLYLOOP((#6348,#6350,#6376));
#6405=IFCFACEOUTERBOUND(#6404,.T.);
#6406=IFCFACE((#6405));
#6407=IFCCARTESIANPOINT((90.996071791648873,66.099676287174233,138.027884888649));
#6408=IFCCARTESIANPOINT((88.120647740364078,65.608368158340454,154.87979049682619));
#6409=IFCPOLYLOOP((#6371,#6407,#6408));
#6410=IFCFACEOUTERBOUND(#6409,.T.);
#6411=IFCFACE((#6410));
#6412=IFCCARTESIANPOINT((79.674333715438848,63.300001609325413,83.999996280670175));
#6413=IFCPOLYLOOP((#6398,#6355,#6412));
#6414=IFCFACEOUTERBOUND(#6413,.T.);
#6415=IFCFACE((#6414));
#6416=IFCCARTESIANPOINT((59.136461234092714,63.300001609325413,200.47608075141906));
#6417=IFCPOLYLOOP((#6416,#6362,#6361));
#6418=IFCFACEOUTERBOUND(#6417,.T.);
#6419=IFCFACE((#6418));
#6420=IFCPOLYLOOP((#6360,#6408,#6371));
#6421=IFCFACEOUTERBOUND(#6420,.T.);
#6422=IFCFACE((#6421));
#6423=IFCPOLYLOOP((#6349,#6399,#6350));
#6424=IFCFACEOUTERBOUND(#6423,.T.);
#6425=IFCFACE((#6424));
#6426=IFCCARTESIANPOINT((84.34878494739533,69.650000095367432,144.87297034263611));
#6427=IFCPOLYLOOP((#6371,#6370,#6426));
#6428=IFCFACEOUTERBOUND(#6427,.T.);
#6429=IFCFACE((#6428));
#6430=IFCPOLYLOOP((#6355,#6356,#6412));
#6431=IFCFACEOUTERBOUND(#6430,.T.);
#6432=IFCFACE((#6431));
#6433=IFCCARTESIANPOINT((29.294026333093644,69.650000095367432,210.48468132019045));
#6434=IFCCARTESIANPOINT((55.05476088523865,69.650000095367432,195.61171560287477));
#6435=IFCCARTESIANPOINT((48.921087312698369,67.908695590496066,205.56474180221559));
#6436=IFCPOLYLOOP((#6433,#6434,#6435));
#6437=IFCFACEOUTERBOUND(#6436,.T.);
#6438=IFCFACE((#6437));
#6439=IFCCARTESIANPOINT((45.301154744625094,63.300001609325413,51.536093938350682));
#6440=IFCPOLYLOOP((#6399,#6439,#6343));
#6441=IFCFACEOUTERBOUND(#6440,.T.);
#6442=IFCFACE((#6441));
#6443=IFCCARTESIANPOINT((89.531281113624573,68.32574862241745,129.99999554157259));
#6444=IFCPOLYLOOP((#6443,#6375,#6354));
#6445=IFCFACEOUTERBOUND(#6444,.T.);
#6446=IFCFACE((#6445));
#6447=IFCPOLYLOOP((#6370,#6369,#6434));
#6448=IFCFACEOUTERBOUND(#6447,.T.);
#6449=IFCFACE((#6448));
#6450=IFCCARTESIANPOINT((90.602309489250189,63.300001609325413,129.99999554157259));
#6451=IFCCARTESIANPOINT((90.602309489250189,63.300001609325413,145.97562832832338));
#6452=IFCPOLYLOOP((#6450,#6407,#6451));
#6453=IFCFACEOUTERBOUND(#6452,.T.);
#6454=IFCFACE((#6453));
#6455=IFCCARTESIANPOINT((19.691918939352036,68.884562623500827,216.45826292037964));
#6456=IFCPOLYLOOP((#6120,#6077,#6455));
#6457=IFCFACEOUTERBOUND(#6456,.T.);
#6458=IFCFACE((#6457));
#6459=IFCPOLYLOOP((#6369,#6435,#6434));
#6460=IFCFACEOUTERBOUND(#6459,.T.);
#6461=IFCFACE((#6460));
#6462=IFCPOLYLOOP((#6408,#6451,#6407));
#6463=IFCFACEOUTERBOUND(#6462,.T.);
#6464=IFCFACE((#6463));
#6465=IFCCARTESIANPOINT((21.109564965963365,66.417598378658298,218.70481910705567));
#6466=IFCPOLYLOOP((#6120,#6455,#6465));
#6467=IFCFACEOUTERBOUND(#6466,.T.);
#6468=IFCFACE((#6467));
#6469=IFCPOLYLOOP((#6455,#6077,#6433));
#6470=IFCFACEOUTERBOUND(#6469,.T.);
#6471=IFCFACE((#6470));
#6472=IFCCARTESIANPOINT((15.732926398515701,63.300001609325413,219.22586288452149));
#6473=IFCPOLYLOOP((#6465,#6119,#6472,#6384));
#6474=IFCFACEOUTERBOUND(#6473,.T.);
#6475=IFCFACE((#6474));
#6476=IFCPOLYLOOP((#6416,#6361,#6383));
#6477=IFCFACEOUTERBOUND(#6476,.T.);
#6478=IFCFACE((#6477));
#6479=IFCCARTESIANPOINT((15.732926398515701,63.300001609325413,40.77413728237152));
#6480=IFCPOLYLOOP((#6342,#6479,#6215));
#6481=IFCFACEOUTERBOUND(#6480,.T.);
#6482=IFCFACE((#6481));
#6483=IFCPOLYLOOP((#6350,#6354,#6376));
#6484=IFCFACEOUTERBOUND(#6483,.T.);
#6485=IFCFACE((#6484));
#6486=IFCPOLYLOOP((#6465,#6455,#6383));
#6487=IFCFACEOUTERBOUND(#6486,.T.);
#6488=IFCFACE((#6487));
#6489=IFCPOLYLOOP((#6443,#6371,#6426));
#6490=IFCFACEOUTERBOUND(#6489,.T.);
#6491=IFCFACE((#6490));
#6492=IFCPOLYLOOP((#6342,#6343,#6337));
#6493=IFCFACEOUTERBOUND(#6492,.T.);
#6494=IFCFACE((#6493));
#6495=IFCPOLYLOOP((#6375,#6443,#6426));
#6496=IFCFACEOUTERBOUND(#6495,.T.);
#6497=IFCFACE((#6496));
#6498=IFCPOLYLOOP((#6399,#6343,#6349));
#6499=IFCFACEOUTERBOUND(#6498,.T.);
#6500=IFCFACE((#6499));
#6501=IFCPOLYLOOP((#6349,#6337,#6343));
#6502=IFCFACEOUTERBOUND(#6501,.T.);
#6503=IFCFACE((#6502));
#6504=IFCPOLYLOOP((#6355,#6399,#6350));
#6505=IFCFACEOUTERBOUND(#6504,.T.);
#6506=IFCFACE((#6505));
#6507=IFCPOLYLOOP((#6399,#6355,#6398));
#6508=IFCFACEOUTERBOUND(#6507,.T.);
#6509=IFCFACE((#6508));
#6510=IFCPOLYLOOP((#6350,#6355,#6354));
#6511=IFCFACEOUTERBOUND(#6510,.T.);
#6512=IFCFACE((#6511));
#6513=IFCCARTESIANPOINT((89.128780245780945,65.899965548515326,109.55633060932159));
#6514=IFCPOLYLOOP((#6513,#6356,#6354));
#6515=IFCFACEOUTERBOUND(#6514,.T.);
#6516=IFCFACE((#6515));
#6517=IFCCARTESIANPOINT((85.138326144218453,63.300001609325413,99.012179517745977));
#6518=IFCPOLYLOOP((#6513,#6517,#6356));
#6519=IFCFACEOUTERBOUND(#6518,.T.);
#6520=IFCFACE((#6519));
#6521=IFCPOLYLOOP((#6513,#6443,#6354));
#6522=IFCFACEOUTERBOUND(#6521,.T.);
#6523=IFCFACE((#6522));
#6524=IFCCARTESIANPOINT((90.602309489250189,63.300001609325413,114.02437183856965));
#6525=IFCPOLYLOOP((#6513,#6450,#6524));
#6526=IFCFACEOUTERBOUND(#6525,.T.);
#6527=IFCFACE((#6526));
#6528=IFCPOLYLOOP((#6407,#6513,#6443));
#6529=IFCFACEOUTERBOUND(#6528,.T.);
#6530=IFCFACE((#6529));
#6531=IFCPOLYLOOP((#6513,#6407,#6450));
#6532=IFCFACEOUTERBOUND(#6531,.T.);
#6533=IFCFACE((#6532));
#6534=IFCPOLYLOOP((#6443,#6407,#6371));
#6535=IFCFACEOUTERBOUND(#6534,.T.);
#6536=IFCFACE((#6535));
#6537=IFCPOLYLOOP((#6517,#6513,#6524));
#6538=IFCFACEOUTERBOUND(#6537,.T.);
#6539=IFCFACE((#6538));
#6540=IFCPOLYLOOP((#6517,#6412,#6356));
#6541=IFCFACEOUTERBOUND(#6540,.T.);
#6542=IFCFACE((#6541));
#6543=IFCCARTESIANPOINT((85.138326144218453,63.300001609325413,160.98781156539917));
#6544=IFCPOLYLOOP((#6360,#6543,#6408));
#6545=IFCFACEOUTERBOUND(#6544,.T.);
#6546=IFCFACE((#6545));
#6547=IFCPOLYLOOP((#6360,#6369,#6371));
#6548=IFCFACEOUTERBOUND(#6547,.T.);
#6549=IFCFACE((#6548));
#6550=IFCCARTESIANPOINT((79.674333715438848,63.300001609325413,175.99999480247499));
#6551=IFCPOLYLOOP((#6360,#6362,#6550));
#6552=IFCFACEOUTERBOUND(#6551,.T.);
#6553=IFCFACE((#6552));
#6554=IFCPOLYLOOP((#6361,#6360,#6369));
#6555=IFCFACEOUTERBOUND(#6554,.T.);
#6556=IFCFACE((#6555));
#6557=IFCPOLYLOOP((#6361,#6435,#6369));
#6558=IFCFACEOUTERBOUND(#6557,.T.);
#6559=IFCFACE((#6558));
#6560=IFCPOLYLOOP((#6383,#6361,#6435));
#6561=IFCFACEOUTERBOUND(#6560,.T.);
#6562=IFCFACE((#6561));
#6563=IFCPOLYLOOP((#6543,#6360,#6550));
#6564=IFCFACEOUTERBOUND(#6563,.T.);
#6565=IFCFACE((#6564));
#6566=IFCPOLYLOOP((#6543,#6451,#6408));
#6567=IFCFACEOUTERBOUND(#6566,.T.);
#6568=IFCFACE((#6567));
#6569=IFCPOLYLOOP((#6455,#6433,#6435));
#6570=IFCFACEOUTERBOUND(#6569,.T.);
#6571=IFCFACE((#6570));
#6572=IFCPOLYLOOP((#6383,#6465,#6384));
#6573=IFCFACEOUTERBOUND(#6572,.T.);
#6574=IFCFACE((#6573));
#6575=IFCPOLYLOOP((#6383,#6385,#6416));
#6576=IFCFACEOUTERBOUND(#6575,.T.);
#6577=IFCFACE((#6576));
#6578=IFCPOLYLOOP((#6435,#6383,#6455));
#6579=IFCFACEOUTERBOUND(#6578,.T.);
#6580=IFCFACE((#6579));
#6581=IFCPOLYLOOP((#6439,#6399,#6400));
#6582=IFCFACEOUTERBOUND(#6581,.T.);
#6583=IFCFACE((#6582));
#6584=IFCPOLYLOOP((#6439,#6344,#6343));
#6585=IFCFACEOUTERBOUND(#6584,.T.);
#6586=IFCFACE((#6585));
#6587=IFCPOLYLOOP((#6342,#6344,#6479));
#6588=IFCFACEOUTERBOUND(#6587,.T.);
#6589=IFCFACE((#6588));
#6590=IFCPOLYLOOP((#6119,#6465,#6120));
#6591=IFCFACEOUTERBOUND(#6590,.T.);
#6592=IFCFACE((#6591));
#6593=IFCCARTESIANPOINT((-10.734705412387848,6.3500001892447475,221.37158946990968));
#6594=IFCPOLYLOOP((#6593,#6119,#6083));
#6595=IFCFACEOUTERBOUND(#6594,.T.);
#6596=IFCFACE((#6595));
#6597=IFCCARTESIANPOINT((-5.5511481508612635,8.3530926302075397,221.83237166404726));
#6598=IFCCARTESIANPOINT((0.,9.0564364403486248,222.00000314712526));
#6599=IFCPOLYLOOP((#6597,#6598,#6119));
#6600=IFCFACEOUTERBOUND(#6599,.T.);
#6601=IFCFACE((#6600));
#6602=IFCCARTESIANPOINT((-37.930606269836424,6.3500001892447475,213.81687254905702));
#6603=IFCPOLYLOOP((#6602,#6083,#6141));
#6604=IFCFACEOUTERBOUND(#6603,.T.);
#6605=IFCFACE((#6604));
#6606=IFCCARTESIANPOINT((-91.658104419708252,6.3500001892447475,122.07589709758759));
#6607=IFCPOLYLOOP((#6606,#6268,#6183));
#6608=IFCFACEOUTERBOUND(#6607,.T.);
#6609=IFCFACE((#6608));
#6610=IFCCARTESIANPOINT((-61.556212699413301,6.3500001892447475,198.37273893356323));
#6611=IFCPOLYLOOP((#6141,#6157,#6610));
#6612=IFCFACEOUTERBOUND(#6611,.T.);
#6613=IFCFACE((#6612));
#6614=IFCCARTESIANPOINT((-89.746711277961737,6.3500001892447475,150.23681445121767));
#6615=IFCPOLYLOOP((#6614,#6157,#6268));
#6616=IFCFACEOUTERBOUND(#6615,.T.);
#6617=IFCFACE((#6616));
#6618=IFCCARTESIANPOINT((-84.942008185386655,6.3500001892447475,94.660855364799502));
#6619=IFCPOLYLOOP((#6618,#6183,#6294));
#6620=IFCFACEOUTERBOUND(#6619,.T.);
#6621=IFCFACE((#6620));
#6622=IFCPOLYLOOP((#6602,#6593,#6083));
#6623=IFCFACEOUTERBOUND(#6622,.T.);
#6624=IFCFACE((#6623));
#6625=IFCPOLYLOOP((#6141,#6610,#6602));
#6626=IFCFACEOUTERBOUND(#6625,.T.);
#6627=IFCFACE((#6626));
#6628=IFCPOLYLOOP((#6593,#6597,#6119));
#6629=IFCFACEOUTERBOUND(#6628,.T.);
#6630=IFCFACE((#6629));
#6631=IFCCARTESIANPOINT((-28.382363229990005,6.3500001892447475,43.241287744045259));
#6632=IFCCARTESIANPOINT((-33.781811088323593,6.3500001892447475,45.565605354309085));
#6633=IFCPOLYLOOP((#6631,#6632,#5992));
#6634=IFCFACEOUTERBOUND(#6633,.T.);
#6635=IFCFACE((#6634));
#6636=IFCCARTESIANPOINT((-79.387723302841195,6.3500001892447475,176.49289712905883));
#6637=IFCPOLYLOOP((#6636,#6157,#6614));
#6638=IFCFACEOUTERBOUND(#6637,.T.);
#6639=IFCFACE((#6638));
#6640=IFCCARTESIANPOINT((-25.682639300823212,6.3500001892447475,42.07913120985031));
#6641=IFCPOLYLOOP((#5991,#6000,#6640,#6631));
#6642=IFCFACEOUTERBOUND(#6641,.T.);
#6643=IFCFACE((#6642));
#6644=IFCPOLYLOOP((#6268,#6606,#6614));
#6645=IFCFACEOUTERBOUND(#6644,.T.);
#6646=IFCFACE((#6645));
#6647=IFCPOLYLOOP((#6610,#6157,#6636));
#6648=IFCFACEOUTERBOUND(#6647,.T.);
#6649=IFCFACE((#6648));
#6650=IFCPOLYLOOP((#6183,#6618,#6606));
#6651=IFCFACEOUTERBOUND(#6650,.T.);
#6652=IFCFACE((#6651));
#6653=IFCCARTESIANPOINT((-70.230574214458471,6.3500001892447475,70.57217763662338));
#6654=IFCPOLYLOOP((#6294,#6653,#6618));
#6655=IFCFACEOUTERBOUND(#6654,.T.);
#6656=IFCFACE((#6655));
#6657=IFCCARTESIANPOINT((-48.908551740646367,6.3500001892447475,52.077258217334752));
#6658=IFCPOLYLOOP((#6657,#6220,#6125));
#6659=IFCFACEOUTERBOUND(#6658,.T.);
#6660=IFCFACE((#6659));
#6661=IFCPOLYLOOP((#5762,#6125,#6216));
#6662=IFCFACEOUTERBOUND(#6661,.T.);
#6663=IFCFACE((#6662));
#6664=IFCPOLYLOOP((#5771,#5762,#6216));
#6665=IFCFACEOUTERBOUND(#6664,.T.);
#6666=IFCFACE((#6665));
#6667=IFCPOLYLOOP((#5758,#6125,#5762));
#6668=IFCFACEOUTERBOUND(#6667,.T.);
#6669=IFCFACE((#6668));
#6670=IFCPOLYLOOP((#6215,#5796,#5766));
#6671=IFCFACEOUTERBOUND(#6670,.T.);
#6672=IFCFACE((#6671));
#6673=IFCPOLYLOOP((#5767,#6216,#5766));
#6674=IFCFACEOUTERBOUND(#6673,.T.);
#6675=IFCFACE((#6674));
#6676=IFCPOLYLOOP((#5766,#6216,#6215));
#6677=IFCFACEOUTERBOUND(#6676,.T.);
#6678=IFCFACE((#6677));
#6679=IFCPOLYLOOP((#5992,#6632,#5753));
#6680=IFCFACEOUTERBOUND(#6679,.T.);
#6681=IFCFACE((#6680));
#6682=IFCPOLYLOOP((#5771,#6216,#5767));
#6683=IFCFACEOUTERBOUND(#6682,.T.);
#6684=IFCFACE((#6683));
#6685=IFCPOLYLOOP((#6632,#5754,#5753));
#6686=IFCFACEOUTERBOUND(#6685,.T.);
#6687=IFCFACE((#6686));
#6688=IFCPOLYLOOP((#6631,#5992,#5991));
#6689=IFCFACEOUTERBOUND(#6688,.T.);
#6690=IFCFACE((#6689));
#6691=IFCPOLYLOOP((#6657,#6653,#6220));
#6692=IFCFACEOUTERBOUND(#6691,.T.);
#6693=IFCFACE((#6692));
#6694=IFCPOLYLOOP((#5754,#6657,#6125));
#6695=IFCFACEOUTERBOUND(#6694,.T.);
#6696=IFCFACE((#6695));
#6697=IFCPOLYLOOP((#5754,#6632,#6657));
#6698=IFCFACEOUTERBOUND(#6697,.T.);
#6699=IFCFACE((#6698));
#6700=IFCPOLYLOOP((#5758,#5754,#6125));
#6701=IFCFACEOUTERBOUND(#6700,.T.);
#6702=IFCFACE((#6701));
#6703=IFCPOLYLOOP((#6220,#6653,#6294));
#6704=IFCFACEOUTERBOUND(#6703,.T.);
#6705=IFCFACE((#6704));
#6706=IFCPOLYLOOP((#5796,#6215,#5805));
#6707=IFCFACEOUTERBOUND(#6706,.T.);
#6708=IFCFACE((#6707));
#6709=IFCPOLYLOOP((#5805,#6215,#6479));
#6710=IFCFACEOUTERBOUND(#6709,.T.);
#6711=IFCFACE((#6710));
#6712=IFCPOLYLOOP((#5814,#6479,#6344));
#6713=IFCFACEOUTERBOUND(#6712,.T.);
#6714=IFCFACE((#6713));
#6715=IFCPOLYLOOP((#5814,#6344,#5810));
#6716=IFCFACEOUTERBOUND(#6715,.T.);
#6717=IFCFACE((#6716));
#6718=IFCPOLYLOOP((#5800,#6479,#5814));
#6719=IFCFACEOUTERBOUND(#6718,.T.);
#6720=IFCFACE((#6719));
#6721=IFCCARTESIANPOINT((48.908551740646367,6.3500001892447475,52.077258217334752));
#6722=IFCPOLYLOOP((#6344,#6400,#6721));
#6723=IFCFACEOUTERBOUND(#6722,.T.);
#6724=IFCFACE((#6723));
#6725=IFCPOLYLOOP((#5800,#5801,#6479));
#6726=IFCFACEOUTERBOUND(#6725,.T.);
#6727=IFCFACE((#6726));
#6728=IFCCARTESIANPOINT((28.382363229990005,6.3500001892447475,43.241287744045259));
#6729=IFCCARTESIANPOINT((25.682639300823212,6.3500001892447475,42.07913120985031));
#6730=IFCPOLYLOOP((#5850,#6728,#6729,#5859));
#6731=IFCFACEOUTERBOUND(#6730,.T.);
#6732=IFCFACE((#6731));
#6733=IFCPOLYLOOP((#5810,#6344,#5809));
#6734=IFCFACEOUTERBOUND(#6733,.T.);
#6735=IFCFACE((#6734));
#6736=IFCCARTESIANPOINT((33.781811088323593,6.3500001892447475,45.565605354309085));
#6737=IFCPOLYLOOP((#6736,#6728,#5846));
#6738=IFCFACEOUTERBOUND(#6737,.T.);
#6739=IFCFACE((#6738));
#6740=IFCPOLYLOOP((#5809,#6736,#5821));
#6741=IFCFACEOUTERBOUND(#6740,.T.);
#6742=IFCFACE((#6741));
#6743=IFCPOLYLOOP((#5805,#6479,#5801));
#6744=IFCFACEOUTERBOUND(#6743,.T.);
#6745=IFCFACE((#6744));
#6746=IFCPOLYLOOP((#6736,#5809,#6721));
#6747=IFCFACEOUTERBOUND(#6746,.T.);
#6748=IFCFACE((#6747));
#6749=IFCPOLYLOOP((#6721,#5809,#6344));
#6750=IFCFACEOUTERBOUND(#6749,.T.);
#6751=IFCFACE((#6750));
#6752=IFCPOLYLOOP((#6736,#5846,#5821));
#6753=IFCFACEOUTERBOUND(#6752,.T.);
#6754=IFCFACE((#6753));
#6755=IFCCARTESIANPOINT((70.230574214458471,6.3500001892447475,70.57217763662338));
#6756=IFCPOLYLOOP((#6400,#6755,#6721));
#6757=IFCFACEOUTERBOUND(#6756,.T.);
#6758=IFCFACE((#6757));
#6759=IFCPOLYLOOP((#6400,#6412,#6755));
#6760=IFCFACEOUTERBOUND(#6759,.T.);
#6761=IFCFACE((#6760));
#6762=IFCCARTESIANPOINT((91.658104419708252,6.3500001892447475,122.07589709758759));
#6763=IFCPOLYLOOP((#6451,#6762,#6524));
#6764=IFCFACEOUTERBOUND(#6763,.T.);
#6765=IFCFACE((#6764));
#6766=IFCCARTESIANPOINT((89.746711277961737,6.3500001892447475,150.23681445121767));
#6767=IFCPOLYLOOP((#6451,#6550,#6766));
#6768=IFCFACEOUTERBOUND(#6767,.T.);
#6769=IFCFACE((#6768));
#6770=IFCCARTESIANPOINT((84.942008185386655,6.3500001892447475,94.660855364799502));
#6771=IFCPOLYLOOP((#6412,#6524,#6770));
#6772=IFCFACEOUTERBOUND(#6771,.T.);
#6773=IFCFACE((#6772));
#6774=IFCCARTESIANPOINT((37.930606269836424,6.3500001892447475,213.81687254905702));
#6775=IFCPOLYLOOP((#6774,#6416,#6384));
#6776=IFCFACEOUTERBOUND(#6775,.T.);
#6777=IFCFACE((#6776));
#6778=IFCCARTESIANPOINT((10.734705412387848,6.3500001892447475,221.37158946990968));
#6779=IFCPOLYLOOP((#6384,#6119,#6778));
#6780=IFCFACEOUTERBOUND(#6779,.T.);
#6781=IFCFACE((#6780));
#6782=IFCCARTESIANPOINT((61.556212699413301,6.3500001892447475,198.37273893356323));
#6783=IFCPOLYLOOP((#6550,#6416,#6782));
#6784=IFCFACEOUTERBOUND(#6783,.T.);
#6785=IFCFACE((#6784));
#6786=IFCCARTESIANPOINT((5.5511481508612635,8.3530926302075397,221.83237166404726));
#6787=IFCPOLYLOOP((#6119,#6598,#6786));
#6788=IFCFACEOUTERBOUND(#6787,.T.);
#6789=IFCFACE((#6788));
#6790=IFCPOLYLOOP((#5846,#6728,#5850));
#6791=IFCFACEOUTERBOUND(#6790,.T.);
#6792=IFCFACE((#6791));
#6793=IFCPOLYLOOP((#6762,#6451,#6766));
#6794=IFCFACEOUTERBOUND(#6793,.T.);
#6795=IFCFACE((#6794));
#6796=IFCCARTESIANPOINT((79.387723302841195,6.3500001892447475,176.49289712905883));
#6797=IFCPOLYLOOP((#6550,#6796,#6766));
#6798=IFCFACEOUTERBOUND(#6797,.T.);
#6799=IFCFACE((#6798));
#6800=IFCPOLYLOOP((#6770,#6524,#6762));
#6801=IFCFACEOUTERBOUND(#6800,.T.);
#6802=IFCFACE((#6801));
#6803=IFCPOLYLOOP((#6416,#6774,#6782));
#6804=IFCFACEOUTERBOUND(#6803,.T.);
#6805=IFCFACE((#6804));
#6806=IFCPOLYLOOP((#6782,#6796,#6550));
#6807=IFCFACEOUTERBOUND(#6806,.T.);
#6808=IFCFACE((#6807));
#6809=IFCPOLYLOOP((#6774,#6384,#6778));
#6810=IFCFACEOUTERBOUND(#6809,.T.);
#6811=IFCFACE((#6810));
#6812=IFCPOLYLOOP((#6778,#6119,#6786));
#6813=IFCFACEOUTERBOUND(#6812,.T.);
#6814=IFCFACE((#6813));
#6815=IFCPOLYLOOP((#6412,#6770,#6755));
#6816=IFCFACEOUTERBOUND(#6815,.T.);
#6817=IFCFACE((#6816));
#6818=IFCCARTESIANPOINT((-47.085280036926271,1.9053189530968666,206.91769337654114));
#6819=IFCCARTESIANPOINT((-69.821719264984139,2.6190366871654986,188.02971110343933));
#6820=IFCPOLYLOOP((#6818,#6610,#6819));
#6821=IFCFACEOUTERBOUND(#6820,.T.);
#6822=IFCFACE((#6821));
#6823=IFCCARTESIANPOINT((-32.86111873984337,2.9062954522669315,214.84360857009889));
#6824=IFCCARTESIANPOINT((-22.923033034801485,6.3500001892447475,217.98580412864686));
#6825=IFCPOLYLOOP((#6823,#6824,#6602));
#6826=IFCFACEOUTERBOUND(#6825,.T.);
#6827=IFCFACE((#6826));
#6828=IFCCARTESIANPOINT((-77.122063994407654,2.6288011483848095,82.08348898887634));
#6829=IFCPOLYLOOP((#6618,#6653,#6828));
#6830=IFCFACEOUTERBOUND(#6829,.T.);
#6831=IFCFACE((#6830));
#6832=IFCCARTESIANPOINT((-13.690937349200249,4.310469429194927,220.63533353805542));
#6833=IFCPOLYLOOP((#6824,#6823,#6832));
#6834=IFCFACEOUTERBOUND(#6833,.T.);
#6835=IFCFACE((#6834));
#6836=IFCCARTESIANPOINT((-12.295339849591256,5.4129582300782202,221.10454545021057));
#6837=IFCPOLYLOOP((#6824,#6832,#6836));
#6838=IFCFACEOUTERBOUND(#6837,.T.);
#6839=IFCFACE((#6838));
#6840=IFCCARTESIANPOINT((-55.05476088523865,0.,64.388293647766119));
#6841=IFCCARTESIANPOINT((-33.90461881756783,0.9408516688272357,47.736757349967959));
#6842=IFCCARTESIANPOINT((-29.294026333093644,0.,49.515327930450439));
#6843=IFCPOLYLOOP((#6840,#6841,#6842));
#6844=IFCFACEOUTERBOUND(#6843,.T.);
#6845=IFCFACE((#6844));
#6846=IFCPOLYLOOP((#6610,#6636,#6819));
#6847=IFCFACEOUTERBOUND(#6846,.T.);
#6848=IFCFACE((#6847));
#6849=IFCPOLYLOOP((#5984,#5980,#6841));
#6850=IFCFACEOUTERBOUND(#6849,.T.);
#6851=IFCFACE((#6850));
#6852=IFCCARTESIANPOINT((-32.49297714829445,1.015093069151044,212.95753183364869));
#6853=IFCPOLYLOOP((#6823,#6818,#6852));
#6854=IFCFACEOUTERBOUND(#6853,.T.);
#6855=IFCFACE((#6854));
#6856=IFCPOLYLOOP((#5726,#6841,#5980));
#6857=IFCFACEOUTERBOUND(#6856,.T.);
#6858=IFCFACE((#6857));
#6859=IFCCARTESIANPOINT((-15.680320143699646,0.75829125903546812,217.26157507896423));
#6860=IFCCARTESIANPOINT((-15.558261823654176,1.8205339472740889,218.74700403213501));
#6861=IFCPOLYLOOP((#6859,#6860,#6852));
#6862=IFCFACEOUTERBOUND(#6861,.T.);
#6863=IFCFACE((#6862));
#6864=IFCCARTESIANPOINT((-55.05476088523865,0.,195.61171560287477));
#6865=IFCCARTESIANPOINT((-52.687390851974492,0.53707524407655005,200.7411626815796));
#6866=IFCCARTESIANPOINT((-68.172460377216339,0.5199554664082825,185.90938267707824));
#6867=IFCPOLYLOOP((#6864,#6865,#6866));
#6868=IFCFACEOUTERBOUND(#6867,.T.);
#6869=IFCFACE((#6868));
#6870=IFCCARTESIANPOINT((-74.175073635578158,0.,172.82500691413881));
#6871=IFCCARTESIANPOINT((-79.536669516563421,0.49784885309636595,167.92256269454955));
#6872=IFCCARTESIANPOINT((-79.261931562423712,0.,158.84898862838745));
#6873=IFCPOLYLOOP((#6870,#6871,#6872));
#6874=IFCFACEOUTERBOUND(#6873,.T.);
#6875=IFCFACE((#6874));
#6876=IFCCARTESIANPOINT((-83.67973966598511,1.9454474028199913,163.73559079170226));
#6877=IFCPOLYLOOP((#6876,#6636,#6614));
#6878=IFCFACEOUTERBOUND(#6877,.T.);
#6879=IFCFACE((#6878));
#6880=IFCCARTESIANPOINT((-4.66637152209878,0.,214.82718515396118));
#6881=IFCCARTESIANPOINT((-3.2953915469348432,0.0037790966431202836,215.64999103546143));
#6882=IFCCARTESIANPOINT((-5.41789184063673,0.0062131421596859585,215.64999103546143));
#6883=IFCPOLYLOOP((#6880,#6881,#6882));
#6884=IFCFACEOUTERBOUND(#6883,.T.);
#6885=IFCFACE((#6884));
#6886=IFCCARTESIANPOINT((-14.83036861717701,3.0755009785294534,219.87524185180663));
#6887=IFCPOLYLOOP((#6860,#6886,#6823));
#6888=IFCFACEOUTERBOUND(#6887,.T.);
#6889=IFCFACE((#6888));
#6890=IFCCARTESIANPOINT((-7.5403918504714973,0.0086471879534656178,215.64999103546143));
#6891=IFCCARTESIANPOINT((-6.2218285068869594,0.,214.55292863845827));
#6892=IFCPOLYLOOP((#6882,#6890,#6891));
#6893=IFCFACEOUTERBOUND(#6892,.T.);
#6894=IFCFACE((#6893));
#6895=IFCCARTESIANPOINT((-3.1109142534434797,0.,215.10145983695983));
#6896=IFCPOLYLOOP((#6881,#6880,#6895));
#6897=IFCFACEOUTERBOUND(#6896,.T.);
#6898=IFCFACE((#6897));
#6899=IFCCARTESIANPOINT((-3.1109142534434797,0.,44.898540329933169));
#6900=IFCCARTESIANPOINT((-6.2218285068869594,0.,45.44707607030869));
#6901=IFCCARTESIANPOINT((-5.5193385690450674,0.0068560645959223621,44.350000047683714));
#6902=IFCPOLYLOOP((#6899,#6900,#6901));
#6903=IFCFACEOUTERBOUND(#6902,.T.);
#6904=IFCFACE((#6903));
#6905=IFCCARTESIANPOINT((-67.943813359737405,0.64714663624763491,73.380445539951324));
#6906=IFCCARTESIANPOINT((-64.505814635753637,2.7393784627318385,65.992111086845398));
#6907=IFCPOLYLOOP((#6905,#6828,#6906));
#6908=IFCFACEOUTERBOUND(#6907,.T.);
#6909=IFCFACE((#6908));
#6910=IFCPOLYLOOP((#6818,#6865,#6852));
#6911=IFCFACEOUTERBOUND(#6910,.T.);
#6912=IFCFACE((#6911));
#6913=IFCPOLYLOOP((#6818,#6819,#6865));
#6914=IFCFACEOUTERBOUND(#6913,.T.);
#6915=IFCFACE((#6914));
#6916=IFCCARTESIANPOINT((-15.079768592119217,0.13815169630106539,215.64999103546143));
#6917=IFCPOLYLOOP((#6852,#6916,#6859));
#6918=IFCFACEOUTERBOUND(#6917,.T.);
#6919=IFCFACE((#6918));
#6920=IFCPOLYLOOP((#6852,#6860,#6823));
#6921=IFCFACEOUTERBOUND(#6920,.T.);
#6922=IFCFACE((#6921));
#6923=IFCCARTESIANPOINT((-3.2943738833069802,0.0040922367290477267,44.350000047683714));
#6924=IFCPOLYLOOP((#6899,#6901,#6923,#5742));
#6925=IFCFACEOUTERBOUND(#6924,.T.);
#6926=IFCFACE((#6925));
#6927=IFCPOLYLOOP((#6602,#6610,#6818));
#6928=IFCFACEOUTERBOUND(#6927,.T.);
#6929=IFCFACE((#6928));
#6930=IFCCARTESIANPOINT((-12.443657013773919,0.,213.45584807395934));
#6931=IFCPOLYLOOP((#6916,#6930,#6890));
#6932=IFCFACEOUTERBOUND(#6931,.T.);
#6933=IFCFACE((#6932));
#6934=IFCCARTESIANPOINT((-29.294026333093644,0.,210.48468132019045));
#6935=IFCPOLYLOOP((#6934,#6930,#6916));
#6936=IFCFACEOUTERBOUND(#6935,.T.);
#6937=IFCFACE((#6936));
#6938=IFCCARTESIANPOINT((-85.519443869590759,0.59855248834937813,152.14992442131043));
#6939=IFCPOLYLOOP((#6876,#6938,#6871));
#6940=IFCFACEOUTERBOUND(#6939,.T.);
#6941=IFCFACE((#6940));
#6942=IFCCARTESIANPOINT((-88.201502180099496,0.53551684906706221,130.37790670394898));
#6943=IFCCARTESIANPOINT((-84.34878494739533,0.,144.87297034263611));
#6944=IFCPOLYLOOP((#6942,#6943,#6938));
#6945=IFCFACEOUTERBOUND(#6944,.T.);
#6946=IFCFACE((#6945));
#6947=IFCCARTESIANPOINT((-90.581108021736142,2.6288011483848095,136.23445329666137));
#6948=IFCPOLYLOOP((#6614,#6606,#6947));
#6949=IFCFACEOUTERBOUND(#6948,.T.);
#6950=IFCFACE((#6949));
#6951=IFCCARTESIANPOINT((-50.716135811805728,3.8602652594447138,53.851609396934514));
#6952=IFCPOLYLOOP((#6653,#6657,#6951));
#6953=IFCFACEOUTERBOUND(#6952,.T.);
#6954=IFCFACE((#6953));
#6955=IFCCARTESIANPOINT((-87.578139066696167,1.9950257889926435,108.11432197093964));
#6956=IFCPOLYLOOP((#6618,#6955,#6606));
#6957=IFCFACEOUTERBOUND(#6956,.T.);
#6958=IFCFACE((#6957));
#6959=IFCPOLYLOOP((#6876,#6614,#6947));
#6960=IFCFACEOUTERBOUND(#6959,.T.);
#6961=IFCFACE((#6960));
#6962=IFCCARTESIANPOINT((-36.972248160839079,2.8872936710715296,46.878988122940065));
#6963=IFCPOLYLOOP((#6657,#6962,#6951));
#6964=IFCFACEOUTERBOUND(#6963,.T.);
#6965=IFCFACE((#6964));
#6966=IFCPOLYLOOP((#6606,#6955,#6947));
#6967=IFCFACEOUTERBOUND(#6966,.T.);
#6968=IFCFACE((#6967));
#6969=IFCPOLYLOOP((#6047,#6962,#6657));
#6970=IFCFACEOUTERBOUND(#6969,.T.);
#6971=IFCFACE((#6970));
#6972=IFCPOLYLOOP((#6955,#6618,#6828));
#6973=IFCFACEOUTERBOUND(#6972,.T.);
#6974=IFCFACE((#6973));
#6975=IFCPOLYLOOP((#6962,#6047,#6004));
#6976=IFCFACEOUTERBOUND(#6975,.T.);
#6977=IFCFACE((#6976));
#6978=IFCCARTESIANPOINT((-48.883126330375674,1.7369560863822699,54.416168868541718));
#6979=IFCPOLYLOOP((#6951,#6962,#6978));
#6980=IFCFACEOUTERBOUND(#6979,.T.);
#6981=IFCFACE((#6980));
#6982=IFCPOLYLOOP((#5996,#6841,#6962));
#6983=IFCFACEOUTERBOUND(#6982,.T.);
#6984=IFCFACE((#6983));
#6985=IFCPOLYLOOP((#6636,#6876,#6819));
#6986=IFCFACEOUTERBOUND(#6985,.T.);
#6987=IFCFACE((#6986));
#6988=IFCPOLYLOOP((#6602,#6818,#6823));
#6989=IFCFACEOUTERBOUND(#6988,.T.);
#6990=IFCFACE((#6989));
#6991=IFCPOLYLOOP((#6047,#6657,#6000));
#6992=IFCFACEOUTERBOUND(#6991,.T.);
#6993=IFCFACE((#6992));
#6994=IFCCARTESIANPOINT((-84.632615733146665,0.44244122011587023,105.96696939468384));
#6995=IFCPOLYLOOP((#6994,#6942,#6955));
#6996=IFCFACEOUTERBOUND(#6995,.T.);
#6997=IFCFACE((#6996));
#6998=IFCPOLYLOOP((#5984,#6841,#5996));
#6999=IFCFACEOUTERBOUND(#6998,.T.);
#7000=IFCFACE((#6999));
#7001=IFCPOLYLOOP((#6890,#6930,#6891));
#7002=IFCFACEOUTERBOUND(#7001,.T.);
#7003=IFCFACE((#7002));
#7004=IFCCARTESIANPOINT((-79.164526534080508,0.7623995969071985,90.065269231796265));
#7005=IFCPOLYLOOP((#7004,#6994,#6955));
#7006=IFCFACEOUTERBOUND(#7005,.T.);
#7007=IFCFACE((#7006));
#7008=IFCPOLYLOOP((#6978,#6841,#6840));
#7009=IFCFACEOUTERBOUND(#7008,.T.);
#7010=IFCFACE((#7009));
#7011=IFCPOLYLOOP((#6905,#6906,#6978));
#7012=IFCFACEOUTERBOUND(#7011,.T.);
#7013=IFCFACE((#7012));
#7014=IFCPOLYLOOP((#6823,#6886,#6832));
#7015=IFCFACEOUTERBOUND(#7014,.T.);
#7016=IFCFACE((#7015));
#7017=IFCCARTESIANPOINT((-12.443657013773919,0.,46.544152092933658));
#7018=IFCPOLYLOOP((#5727,#6901,#6900,#7017));
#7019=IFCFACEOUTERBOUND(#7018,.T.);
#7020=IFCFACE((#7019));
#7021=IFCPOLYLOOP((#5726,#6842,#6841));
#7022=IFCFACEOUTERBOUND(#7021,.T.);
#7023=IFCFACE((#7022));
#7024=IFCPOLYLOOP((#6836,#6593,#6824));
#7025=IFCFACEOUTERBOUND(#7024,.T.);
#7026=IFCFACE((#7025));
#7027=IFCCARTESIANPOINT((0.,0.,215.64999103546143));
#7028=IFCPOLYLOOP((#6895,#7027,#6881));
#7029=IFCFACEOUTERBOUND(#7028,.T.);
#7030=IFCFACE((#7029));
#7031=IFCPOLYLOOP((#7017,#6842,#5726));
#7032=IFCFACEOUTERBOUND(#7031,.T.);
#7033=IFCFACE((#7032));
#7034=IFCPOLYLOOP((#5727,#7017,#5726));
#7035=IFCFACEOUTERBOUND(#7034,.T.);
#7036=IFCFACE((#7035));
#7037=IFCPOLYLOOP((#6882,#6891,#6880));
#7038=IFCFACEOUTERBOUND(#7037,.T.);
#7039=IFCFACE((#7038));
#7040=IFCPOLYLOOP((#6978,#6962,#6841));
#7041=IFCFACEOUTERBOUND(#7040,.T.);
#7042=IFCFACE((#7041));
#7043=IFCPOLYLOOP((#5996,#6962,#6004));
#7044=IFCFACEOUTERBOUND(#7043,.T.);
#7045=IFCFACE((#7044));
#7046=IFCPOLYLOOP((#7004,#6828,#6905));
#7047=IFCFACEOUTERBOUND(#7046,.T.);
#7048=IFCFACE((#7047));
#7049=IFCPOLYLOOP((#6943,#6872,#6938));
#7050=IFCFACEOUTERBOUND(#7049,.T.);
#7051=IFCFACE((#7050));
#7052=IFCPOLYLOOP((#6906,#6951,#6978));
#7053=IFCFACEOUTERBOUND(#7052,.T.);
#7054=IFCFACE((#7053));
#7055=IFCPOLYLOOP((#6653,#6951,#6906));
#7056=IFCFACEOUTERBOUND(#7055,.T.);
#7057=IFCFACE((#7056));
#7058=IFCPOLYLOOP((#6905,#6978,#6840));
#7059=IFCFACEOUTERBOUND(#7058,.T.);
#7060=IFCFACE((#7059));
#7061=IFCPOLYLOOP((#6653,#6906,#6828));
#7062=IFCFACEOUTERBOUND(#7061,.T.);
#7063=IFCFACE((#7062));
#7064=IFCCARTESIANPOINT((-74.175073635578158,0.,87.175002336502075));
#7065=IFCPOLYLOOP((#6840,#7064,#6905));
#7066=IFCFACEOUTERBOUND(#7065,.T.);
#7067=IFCFACE((#7066));
#7068=IFCPOLYLOOP((#7004,#6905,#7064));
#7069=IFCFACEOUTERBOUND(#7068,.T.);
#7070=IFCFACE((#7069));
#7071=IFCCARTESIANPOINT((-42.174392473697665,0.,203.04819846153259));
#7072=IFCPOLYLOOP((#7071,#6852,#6865));
#7073=IFCFACEOUTERBOUND(#7072,.T.);
#7074=IFCFACE((#7073));
#7075=IFCPOLYLOOP((#6916,#6852,#6934));
#7076=IFCFACEOUTERBOUND(#7075,.T.);
#7077=IFCFACE((#7076));
#7078=IFCPOLYLOOP((#7071,#6865,#6864));
#7079=IFCFACEOUTERBOUND(#7078,.T.);
#7080=IFCFACE((#7079));
#7081=IFCPOLYLOOP((#6934,#6852,#7071));
#7082=IFCFACEOUTERBOUND(#7081,.T.);
#7083=IFCFACE((#7082));
#7084=IFCPOLYLOOP((#6866,#6865,#6819));
#7085=IFCFACEOUTERBOUND(#7084,.T.);
#7086=IFCFACE((#7085));
#7087=IFCPOLYLOOP((#6876,#6866,#6819));
#7088=IFCFACEOUTERBOUND(#7087,.T.);
#7089=IFCFACE((#7088));
#7090=IFCPOLYLOOP((#6870,#6864,#6866));
#7091=IFCFACEOUTERBOUND(#7090,.T.);
#7092=IFCFACE((#7091));
#7093=IFCCARTESIANPOINT((-84.34878494739533,0.,115.12702982425691));
#7094=IFCPOLYLOOP((#6994,#7064,#7093));
#7095=IFCFACEOUTERBOUND(#7094,.T.);
#7096=IFCFACE((#7095));
#7097=IFCPOLYLOOP((#6955,#6828,#7004));
#7098=IFCFACEOUTERBOUND(#7097,.T.);
#7099=IFCFACE((#7098));
#7100=IFCPOLYLOOP((#6871,#6866,#6876));
#7101=IFCFACEOUTERBOUND(#7100,.T.);
#7102=IFCFACE((#7101));
#7103=IFCPOLYLOOP((#6876,#6947,#6938));
#7104=IFCFACEOUTERBOUND(#7103,.T.);
#7105=IFCFACE((#7104));
#7106=IFCPOLYLOOP((#6942,#6938,#6947));
#7107=IFCFACEOUTERBOUND(#7106,.T.);
#7108=IFCFACE((#7107));
#7109=IFCPOLYLOOP((#6955,#6942,#6947));
#7110=IFCFACEOUTERBOUND(#7109,.T.);
#7111=IFCFACE((#7110));
#7112=IFCPOLYLOOP((#7093,#6943,#6942));
#7113=IFCFACEOUTERBOUND(#7112,.T.);
#7114=IFCFACE((#7113));
#7115=IFCPOLYLOOP((#6872,#6871,#6938));
#7116=IFCFACEOUTERBOUND(#7115,.T.);
#7117=IFCFACE((#7116));
#7118=IFCPOLYLOOP((#6866,#6871,#6870));
#7119=IFCFACEOUTERBOUND(#7118,.T.);
#7120=IFCFACE((#7119));
#7121=IFCPOLYLOOP((#7064,#6994,#7004));
#7122=IFCFACEOUTERBOUND(#7121,.T.);
#7123=IFCFACE((#7122));
#7124=IFCPOLYLOOP((#6942,#6994,#7093));
#7125=IFCFACEOUTERBOUND(#7124,.T.);
#7126=IFCFACE((#7125));
#7127=IFCCARTESIANPOINT((36.972248160839079,2.8872936710715296,46.878988122940065));
#7128=IFCPOLYLOOP((#7127,#5911,#6721));
#7129=IFCFACEOUTERBOUND(#7128,.T.);
#7130=IFCFACE((#7129));
#7131=IFCCARTESIANPOINT((50.716135811805728,3.8602652594447138,53.851609396934514));
#7132=IFCPOLYLOOP((#7131,#7127,#6721));
#7133=IFCFACEOUTERBOUND(#7132,.T.);
#7134=IFCFACE((#7133));
#7135=IFCCARTESIANPOINT((33.90461881756783,0.9408516688272357,47.736757349967959));
#7136=IFCCARTESIANPOINT((48.883126330375674,1.7369560863822699,54.416168868541718));
#7137=IFCPOLYLOOP((#7135,#7127,#7136));
#7138=IFCFACEOUTERBOUND(#7137,.T.);
#7139=IFCFACE((#7138));
#7140=IFCCARTESIANPOINT((29.294026333093644,0.,49.515327930450439));
#7141=IFCPOLYLOOP((#5733,#7135,#7140));
#7142=IFCFACEOUTERBOUND(#7141,.T.);
#7143=IFCFACE((#7142));
#7144=IFCPOLYLOOP((#5911,#5859,#6721));
#7145=IFCFACEOUTERBOUND(#7144,.T.);
#7146=IFCFACE((#7145));
#7147=IFCCARTESIANPOINT((69.821719264984139,2.6190366871654986,188.02971110343933));
#7148=IFCPOLYLOOP((#6796,#6782,#7147));
#7149=IFCFACEOUTERBOUND(#7148,.T.);
#7150=IFCFACE((#7149));
#7151=IFCCARTESIANPOINT((76.557272887229928,2.0132853996008637,82.13570237159729));
#7152=IFCPOLYLOOP((#7151,#6755,#6770));
#7153=IFCFACEOUTERBOUND(#7152,.T.);
#7154=IFCFACE((#7153));
#7155=IFCPOLYLOOP((#7136,#7127,#7131));
#7156=IFCFACEOUTERBOUND(#7155,.T.);
#7157=IFCFACE((#7156));
#7158=IFCPOLYLOOP((#7127,#7135,#5855));
#7159=IFCFACEOUTERBOUND(#7158,.T.);
#7160=IFCFACE((#7159));
#7161=IFCCARTESIANPOINT((55.05476088523865,0.,64.388293647766119));
#7162=IFCPOLYLOOP((#7161,#7135,#7136));
#7163=IFCFACEOUTERBOUND(#7162,.T.);
#7164=IFCFACE((#7163));
#7165=IFCCARTESIANPOINT((64.80978409051896,2.7397648058831692,66.299527823925018));
#7166=IFCPOLYLOOP((#7131,#7165,#7136));
#7167=IFCFACEOUTERBOUND(#7166,.T.);
#7168=IFCFACE((#7167));
#7169=IFCCARTESIANPOINT((74.175073635578158,0.,87.175002336502075));
#7170=IFCCARTESIANPOINT((65.383840620517731,0.67055020295083523,70.372344267368319));
#7171=IFCPOLYLOOP((#7169,#7161,#7170));
#7172=IFCFACEOUTERBOUND(#7171,.T.);
#7173=IFCFACE((#7172));
#7174=IFCPOLYLOOP((#5911,#7127,#5854));
#7175=IFCFACEOUTERBOUND(#7174,.T.);
#7176=IFCFACE((#7175));
#7177=IFCCARTESIANPOINT((88.493980693817136,3.2040919326245785,108.09002294540406));
#7178=IFCPOLYLOOP((#7177,#6770,#6762));
#7179=IFCFACEOUTERBOUND(#7178,.T.);
#7180=IFCFACE((#7179));
#7181=IFCCARTESIANPOINT((3.2943738833069802,0.0040922367290477267,44.350000047683714));
#7182=IFCCARTESIANPOINT((5.5193385690450674,0.0068560645959223621,44.350000047683714));
#7183=IFCCARTESIANPOINT((3.1109142534434797,0.,44.898540329933169));
#7184=IFCPOLYLOOP((#7181,#7182,#7183,#5742));
#7185=IFCFACEOUTERBOUND(#7184,.T.);
#7186=IFCFACE((#7185));
#7187=IFCPOLYLOOP((#7135,#5873,#5855));
#7188=IFCFACEOUTERBOUND(#7187,.T.);
#7189=IFCFACE((#7188));
#7190=IFCCARTESIANPOINT((6.2218285068869594,0.,45.44707607030869));
#7191=IFCCARTESIANPOINT((12.443657013773919,0.,46.544152092933658));
#7192=IFCPOLYLOOP((#7190,#7182,#5732,#7191));
#7193=IFCFACEOUTERBOUND(#7192,.T.);
#7194=IFCFACE((#7193));
#7195=IFCPOLYLOOP((#7183,#7182,#7190));
#7196=IFCFACEOUTERBOUND(#7195,.T.);
#7197=IFCFACE((#7196));
#7198=IFCCARTESIANPOINT((4.66637152209878,0.,214.82718515396118));
#7199=IFCCARTESIANPOINT((6.2218285068869594,0.,214.55292863845827));
#7200=IFCCARTESIANPOINT((5.41789184063673,0.0062131421596859585,215.64999103546143));
#7201=IFCPOLYLOOP((#7198,#7199,#7200));
#7202=IFCFACEOUTERBOUND(#7201,.T.);
#7203=IFCFACE((#7202));
#7204=IFCPOLYLOOP((#7135,#7161,#7140));
#7205=IFCFACEOUTERBOUND(#7204,.T.);
#7206=IFCFACE((#7205));
#7207=IFCPOLYLOOP((#7127,#5855,#5854));
#7208=IFCFACEOUTERBOUND(#7207,.T.);
#7209=IFCFACE((#7208));
#7210=IFCPOLYLOOP((#7165,#7170,#7136));
#7211=IFCFACEOUTERBOUND(#7210,.T.);
#7212=IFCFACE((#7211));
#7213=IFCPOLYLOOP((#7135,#5733,#5874));
#7214=IFCFACEOUTERBOUND(#7213,.T.);
#7215=IFCFACE((#7214));
#7216=IFCPOLYLOOP((#5874,#5873,#7135));
#7217=IFCFACEOUTERBOUND(#7216,.T.);
#7218=IFCFACE((#7217));
#7219=IFCCARTESIANPOINT((29.294026333093644,0.,210.48468132019045));
#7220=IFCCARTESIANPOINT((42.174392473697665,0.,203.04819846153259));
#7221=IFCCARTESIANPOINT((32.49297714829445,1.015093069151044,212.95753183364869));
#7222=IFCPOLYLOOP((#7219,#7220,#7221));
#7223=IFCFACEOUTERBOUND(#7222,.T.);
#7224=IFCFACE((#7223));
#7225=IFCCARTESIANPOINT((47.085280036926271,1.9053189530968666,206.91769337654114));
#7226=IFCCARTESIANPOINT((32.86111873984337,2.9062954522669315,214.84360857009889));
#7227=IFCPOLYLOOP((#7225,#6774,#7226));
#7228=IFCFACEOUTERBOUND(#7227,.T.);
#7229=IFCFACE((#7228));
#7230=IFCCARTESIANPOINT((3.2953915469348432,0.0037790966431202836,215.64999103546143));
#7231=IFCCARTESIANPOINT((3.1109142534434797,0.,215.10145983695983));
#7232=IFCPOLYLOOP((#7230,#7231,#7198));
#7233=IFCFACEOUTERBOUND(#7232,.T.);
#7234=IFCFACE((#7233));
#7235=IFCPOLYLOOP((#7140,#7191,#5733));
#7236=IFCFACEOUTERBOUND(#7235,.T.);
#7237=IFCFACE((#7236));
#7238=IFCCARTESIANPOINT((86.737837886810311,0.84870123378932483,110.87408266067506));
#7239=IFCPOLYLOOP((#7151,#7177,#7238));
#7240=IFCFACEOUTERBOUND(#7239,.T.);
#7241=IFCFACE((#7240));
#7242=IFCCARTESIANPOINT((79.261931562423712,0.,158.84898862838745));
#7243=IFCCARTESIANPOINT((84.34878494739533,0.,144.87297034263611));
#7244=IFCCARTESIANPOINT((85.519443869590759,0.59855248834937813,152.14992442131043));
#7245=IFCPOLYLOOP((#7242,#7243,#7244));
#7246=IFCFACEOUTERBOUND(#7245,.T.);
#7247=IFCFACE((#7246));
#7248=IFCCARTESIANPOINT((89.994933772087094,1.7192290104925634,129.99999554157259));
#7249=IFCCARTESIANPOINT((84.34878494739533,0.,115.12702982425691));
#7250=IFCPOLYLOOP((#7248,#7243,#7249));
#7251=IFCFACEOUTERBOUND(#7250,.T.);
#7252=IFCFACE((#7251));
#7253=IFCPOLYLOOP((#7170,#7165,#7151));
#7254=IFCFACEOUTERBOUND(#7253,.T.);
#7255=IFCFACE((#7254));
#7256=IFCCARTESIANPOINT((83.67973966598511,1.9454474028199913,163.73559079170226));
#7257=IFCPOLYLOOP((#6796,#7256,#6766));
#7258=IFCFACEOUTERBOUND(#7257,.T.);
#7259=IFCFACE((#7258));
#7260=IFCPOLYLOOP((#7165,#6755,#7151));
#7261=IFCFACEOUTERBOUND(#7260,.T.);
#7262=IFCFACE((#7261));
#7263=IFCPOLYLOOP((#6796,#7147,#7256));
#7264=IFCFACEOUTERBOUND(#7263,.T.);
#7265=IFCFACE((#7264));
#7266=IFCCARTESIANPOINT((91.483923554420471,4.1324742414057258,134.6141851902008));
#7267=IFCPOLYLOOP((#7266,#7177,#6762));
#7268=IFCFACEOUTERBOUND(#7267,.T.);
#7269=IFCFACE((#7268));
#7270=IFCCARTESIANPOINT((88.833113336563116,2.1889304514974355,147.00817794799806));
#7271=IFCPOLYLOOP((#7266,#7270,#7248));
#7272=IFCFACEOUTERBOUND(#7271,.T.);
#7273=IFCFACE((#7272));
#7274=IFCCARTESIANPOINT((14.83036861717701,3.0755009785294534,219.87524185180663));
#7275=IFCCARTESIANPOINT((15.558261823654176,1.8205339472740889,218.74700403213501));
#7276=IFCPOLYLOOP((#7274,#7275,#7226));
#7277=IFCFACEOUTERBOUND(#7276,.T.);
#7278=IFCFACE((#7277));
#7279=IFCCARTESIANPOINT((22.923033034801485,6.3500001892447475,217.98580412864686));
#7280=IFCPOLYLOOP((#7279,#7226,#6774));
#7281=IFCFACEOUTERBOUND(#7280,.T.);
#7282=IFCFACE((#7281));
#7283=IFCCARTESIANPOINT((12.295339849591256,5.4129582300782202,221.10454545021057));
#7284=IFCPOLYLOOP((#6778,#7283,#7279));
#7285=IFCFACEOUTERBOUND(#7284,.T.);
#7286=IFCFACE((#7285));
#7287=IFCPOLYLOOP((#6782,#6774,#7225));
#7288=IFCFACEOUTERBOUND(#7287,.T.);
#7289=IFCFACE((#7288));
#7290=IFCCARTESIANPOINT((13.690937349200249,4.310469429194927,220.63533353805542));
#7291=IFCPOLYLOOP((#7279,#7290,#7226));
#7292=IFCFACEOUTERBOUND(#7291,.T.);
#7293=IFCFACE((#7292));
#7294=IFCPOLYLOOP((#7238,#7177,#7248));
#7295=IFCFACEOUTERBOUND(#7294,.T.);
#7296=IFCFACE((#7295));
#7297=IFCPOLYLOOP((#7226,#7290,#7274));
#7298=IFCFACEOUTERBOUND(#7297,.T.);
#7299=IFCFACE((#7298));
#7300=IFCPOLYLOOP((#6721,#6755,#7131));
#7301=IFCFACEOUTERBOUND(#7300,.T.);
#7302=IFCFACE((#7301));
#7303=IFCCARTESIANPOINT((15.680320143699646,0.75829125903546812,217.26157507896423));
#7304=IFCPOLYLOOP((#7221,#7275,#7303));
#7305=IFCFACEOUTERBOUND(#7304,.T.);
#7306=IFCFACE((#7305));
#7307=IFCCARTESIANPOINT((7.5403918504714973,0.0086471879534656178,215.64999103546143));
#7308=IFCCARTESIANPOINT((12.443657013773919,0.,213.45584807395934));
#7309=IFCPOLYLOOP((#7307,#7199,#7308));
#7310=IFCFACEOUTERBOUND(#7309,.T.);
#7311=IFCFACE((#7310));
#7312=IFCCARTESIANPOINT((79.536669516563421,0.49784885309636595,167.92256269454955));
#7313=IFCPOLYLOOP((#7242,#7244,#7312));
#7314=IFCFACEOUTERBOUND(#7313,.T.);
#7315=IFCFACE((#7314));
#7316=IFCCARTESIANPOINT((68.172460377216339,0.5199554664082825,185.90938267707824));
#7317=IFCPOLYLOOP((#7147,#7316,#7256));
#7318=IFCFACEOUTERBOUND(#7317,.T.);
#7319=IFCFACE((#7318));
#7320=IFCCARTESIANPOINT((52.687390851974492,0.53707524407655005,200.7411626815796));
#7321=IFCPOLYLOOP((#7316,#7147,#7320));
#7322=IFCFACEOUTERBOUND(#7321,.T.);
#7323=IFCFACE((#7322));
#7324=IFCPOLYLOOP((#7230,#7027,#7231));
#7325=IFCFACEOUTERBOUND(#7324,.T.);
#7326=IFCFACE((#7325));
#7327=IFCPOLYLOOP((#7199,#7307,#7200));
#7328=IFCFACEOUTERBOUND(#7327,.T.);
#7329=IFCFACE((#7328));
#7330=IFCPOLYLOOP((#7225,#7226,#7221));
#7331=IFCFACEOUTERBOUND(#7330,.T.);
#7332=IFCFACE((#7331));
#7333=IFCPOLYLOOP((#7290,#7279,#7283));
#7334=IFCFACEOUTERBOUND(#7333,.T.);
#7335=IFCFACE((#7334));
#7336=IFCCARTESIANPOINT((15.079768592119217,0.13815169630106539,215.64999103546143));
#7337=IFCPOLYLOOP((#7308,#7219,#7336));
#7338=IFCFACEOUTERBOUND(#7337,.T.);
#7339=IFCFACE((#7338));
#7340=IFCPOLYLOOP((#7307,#7308,#7336));
#7341=IFCFACEOUTERBOUND(#7340,.T.);
#7342=IFCFACE((#7341));
#7343=IFCPOLYLOOP((#7230,#7198,#7200));
#7344=IFCFACEOUTERBOUND(#7343,.T.);
#7345=IFCFACE((#7344));
#7346=IFCPOLYLOOP((#7336,#7219,#7221));
#7347=IFCFACEOUTERBOUND(#7346,.T.);
#7348=IFCFACE((#7347));
#7349=IFCPOLYLOOP((#7226,#7275,#7221));
#7350=IFCFACEOUTERBOUND(#7349,.T.);
#7351=IFCFACE((#7350));
#7352=IFCPOLYLOOP((#5733,#7191,#5732));
#7353=IFCFACEOUTERBOUND(#7352,.T.);
#7354=IFCFACE((#7353));
#7355=IFCPOLYLOOP((#7221,#7320,#7225));
#7356=IFCFACEOUTERBOUND(#7355,.T.);
#7357=IFCFACE((#7356));
#7358=IFCPOLYLOOP((#7270,#7256,#7244));
#7359=IFCFACEOUTERBOUND(#7358,.T.);
#7360=IFCFACE((#7359));
#7361=IFCPOLYLOOP((#6755,#7165,#7131));
#7362=IFCFACEOUTERBOUND(#7361,.T.);
#7363=IFCFACE((#7362));
#7364=IFCPOLYLOOP((#6782,#7225,#7147));
#7365=IFCFACEOUTERBOUND(#7364,.T.);
#7366=IFCFACE((#7365));
#7367=IFCCARTESIANPOINT((74.914595174789426,0.51054367460310457,83.55344831943512));
#7368=IFCPOLYLOOP((#7367,#7170,#7151));
#7369=IFCFACEOUTERBOUND(#7368,.T.);
#7370=IFCFACE((#7369));
#7371=IFCPOLYLOOP((#7136,#7170,#7161));
#7372=IFCFACEOUTERBOUND(#7371,.T.);
#7373=IFCFACE((#7372));
#7374=IFCPOLYLOOP((#7336,#7221,#7303));
#7375=IFCFACEOUTERBOUND(#7374,.T.);
#7376=IFCFACE((#7375));
#7377=IFCCARTESIANPOINT((55.05476088523865,0.,195.61171560287477));
#7378=IFCPOLYLOOP((#7377,#7320,#7220));
#7379=IFCFACEOUTERBOUND(#7378,.T.);
#7380=IFCFACE((#7379));
#7381=IFCPOLYLOOP((#7220,#7320,#7221));
#7382=IFCFACEOUTERBOUND(#7381,.T.);
#7383=IFCFACE((#7382));
#7384=IFCPOLYLOOP((#7316,#7320,#7377));
#7385=IFCFACEOUTERBOUND(#7384,.T.);
#7386=IFCFACE((#7385));
#7387=IFCPOLYLOOP((#7147,#7225,#7320));
#7388=IFCFACEOUTERBOUND(#7387,.T.);
#7389=IFCFACE((#7388));
#7390=IFCCARTESIANPOINT((74.175073635578158,0.,172.82500691413881));
#7391=IFCPOLYLOOP((#7377,#7390,#7316));
#7392=IFCFACEOUTERBOUND(#7391,.T.);
#7393=IFCFACE((#7392));
#7394=IFCPOLYLOOP((#7390,#7312,#7316));
#7395=IFCFACEOUTERBOUND(#7394,.T.);
#7396=IFCFACE((#7395));
#7397=IFCPOLYLOOP((#7238,#7248,#7249));
#7398=IFCFACEOUTERBOUND(#7397,.T.);
#7399=IFCFACE((#7398));
#7400=IFCPOLYLOOP((#7151,#6770,#7177));
#7401=IFCFACEOUTERBOUND(#7400,.T.);
#7402=IFCFACE((#7401));
#7403=IFCPOLYLOOP((#7249,#7169,#7238));
#7404=IFCFACEOUTERBOUND(#7403,.T.);
#7405=IFCFACE((#7404));
#7406=IFCPOLYLOOP((#7238,#7169,#7367));
#7407=IFCFACEOUTERBOUND(#7406,.T.);
#7408=IFCFACE((#7407));
#7409=IFCPOLYLOOP((#7238,#7367,#7151));
#7410=IFCFACEOUTERBOUND(#7409,.T.);
#7411=IFCFACE((#7410));
#7412=IFCPOLYLOOP((#7169,#7170,#7367));
#7413=IFCFACEOUTERBOUND(#7412,.T.);
#7414=IFCFACE((#7413));
#7415=IFCPOLYLOOP((#7244,#7256,#7312));
#7416=IFCFACEOUTERBOUND(#7415,.T.);
#7417=IFCFACE((#7416));
#7418=IFCPOLYLOOP((#7243,#7248,#7244));
#7419=IFCFACEOUTERBOUND(#7418,.T.);
#7420=IFCFACE((#7419));
#7421=IFCPOLYLOOP((#7270,#7244,#7248));
#7422=IFCFACEOUTERBOUND(#7421,.T.);
#7423=IFCFACE((#7422));
#7424=IFCPOLYLOOP((#7248,#7177,#7266));
#7425=IFCFACEOUTERBOUND(#7424,.T.);
#7426=IFCFACE((#7425));
#7427=IFCPOLYLOOP((#6766,#7256,#7270));
#7428=IFCFACEOUTERBOUND(#7427,.T.);
#7429=IFCFACE((#7428));
#7430=IFCPOLYLOOP((#6762,#6766,#7266));
#7431=IFCFACEOUTERBOUND(#7430,.T.);
#7432=IFCFACE((#7431));
#7433=IFCPOLYLOOP((#6766,#7270,#7266));
#7434=IFCFACEOUTERBOUND(#7433,.T.);
#7435=IFCFACE((#7434));
#7436=IFCPOLYLOOP((#7316,#7312,#7256));
#7437=IFCFACEOUTERBOUND(#7436,.T.);
#7438=IFCFACE((#7437));
#7439=IFCPOLYLOOP((#7242,#7312,#7390));
#7440=IFCFACEOUTERBOUND(#7439,.T.);
#7441=IFCFACE((#7440));
#7442=IFCCARTESIANPOINT((-4.66637152209878,-0.,45.172805929183959));
#7443=IFCCARTESIANPOINT((-3.2953915469348432,-0.0037790966431202836,44.350000047683714));
#7444=IFCPOLYLOOP((#6899,#7442,#7443));
#7445=IFCFACEOUTERBOUND(#7444,.T.);
#7446=IFCFACE((#7445));
#7447=IFCCARTESIANPOINT((-15.48737679719925,-0.15376906287856401,215.64999103546143));
#7448=IFCPOLYLOOP((#7447,#6934,#6930));
#7449=IFCFACEOUTERBOUND(#7448,.T.);
#7450=IFCFACE((#7449));
#7451=IFCCARTESIANPOINT((-33.846530520915984,-0.9472156148403883,212.29832425117493));
#7452=IFCPOLYLOOP((#7451,#6934,#7447));
#7453=IFCFACEOUTERBOUND(#7452,.T.);
#7454=IFCFACE((#7453));
#7455=IFCCARTESIANPOINT((-23.132368004322053,-6.3500001892447475,42.067558515071873));
#7456=IFCPOLYLOOP((#6015,#6014,#7455));
#7457=IFCFACEOUTERBOUND(#7456,.T.);
#7458=IFCFACE((#7457));
#7459=IFCCARTESIANPOINT((-7.7443032547831541,-0.0096198930172249671,215.64999103546143));
#7460=IFCPOLYLOOP((#7459,#7447,#6930));
#7461=IFCFACEOUTERBOUND(#7460,.T.);
#7462=IFCFACE((#7461));
#7463=IFCCARTESIANPOINT((-5.5193385690450674,-0.0068560645959223621,215.64999103546143));
#7464=IFCCARTESIANPOINT((-3.2943738833069802,-0.0040922367290477267,215.64999103546143));
#7465=IFCPOLYLOOP((#7463,#6895,#7027,#7464));
#7466=IFCFACEOUTERBOUND(#7465,.T.);
#7467=IFCFACE((#7466));
#7468=IFCCARTESIANPOINT((-48.784349656105043,-1.7462022062391043,205.65923094749451));
#7469=IFCPOLYLOOP((#6864,#7451,#7468));
#7470=IFCFACEOUTERBOUND(#7469,.T.);
#7471=IFCFACE((#7470));
#7472=IFCCARTESIANPOINT((-89.996659684181211,-1.7208449240773918,130.00000462532043));
#7473=IFCCARTESIANPOINT((-86.745722579956052,-0.84711058437824249,149.07727403640749));
#7474=IFCPOLYLOOP((#7472,#6943,#7473));
#7475=IFCFACEOUTERBOUND(#7474,.T.);
#7476=IFCFACE((#7475));
#7477=IFCCARTESIANPOINT((-64.753546607494357,-2.7532002367079258,193.77083959579468));
#7478=IFCCARTESIANPOINT((-76.509937477111819,-2.0121201250702145,177.93788523674013));
#7479=IFCCARTESIANPOINT((-65.280899047851562,-0.67655626349151132,189.75807580947875));
#7480=IFCPOLYLOOP((#7477,#7478,#7479));
#7481=IFCFACEOUTERBOUND(#7480,.T.);
#7482=IFCFACE((#7481));
#7483=IFCPOLYLOOP((#7443,#5742,#6899));
#7484=IFCFACEOUTERBOUND(#7483,.T.);
#7485=IFCFACE((#7484));
#7486=IFCCARTESIANPOINT((-74.815836668014526,-0.50855954987928276,176.59666986465456));
#7487=IFCPOLYLOOP((#7479,#7478,#7486));
#7488=IFCFACEOUTERBOUND(#7487,.T.);
#7489=IFCFACE((#7488));
#7490=IFCCARTESIANPOINT((-36.876848369836807,-2.8902226120233538,213.16545882225037));
#7491=IFCPOLYLOOP((#7468,#7451,#7490));
#7492=IFCFACEOUTERBOUND(#7491,.T.);
#7493=IFCFACE((#7492));
#7494=IFCCARTESIANPOINT((-69.929983913898468,-2.6202150195837022,72.099455416202545));
#7495=IFCCARTESIANPOINT((-61.68839031457901,-6.3500001892447475,61.746485424041751));
#7496=IFCCARTESIANPOINT((-47.361821115016937,-1.8821907375007869,53.279047143459323));
#7497=IFCPOLYLOOP((#7494,#7495,#7496));
#7498=IFCFACEOUTERBOUND(#7497,.T.);
#7499=IFCFACE((#7498));
#7500=IFCCARTESIANPOINT((-88.462369251251218,-3.1942539498209954,152.01397705078125));
#7501=IFCPOLYLOOP((#7500,#7472,#7473));
#7502=IFCFACEOUTERBOUND(#7501,.T.);
#7503=IFCFACE((#7502));
#7504=IFCCARTESIANPOINT((-19.664576858282089,-2.2192297182977199,218.30983958244323));
#7505=IFCPOLYLOOP((#7451,#7504,#7490));
#7506=IFCFACEOUTERBOUND(#7505,.T.);
#7507=IFCFACE((#7506));
#7508=IFCCARTESIANPOINT((-38.111132133007054,-6.3500001892447475,46.265049397945404));
#7509=IFCPOLYLOOP((#7508,#7495,#7496));
#7510=IFCFACEOUTERBOUND(#7509,.T.);
#7511=IFCFACE((#7510));
#7512=IFCCARTESIANPOINT((-91.482315731048587,-4.1448857635259628,125.26400191783905));
#7513=IFCCARTESIANPOINT((-88.8233119726181,-2.1651639606803657,113.05093016624451));
#7514=IFCPOLYLOOP((#7512,#7513,#7472));
#7515=IFCFACEOUTERBOUND(#7514,.T.);
#7516=IFCFACE((#7515));
#7517=IFCCARTESIANPOINT((-20.919514793157578,-3.4015064701437949,218.84429097175598));
#7518=IFCCARTESIANPOINT((-22.028267973661425,-4.7978119343519214,219.1254693031311));
#7519=IFCPOLYLOOP((#7490,#7517,#7518));
#7520=IFCFACEOUTERBOUND(#7519,.T.);
#7521=IFCFACE((#7520));
#7522=IFCCARTESIANPOINT((-18.31037967503071,-1.2780302412807942,217.57701730728149));
#7523=IFCPOLYLOOP((#7504,#7451,#7522));
#7524=IFCFACEOUTERBOUND(#7523,.T.);
#7525=IFCFACE((#7524));
#7526=IFCCARTESIANPOINT((-33.067574161291127,-2.8809719502925875,45.254287147521971));
#7527=IFCPOLYLOOP((#7526,#6039,#6035));
#7528=IFCFACEOUTERBOUND(#7527,.T.);
#7529=IFCFACE((#7528));
#7530=IFCPOLYLOOP((#7459,#6891,#6895,#7463));
#7531=IFCFACEOUTERBOUND(#7530,.T.);
#7532=IFCFACE((#7531));
#7533=IFCCARTESIANPOINT((-50.577240765094757,-3.8649343058466914,206.24309792518616));
#7534=IFCCARTESIANPOINT((-48.860630428791048,-6.3500001892447475,207.95280461311341));
#7535=IFCPOLYLOOP((#7490,#7533,#7534));
#7536=IFCFACEOUTERBOUND(#7535,.T.);
#7537=IFCFACE((#7536));
#7538=IFCCARTESIANPOINT((-22.94773855805397,-6.3500001892447475,219.09209561347961));
#7539=IFCPOLYLOOP((#7534,#7538,#7518));
#7540=IFCFACEOUTERBOUND(#7539,.T.);
#7541=IFCFACE((#7540));
#7542=IFCPOLYLOOP((#7504,#7517,#7490));
#7543=IFCFACEOUTERBOUND(#7542,.T.);
#7544=IFCFACE((#7543));
#7545=IFCPOLYLOOP((#7526,#7496,#7508));
#7546=IFCFACEOUTERBOUND(#7545,.T.);
#7547=IFCFACE((#7546));
#7548=IFCPOLYLOOP((#7518,#7490,#7534));
#7549=IFCFACEOUTERBOUND(#7548,.T.);
#7550=IFCFACE((#7549));
#7551=IFCCARTESIANPOINT((-5.41789184063673,-0.0062131421596859585,44.350000047683714));
#7552=IFCPOLYLOOP((#7442,#6900,#7551));
#7553=IFCFACEOUTERBOUND(#7552,.T.);
#7554=IFCFACE((#7553));
#7555=IFCCARTESIANPOINT((-84.904683065414432,-6.3500001892447475,165.42872872352601));
#7556=IFCCARTESIANPOINT((-70.180936074256905,-6.3500001892447475,189.4864354133606));
#7557=IFCPOLYLOOP((#7478,#7555,#7556));
#7558=IFCFACEOUTERBOUND(#7557,.T.);
#7559=IFCFACE((#7558));
#7560=IFCPOLYLOOP((#7500,#7512,#7472));
#7561=IFCFACEOUTERBOUND(#7560,.T.);
#7562=IFCFACE((#7561));
#7563=IFCPOLYLOOP((#7468,#7490,#7533));
#7564=IFCFACEOUTERBOUND(#7563,.T.);
#7565=IFCFACE((#7564));
#7566=IFCPOLYLOOP((#7472,#7093,#6943));
#7567=IFCFACEOUTERBOUND(#7566,.T.);
#7568=IFCFACE((#7567));
#7569=IFCPOLYLOOP((#7468,#7533,#7477));
#7570=IFCFACEOUTERBOUND(#7569,.T.);
#7571=IFCFACE((#7570));
#7572=IFCCARTESIANPOINT((-52.64744052886963,-0.52385200392454867,59.266853892803198));
#7573=IFCPOLYLOOP((#7572,#7494,#7496));
#7574=IFCFACEOUTERBOUND(#7573,.T.);
#7575=IFCFACE((#7574));
#7576=IFCPOLYLOOP((#6934,#7451,#6864));
#7577=IFCFACEOUTERBOUND(#7576,.T.);
#7578=IFCFACE((#7577));
#7579=IFCCARTESIANPOINT((-85.509469914436337,-0.59402725612744689,107.8502210855484));
#7580=IFCCARTESIANPOINT((-83.73175320625306,-1.9424165535718203,96.401564884185788));
#7581=IFCCARTESIANPOINT((-79.532354736328131,-0.49866887424141171,92.063857269287112));
#7582=IFCPOLYLOOP((#7579,#7580,#7581));
#7583=IFCFACEOUTERBOUND(#7582,.T.);
#7584=IFCFACE((#7583));
#7585=IFCPOLYLOOP((#5738,#7017,#5724));
#7586=IFCFACEOUTERBOUND(#7585,.T.);
#7587=IFCFACE((#7586));
#7588=IFCCARTESIANPOINT((-32.671559089422225,-0.98544038068503148,47.162491893768312));
#7589=IFCPOLYLOOP((#7496,#7588,#7572));
#7590=IFCFACEOUTERBOUND(#7589,.T.);
#7591=IFCFACE((#7590));
#7592=IFCPOLYLOOP((#7551,#7443,#7442));
#7593=IFCFACEOUTERBOUND(#7592,.T.);
#7594=IFCFACE((#7593));
#7595=IFCPOLYLOOP((#7017,#5738,#7551,#6900));
#7596=IFCFACEOUTERBOUND(#7595,.T.);
#7597=IFCFACE((#7596));
#7598=IFCPOLYLOOP((#5724,#7588,#5892));
#7599=IFCFACEOUTERBOUND(#7598,.T.);
#7600=IFCFACE((#7599));
#7601=IFCCARTESIANPOINT((-16.902406704425811,-0.58723445786163209,216.68452091217043));
#7602=IFCPOLYLOOP((#7451,#7601,#7522));
#7603=IFCFACEOUTERBOUND(#7602,.T.);
#7604=IFCFACE((#7603));
#7605=IFCPOLYLOOP((#7017,#6842,#5724));
#7606=IFCFACEOUTERBOUND(#7605,.T.);
#7607=IFCFACE((#7606));
#7608=IFCCARTESIANPOINT((-91.64793062210083,-6.3500001892447475,138.04094731807709));
#7609=IFCPOLYLOOP((#7608,#7555,#7500));
#7610=IFCFACEOUTERBOUND(#7609,.T.);
#7611=IFCFACE((#7610));
#7612=IFCPOLYLOOP((#7526,#5973,#7588));
#7613=IFCFACEOUTERBOUND(#7612,.T.);
#7614=IFCFACE((#7613));
#7615=IFCCARTESIANPOINT((-89.776860237121582,-6.3500001892447475,109.89737083911896));
#7616=IFCCARTESIANPOINT((-79.467333269119266,-6.3500001892447475,83.643313837051394));
#7617=IFCPOLYLOOP((#7615,#7580,#7616));
#7618=IFCFACEOUTERBOUND(#7617,.T.);
#7619=IFCFACE((#7618));
#7620=IFCPOLYLOOP((#7494,#7580,#7616));
#7621=IFCFACEOUTERBOUND(#7620,.T.);
#7622=IFCFACE((#7621));
#7623=IFCPOLYLOOP((#7588,#5973,#5892));
#7624=IFCFACEOUTERBOUND(#7623,.T.);
#7625=IFCFACE((#7624));
#7626=IFCPOLYLOOP((#7494,#7495,#7616));
#7627=IFCFACEOUTERBOUND(#7626,.T.);
#7628=IFCFACE((#7627));
#7629=IFCPOLYLOOP((#6930,#6891,#7459));
#7630=IFCFACEOUTERBOUND(#7629,.T.);
#7631=IFCFACE((#7630));
#7632=IFCPOLYLOOP((#7496,#7526,#7588));
#7633=IFCFACEOUTERBOUND(#7632,.T.);
#7634=IFCFACE((#7633));
#7635=IFCPOLYLOOP((#7601,#7451,#7447));
#7636=IFCFACEOUTERBOUND(#7635,.T.);
#7637=IFCFACE((#7636));
#7638=IFCCARTESIANPOINT((-79.261931562423712,-0.,101.15102062225343));
#7639=IFCPOLYLOOP((#7579,#7638,#7093));
#7640=IFCFACEOUTERBOUND(#7639,.T.);
#7641=IFCFACE((#7640));
#7642=IFCPOLYLOOP((#7556,#7533,#7477));
#7643=IFCFACEOUTERBOUND(#7642,.T.);
#7644=IFCFACE((#7643));
#7645=IFCPOLYLOOP((#7526,#7455,#7508));
#7646=IFCFACEOUTERBOUND(#7645,.T.);
#7647=IFCFACE((#7646));
#7648=IFCPOLYLOOP((#6015,#7455,#6035));
#7649=IFCFACEOUTERBOUND(#7648,.T.);
#7650=IFCFACE((#7649));
#7651=IFCPOLYLOOP((#7638,#7581,#7064));
#7652=IFCFACEOUTERBOUND(#7651,.T.);
#7653=IFCFACE((#7652));
#7654=IFCPOLYLOOP((#7455,#7526,#6035));
#7655=IFCFACEOUTERBOUND(#7654,.T.);
#7656=IFCFACE((#7655));
#7657=IFCPOLYLOOP((#5973,#7526,#6039));
#7658=IFCFACEOUTERBOUND(#7657,.T.);
#7659=IFCFACE((#7658));
#7660=IFCCARTESIANPOINT((-68.169966888427737,-0.51973724355921147,74.088382887840268));
#7661=IFCPOLYLOOP((#7660,#7572,#6840));
#7662=IFCFACEOUTERBOUND(#7661,.T.);
#7663=IFCFACE((#7662));
#7664=IFCPOLYLOOP((#6864,#7468,#7479));
#7665=IFCFACEOUTERBOUND(#7664,.T.);
#7666=IFCFACE((#7665));
#7667=IFCPOLYLOOP((#7472,#7513,#7579));
#7668=IFCFACEOUTERBOUND(#7667,.T.);
#7669=IFCFACE((#7668));
#7670=IFCPOLYLOOP((#7478,#7477,#7556));
#7671=IFCFACEOUTERBOUND(#7670,.T.);
#7672=IFCFACE((#7671));
#7673=IFCPOLYLOOP((#7556,#7534,#7533));
#7674=IFCFACEOUTERBOUND(#7673,.T.);
#7675=IFCFACE((#7674));
#7676=IFCPOLYLOOP((#7477,#7479,#7468));
#7677=IFCFACEOUTERBOUND(#7676,.T.);
#7678=IFCFACE((#7677));
#7679=IFCPOLYLOOP((#6864,#7479,#6870));
#7680=IFCFACEOUTERBOUND(#7679,.T.);
#7681=IFCFACE((#7680));
#7682=IFCCARTESIANPOINT((-42.174392473697665,-0.,56.951810789108279));
#7683=IFCPOLYLOOP((#7572,#7588,#7682));
#7684=IFCFACEOUTERBOUND(#7683,.T.);
#7685=IFCFACE((#7684));
#7686=IFCPOLYLOOP((#6842,#7588,#5724));
#7687=IFCFACEOUTERBOUND(#7686,.T.);
#7688=IFCFACE((#7687));
#7689=IFCPOLYLOOP((#6840,#7572,#7682));
#7690=IFCFACEOUTERBOUND(#7689,.T.);
#7691=IFCFACE((#7690));
#7692=IFCPOLYLOOP((#7682,#7588,#6842));
#7693=IFCFACEOUTERBOUND(#7692,.T.);
#7694=IFCFACE((#7693));
#7695=IFCPOLYLOOP((#7494,#7572,#7660));
#7696=IFCFACEOUTERBOUND(#7695,.T.);
#7697=IFCFACE((#7696));
#7698=IFCPOLYLOOP((#7494,#7660,#7580));
#7699=IFCFACEOUTERBOUND(#7698,.T.);
#7700=IFCFACE((#7699));
#7701=IFCPOLYLOOP((#7660,#6840,#7064));
#7702=IFCFACEOUTERBOUND(#7701,.T.);
#7703=IFCFACE((#7702));
#7704=IFCPOLYLOOP((#7500,#7478,#7555));
#7705=IFCFACEOUTERBOUND(#7704,.T.);
#7706=IFCFACE((#7705));
#7707=IFCPOLYLOOP((#7478,#7473,#7486));
#7708=IFCFACEOUTERBOUND(#7707,.T.);
#7709=IFCFACE((#7708));
#7710=IFCPOLYLOOP((#7500,#7473,#7478));
#7711=IFCFACEOUTERBOUND(#7710,.T.);
#7712=IFCFACE((#7711));
#7713=IFCPOLYLOOP((#7473,#6943,#6870));
#7714=IFCFACEOUTERBOUND(#7713,.T.);
#7715=IFCFACE((#7714));
#7716=IFCPOLYLOOP((#7486,#6870,#7479));
#7717=IFCFACEOUTERBOUND(#7716,.T.);
#7718=IFCFACE((#7717));
#7719=IFCPOLYLOOP((#6870,#7486,#7473));
#7720=IFCFACEOUTERBOUND(#7719,.T.);
#7721=IFCFACE((#7720));
#7722=IFCPOLYLOOP((#7580,#7660,#7581));
#7723=IFCFACEOUTERBOUND(#7722,.T.);
#7724=IFCFACE((#7723));
#7725=IFCPOLYLOOP((#7580,#7579,#7513));
#7726=IFCFACEOUTERBOUND(#7725,.T.);
#7727=IFCFACE((#7726));
#7728=IFCPOLYLOOP((#7579,#7093,#7472));
#7729=IFCFACEOUTERBOUND(#7728,.T.);
#7730=IFCFACE((#7729));
#7731=IFCPOLYLOOP((#7513,#7615,#7580));
#7732=IFCFACEOUTERBOUND(#7731,.T.);
#7733=IFCFACE((#7732));
#7734=IFCPOLYLOOP((#7500,#7608,#7512));
#7735=IFCFACEOUTERBOUND(#7734,.T.);
#7736=IFCFACE((#7735));
#7737=IFCPOLYLOOP((#7513,#7615,#7512));
#7738=IFCFACEOUTERBOUND(#7737,.T.);
#7739=IFCFACE((#7738));
#7740=IFCPOLYLOOP((#7615,#7608,#7512));
#7741=IFCFACEOUTERBOUND(#7740,.T.);
#7742=IFCFACE((#7741));
#7743=IFCPOLYLOOP((#7579,#7581,#7638));
#7744=IFCFACEOUTERBOUND(#7743,.T.);
#7745=IFCFACE((#7744));
#7746=IFCPOLYLOOP((#7064,#7581,#7660));
#7747=IFCFACEOUTERBOUND(#7746,.T.);
#7748=IFCFACE((#7747));
#7749=IFCCARTESIANPOINT((3.2943738833069802,-0.0040922367290477267,215.64999103546143));
#7750=IFCCARTESIANPOINT((5.5193385690450674,-0.0068560645959223621,215.64999103546143));
#7751=IFCPOLYLOOP((#7749,#7231,#7199,#7750));
#7752=IFCFACEOUTERBOUND(#7751,.T.);
#7753=IFCFACE((#7752));
#7754=IFCPOLYLOOP((#5731,#7140,#7191));
#7755=IFCFACEOUTERBOUND(#7754,.T.);
#7756=IFCFACE((#7755));
#7757=IFCCARTESIANPOINT((32.671559089422225,-0.98544038068503148,47.162491893768312));
#7758=IFCPOLYLOOP((#7757,#7140,#5731));
#7759=IFCFACEOUTERBOUND(#7758,.T.);
#7760=IFCFACE((#7759));
#7761=IFCCARTESIANPOINT((23.132368004322053,-6.3500001892447475,42.067558515071873));
#7762=IFCPOLYLOOP((#5937,#7761,#5932));
#7763=IFCFACEOUTERBOUND(#7762,.T.);
#7764=IFCFACE((#7763));
#7765=IFCPOLYLOOP((#5746,#5731,#7191));
#7766=IFCFACEOUTERBOUND(#7765,.T.);
#7767=IFCFACE((#7766));
#7768=IFCCARTESIANPOINT((3.2953915469348432,-0.0037790966431202836,44.350000047683714));
#7769=IFCPOLYLOOP((#7183,#5742,#7768));
#7770=IFCFACEOUTERBOUND(#7769,.T.);
#7771=IFCFACE((#7770));
#7772=IFCCARTESIANPOINT((68.169966888427737,-0.51973724355921147,74.088382887840268));
#7773=IFCCARTESIANPOINT((69.929983913898468,-2.6202150195837022,72.099455416202545));
#7774=IFCCARTESIANPOINT((83.73175320625306,-1.9424164116382601,96.401564884185788));
#7775=IFCPOLYLOOP((#7772,#7773,#7774));
#7776=IFCFACEOUTERBOUND(#7775,.T.);
#7777=IFCFACE((#7776));
#7778=IFCCARTESIANPOINT((84.904683065414432,-6.3500001892447475,165.42872872352601));
#7779=IFCCARTESIANPOINT((81.118431615829465,-2.9425603285431863,171.25915045738222));
#7780=IFCCARTESIANPOINT((71.895979464054108,-3.5838431216776372,186.37982997894287));
#7781=IFCPOLYLOOP((#7778,#7779,#7780));
#7782=IFCFACEOUTERBOUND(#7781,.T.);
#7783=IFCFACE((#7782));
#7784=IFCCARTESIANPOINT((52.64744052886963,-0.52385200392454867,59.266853892803198));
#7785=IFCPOLYLOOP((#7772,#7784,#7773));
#7786=IFCFACEOUTERBOUND(#7785,.T.);
#7787=IFCFACE((#7786));
#7788=IFCCARTESIANPOINT((33.846530520915984,-0.9472156148403883,212.29832425117493));
#7789=IFCPOLYLOOP((#7219,#7377,#7788));
#7790=IFCFACEOUTERBOUND(#7789,.T.);
#7791=IFCFACE((#7790));
#7792=IFCCARTESIANPOINT((85.509469914436337,-0.59402722064405677,107.8502210855484));
#7793=IFCCARTESIANPOINT((79.261931562423712,-0.,101.15102062225343));
#7794=IFCPOLYLOOP((#7792,#7249,#7793));
#7795=IFCFACEOUTERBOUND(#7794,.T.);
#7796=IFCFACE((#7795));
#7797=IFCCARTESIANPOINT((47.361821115016937,-1.8821907375007869,53.279047143459323));
#7798=IFCCARTESIANPOINT((33.067574161291127,-2.8809719502925875,45.254287147521971));
#7799=IFCPOLYLOOP((#7797,#7757,#7798));
#7800=IFCFACEOUTERBOUND(#7799,.T.);
#7801=IFCFACE((#7800));
#7802=IFCPOLYLOOP((#7797,#7784,#7757));
#7803=IFCFACEOUTERBOUND(#7802,.T.);
#7804=IFCFACE((#7803));
#7805=IFCCARTESIANPOINT((90.590863966941839,-2.6303039409220221,123.89273750782013));
#7806=IFCCARTESIANPOINT((88.200039696693423,-0.534903802536428,129.60801365375519));
#7807=IFCPOLYLOOP((#7792,#7805,#7806));
#7808=IFCFACEOUTERBOUND(#7807,.T.);
#7809=IFCFACE((#7808));
#7810=IFCPOLYLOOP((#7761,#5937,#7798));
#7811=IFCFACEOUTERBOUND(#7810,.T.);
#7812=IFCFACE((#7811));
#7813=IFCCARTESIANPOINT((89.776860237121582,-6.3500001892447475,109.89737083911896));
#7814=IFCCARTESIANPOINT((91.64793062210083,-6.3500001892447475,138.04094731807709));
#7815=IFCPOLYLOOP((#7813,#7805,#7814));
#7816=IFCFACEOUTERBOUND(#7815,.T.);
#7817=IFCFACE((#7816));
#7818=IFCPOLYLOOP((#5933,#5932,#7761));
#7819=IFCFACEOUTERBOUND(#7818,.T.);
#7820=IFCFACE((#7819));
#7821=IFCCARTESIANPOINT((20.919514793157578,-3.4015064701437949,218.84429097175598));
#7822=IFCCARTESIANPOINT((36.876848369836807,-2.8902226120233538,213.16545882225037));
#7823=IFCCARTESIANPOINT((22.028267973661425,-4.7978119343519214,219.1254693031311));
#7824=IFCPOLYLOOP((#7821,#7822,#7823));
#7825=IFCFACEOUTERBOUND(#7824,.T.);
#7826=IFCFACE((#7825));
#7827=IFCPOLYLOOP((#5937,#5904,#7798));
#7828=IFCFACEOUTERBOUND(#7827,.T.);
#7829=IFCFACE((#7828));
#7830=IFCCARTESIANPOINT((38.111132133007054,-6.3500001892447475,46.265049397945404));
#7831=IFCPOLYLOOP((#7798,#7830,#7797));
#7832=IFCFACEOUTERBOUND(#7831,.T.);
#7833=IFCFACE((#7832));
#7834=IFCCARTESIANPOINT((79.467333269119266,-6.3500001892447475,83.643313837051394));
#7835=IFCPOLYLOOP((#7773,#7834,#7774));
#7836=IFCFACEOUTERBOUND(#7835,.T.);
#7837=IFCFACE((#7836));
#7838=IFCPOLYLOOP((#7834,#7774,#7813));
#7839=IFCFACEOUTERBOUND(#7838,.T.);
#7840=IFCFACE((#7839));
#7841=IFCPOLYLOOP((#5867,#7798,#7757));
#7842=IFCFACEOUTERBOUND(#7841,.T.);
#7843=IFCFACE((#7842));
#7844=IFCPOLYLOOP((#5904,#7798,#5867));
#7845=IFCFACEOUTERBOUND(#7844,.T.);
#7846=IFCFACE((#7845));
#7847=IFCPOLYLOOP((#7761,#7798,#7830));
#7848=IFCFACEOUTERBOUND(#7847,.T.);
#7849=IFCFACE((#7848));
#7850=IFCCARTESIANPOINT((80.799528479576111,-0.69977701976895335,166.22370200157167));
#7851=IFCPOLYLOOP((#7850,#7390,#7242));
#7852=IFCFACEOUTERBOUND(#7851,.T.);
#7853=IFCFACE((#7852));
#7854=IFCCARTESIANPOINT((5.41789184063673,-0.0062131421596859585,44.350000047683714));
#7855=IFCCARTESIANPOINT((4.66637152209878,-0.,45.172805929183959));
#7856=IFCPOLYLOOP((#7854,#7855,#7768));
#7857=IFCFACEOUTERBOUND(#7856,.T.);
#7858=IFCFACE((#7857));
#7859=IFCPOLYLOOP((#5867,#7757,#5869));
#7860=IFCFACEOUTERBOUND(#7859,.T.);
#7861=IFCFACE((#7860));
#7862=IFCCARTESIANPOINT((42.174392473697665,-0.,56.951810789108279));
#7863=IFCPOLYLOOP((#7757,#7862,#7140));
#7864=IFCFACEOUTERBOUND(#7863,.T.);
#7865=IFCFACE((#7864));
#7866=IFCCARTESIANPOINT((50.577240765094757,-3.8649343058466914,206.24309792518616));
#7867=IFCCARTESIANPOINT((48.860630428791048,-6.3500001892447475,207.95280461311341));
#7868=IFCPOLYLOOP((#7866,#7822,#7867));
#7869=IFCFACEOUTERBOUND(#7868,.T.);
#7870=IFCFACE((#7869));
#7871=IFCCARTESIANPOINT((87.550469970703134,-1.9933475665748119,151.9895962715149));
#7872=IFCPOLYLOOP((#7814,#7871,#7805));
#7873=IFCFACEOUTERBOUND(#7872,.T.);
#7874=IFCFACE((#7873));
#7875=IFCPOLYLOOP((#7805,#7774,#7813));
#7876=IFCFACEOUTERBOUND(#7875,.T.);
#7877=IFCFACE((#7876));
#7878=IFCCARTESIANPOINT((70.326648473739624,-1.3295210402458906,185.41871495246889));
#7879=IFCCARTESIANPOINT((48.784349656105043,-1.7462022062391043,205.65923094749451));
#7880=IFCPOLYLOOP((#7878,#7879,#7377));
#7881=IFCFACEOUTERBOUND(#7880,.T.);
#7882=IFCFACE((#7881));
#7883=IFCCARTESIANPOINT((85.657852935791013,-0.48904091762378815,150.57261335849762));
#7884=IFCPOLYLOOP((#7883,#7850,#7242));
#7885=IFCFACEOUTERBOUND(#7884,.T.);
#7886=IFCFACE((#7885));
#7887=IFCCARTESIANPOINT((7.7443032547831541,-0.0096198930172249671,215.64999103546143));
#7888=IFCCARTESIANPOINT((15.48737679719925,-0.15376906287856401,215.64999103546143));
#7889=IFCPOLYLOOP((#7887,#7308,#7888));
#7890=IFCFACEOUTERBOUND(#7889,.T.);
#7891=IFCFACE((#7890));
#7892=IFCCARTESIANPOINT((18.31037967503071,-1.2780302412807942,217.57701730728149));
#7893=IFCCARTESIANPOINT((16.902406704425811,-0.58723445786163209,216.68452091217043));
#7894=IFCPOLYLOOP((#7788,#7892,#7893));
#7895=IFCFACEOUTERBOUND(#7894,.T.);
#7896=IFCFACE((#7895));
#7897=IFCPOLYLOOP((#7749,#7027,#7231));
#7898=IFCFACEOUTERBOUND(#7897,.T.);
#7899=IFCFACE((#7898));
#7900=IFCPOLYLOOP((#7191,#7190,#7854,#5746));
#7901=IFCFACEOUTERBOUND(#7900,.T.);
#7902=IFCFACE((#7901));
#7903=IFCPOLYLOOP((#7199,#7887,#7750));
#7904=IFCFACEOUTERBOUND(#7903,.T.);
#7905=IFCFACE((#7904));
#7906=IFCPOLYLOOP((#7888,#7788,#7893));
#7907=IFCFACEOUTERBOUND(#7906,.T.);
#7908=IFCFACE((#7907));
#7909=IFCPOLYLOOP((#7199,#7308,#7887));
#7910=IFCFACEOUTERBOUND(#7909,.T.);
#7911=IFCFACE((#7910));
#7912=IFCPOLYLOOP((#7866,#7822,#7879));
#7913=IFCFACEOUTERBOUND(#7912,.T.);
#7914=IFCFACE((#7913));
#7915=IFCPOLYLOOP((#7308,#7219,#7888));
#7916=IFCFACEOUTERBOUND(#7915,.T.);
#7917=IFCFACE((#7916));
#7918=IFCPOLYLOOP((#7219,#7788,#7888));
#7919=IFCFACEOUTERBOUND(#7918,.T.);
#7920=IFCFACE((#7919));
#7921=IFCCARTESIANPOINT((19.664576858282089,-2.2192297182977199,218.30983958244323));
#7922=IFCPOLYLOOP((#7892,#7788,#7921));
#7923=IFCFACEOUTERBOUND(#7922,.T.);
#7924=IFCFACE((#7923));
#7925=IFCPOLYLOOP((#7814,#7871,#7778));
#7926=IFCFACEOUTERBOUND(#7925,.T.);
#7927=IFCFACE((#7926));
#7928=IFCPOLYLOOP((#7855,#7183,#7768));
#7929=IFCFACEOUTERBOUND(#7928,.T.);
#7930=IFCFACE((#7929));
#7931=IFCPOLYLOOP((#7377,#7390,#7878));
#7932=IFCFACEOUTERBOUND(#7931,.T.);
#7933=IFCFACE((#7932));
#7934=IFCPOLYLOOP((#7779,#7850,#7871));
#7935=IFCFACEOUTERBOUND(#7934,.T.);
#7936=IFCFACE((#7935));
#7937=IFCCARTESIANPOINT((61.68839031457901,-6.3500001892447475,61.746485424041751));
#7938=IFCPOLYLOOP((#7937,#7830,#7797));
#7939=IFCFACEOUTERBOUND(#7938,.T.);
#7940=IFCFACE((#7939));
#7941=IFCPOLYLOOP((#7788,#7879,#7822));
#7942=IFCFACEOUTERBOUND(#7941,.T.);
#7943=IFCFACE((#7942));
#7944=IFCPOLYLOOP((#7879,#7788,#7377));
#7945=IFCFACEOUTERBOUND(#7944,.T.);
#7946=IFCFACE((#7945));
#7947=IFCCARTESIANPOINT((22.94773855805397,-6.3500001892447475,219.09209561347961));
#7948=IFCPOLYLOOP((#7823,#7947,#7867));
#7949=IFCFACEOUTERBOUND(#7948,.T.);
#7950=IFCFACE((#7949));
#7951=IFCPOLYLOOP((#7822,#7823,#7867));
#7952=IFCFACEOUTERBOUND(#7951,.T.);
#7953=IFCFACE((#7952));
#7954=IFCPOLYLOOP((#7866,#7879,#7780));
#7955=IFCFACEOUTERBOUND(#7954,.T.);
#7956=IFCFACE((#7955));
#7957=IFCPOLYLOOP((#7773,#7797,#7937));
#7958=IFCFACEOUTERBOUND(#7957,.T.);
#7959=IFCFACE((#7958));
#7960=IFCPOLYLOOP((#7834,#7937,#7773));
#7961=IFCFACEOUTERBOUND(#7960,.T.);
#7962=IFCFACE((#7961));
#7963=IFCPOLYLOOP((#7788,#7822,#7921));
#7964=IFCFACEOUTERBOUND(#7963,.T.);
#7965=IFCFACE((#7964));
#7966=IFCPOLYLOOP((#7921,#7822,#7821));
#7967=IFCFACEOUTERBOUND(#7966,.T.);
#7968=IFCFACE((#7967));
#7969=IFCPOLYLOOP((#7854,#7190,#7855));
#7970=IFCFACEOUTERBOUND(#7969,.T.);
#7971=IFCFACE((#7970));
#7972=IFCCARTESIANPOINT((70.180936074256905,-6.3500001892447475,189.4864354133606));
#7973=IFCPOLYLOOP((#7867,#7972,#7866));
#7974=IFCFACEOUTERBOUND(#7973,.T.);
#7975=IFCFACE((#7974));
#7976=IFCPOLYLOOP((#7805,#7871,#7806));
#7977=IFCFACEOUTERBOUND(#7976,.T.);
#7978=IFCFACE((#7977));
#7979=IFCPOLYLOOP((#7866,#7972,#7780));
#7980=IFCFACEOUTERBOUND(#7979,.T.);
#7981=IFCFACE((#7980));
#7982=IFCCARTESIANPOINT((79.532354736328131,-0.49866887424141171,92.063857269287112));
#7983=IFCPOLYLOOP((#7982,#7792,#7793));
#7984=IFCFACEOUTERBOUND(#7983,.T.);
#7985=IFCFACE((#7984));
#7986=IFCPOLYLOOP((#5869,#7757,#5731));
#7987=IFCFACEOUTERBOUND(#7986,.T.);
#7988=IFCFACE((#7987));
#7989=IFCPOLYLOOP((#7862,#7784,#7161));
#7990=IFCFACEOUTERBOUND(#7989,.T.);
#7991=IFCFACE((#7990));
#7992=IFCPOLYLOOP((#7757,#7784,#7862));
#7993=IFCFACEOUTERBOUND(#7992,.T.);
#7994=IFCFACE((#7993));
#7995=IFCPOLYLOOP((#7161,#7784,#7772));
#7996=IFCFACEOUTERBOUND(#7995,.T.);
#7997=IFCFACE((#7996));
#7998=IFCPOLYLOOP((#7784,#7797,#7773));
#7999=IFCFACEOUTERBOUND(#7998,.T.);
#8000=IFCFACE((#7999));
#8001=IFCPOLYLOOP((#7772,#7169,#7161));
#8002=IFCFACEOUTERBOUND(#8001,.T.);
#8003=IFCFACE((#8002));
#8004=IFCPOLYLOOP((#7772,#7982,#7169));
#8005=IFCFACEOUTERBOUND(#8004,.T.);
#8006=IFCFACE((#8005));
#8007=IFCPOLYLOOP((#7982,#7774,#7792));
#8008=IFCFACEOUTERBOUND(#8007,.T.);
#8009=IFCFACE((#8008));
#8010=IFCPOLYLOOP((#7249,#7792,#7806));
#8011=IFCFACEOUTERBOUND(#8010,.T.);
#8012=IFCFACE((#8011));
#8013=IFCPOLYLOOP((#7792,#7774,#7805));
#8014=IFCFACEOUTERBOUND(#8013,.T.);
#8015=IFCFACE((#8014));
#8016=IFCPOLYLOOP((#7806,#7243,#7249));
#8017=IFCFACEOUTERBOUND(#8016,.T.);
#8018=IFCFACE((#8017));
#8019=IFCPOLYLOOP((#7806,#7883,#7243));
#8020=IFCFACEOUTERBOUND(#8019,.T.);
#8021=IFCFACE((#8020));
#8022=IFCPOLYLOOP((#7774,#7982,#7772));
#8023=IFCFACEOUTERBOUND(#8022,.T.);
#8024=IFCFACE((#8023));
#8025=IFCPOLYLOOP((#7169,#7982,#7793));
#8026=IFCFACEOUTERBOUND(#8025,.T.);
#8027=IFCFACE((#8026));
#8028=IFCPOLYLOOP((#7883,#7871,#7850));
#8029=IFCFACEOUTERBOUND(#8028,.T.);
#8030=IFCFACE((#8029));
#8031=IFCPOLYLOOP((#7850,#7878,#7390));
#8032=IFCFACEOUTERBOUND(#8031,.T.);
#8033=IFCFACE((#8032));
#8034=IFCPOLYLOOP((#7878,#7850,#7779));
#8035=IFCFACEOUTERBOUND(#8034,.T.);
#8036=IFCFACE((#8035));
#8037=IFCPOLYLOOP((#7878,#7779,#7780));
#8038=IFCFACEOUTERBOUND(#8037,.T.);
#8039=IFCFACE((#8038));
#8040=IFCPOLYLOOP((#7779,#7871,#7778));
#8041=IFCFACEOUTERBOUND(#8040,.T.);
#8042=IFCFACE((#8041));
#8043=IFCPOLYLOOP((#7879,#7878,#7780));
#8044=IFCFACEOUTERBOUND(#8043,.T.);
#8045=IFCFACE((#8044));
#8046=IFCPOLYLOOP((#7778,#7780,#7972));
#8047=IFCFACEOUTERBOUND(#8046,.T.);
#8048=IFCFACE((#8047));
#8049=IFCPOLYLOOP((#7871,#7883,#7806));
#8050=IFCFACEOUTERBOUND(#8049,.T.);
#8051=IFCFACE((#8050));
#8052=IFCPOLYLOOP((#7243,#7883,#7242));
#8053=IFCFACEOUTERBOUND(#8052,.T.);
#8054=IFCFACE((#8053));
#8055=IFCCARTESIANPOINT((-25.610832273960114,-25.330317056179048,218.36337919235231));
#8056=IFCCARTESIANPOINT((-33.749039196968077,-6.3500001892447475,214.44888339042663));
#8057=IFCPOLYLOOP((#8055,#8056,#7534));
#8058=IFCFACEOUTERBOUND(#8057,.T.);
#8059=IFCFACE((#8058));
#8060=IFCCARTESIANPOINT((-31.465852797031403,-63.300001609325413,216.45172262191772));
#8061=IFCCARTESIANPOINT((-23.641448485851289,-30.623003625869753,218.9105296611786));
#8062=IFCPOLYLOOP((#8060,#8061,#8055));
#8063=IFCFACEOUTERBOUND(#8062,.T.);
#8064=IFCFACE((#8063));
#8065=IFCCARTESIANPOINT((-24.728550553321838,-10.601831755042076,218.61432681083679));
#8066=IFCCARTESIANPOINT((-25.648064285516739,-6.3500001892447475,217.93130164146424));
#8067=IFCCARTESIANPOINT((-28.348390012979507,-6.3500001892447475,216.77048950195314));
#8068=IFCPOLYLOOP((#8065,#8066,#8067));
#8069=IFCFACEOUTERBOUND(#8068,.T.);
#8070=IFCFACE((#8069));
#8071=IFCPOLYLOOP((#8055,#7534,#8060));
#8072=IFCFACEOUTERBOUND(#8071,.T.);
#8073=IFCFACE((#8072));
#8074=IFCCARTESIANPOINT((-16.121616563200952,-38.841033983230595,220.57645268440248));
#8075=IFCCARTESIANPOINT((-15.732926398515701,-63.300001609325413,219.22586288452149));
#8076=IFCCARTESIANPOINT((-11.117663732171058,-41.414091861248018,221.32577104568483));
#8077=IFCPOLYLOOP((#8074,#8075,#8076));
#8078=IFCFACEOUTERBOUND(#8077,.T.);
#8079=IFCFACE((#8078));
#8080=IFCCARTESIANPOINT((-25.855105608701706,-15.083391872048379,218.29219894409181));
#8081=IFCCARTESIANPOINT((-26.250001108646394,-19.695759093761446,218.17559995651246));
#8082=IFCPOLYLOOP((#8080,#8056,#8081));
#8083=IFCFACEOUTERBOUND(#8082,.T.);
#8084=IFCFACE((#8083));
#8085=IFCPOLYLOOP((#8081,#8056,#8055));
#8086=IFCFACEOUTERBOUND(#8085,.T.);
#8087=IFCFACE((#8086));
#8088=IFCPOLYLOOP((#8065,#8067,#8080));
#8089=IFCFACEOUTERBOUND(#8088,.T.);
#8090=IFCFACE((#8089));
#8091=IFCCARTESIANPOINT((-59.136461234092714,-63.300001609325413,200.47608075141906));
#8092=IFCPOLYLOOP((#8091,#7534,#7556));
#8093=IFCFACEOUTERBOUND(#8092,.T.);
#8094=IFCFACE((#8093));
#8095=IFCCARTESIANPOINT((-5.6641380518674849,-42.939371216297154,221.82546801567079));
#8096=IFCPOLYLOOP((#8076,#8075,#8095));
#8097=IFCFACEOUTERBOUND(#8096,.T.);
#8098=IFCFACE((#8097));
#8099=IFCCARTESIANPOINT((0.,-63.300001609325413,222.00000314712526));
#8100=IFCCARTESIANPOINT((0.,-43.443564641475682,222.00000314712526));
#8101=IFCPOLYLOOP((#8099,#8100,#8095));
#8102=IFCFACEOUTERBOUND(#8101,.T.);
#8103=IFCFACE((#8102));
#8104=IFCPOLYLOOP((#8075,#8099,#8095));
#8105=IFCFACEOUTERBOUND(#8104,.T.);
#8106=IFCFACE((#8105));
#8107=IFCCARTESIANPOINT((-20.399156838655472,-35.21268305182457,219.70995397567751));
#8108=IFCPOLYLOOP((#8107,#8060,#8075));
#8109=IFCFACEOUTERBOUND(#8108,.T.);
#8110=IFCFACE((#8109));
#8111=IFCPOLYLOOP((#8060,#8107,#8061));
#8112=IFCFACEOUTERBOUND(#8111,.T.);
#8113=IFCFACE((#8112));
#8114=IFCPOLYLOOP((#7534,#8091,#8060));
#8115=IFCFACEOUTERBOUND(#8114,.T.);
#8116=IFCFACE((#8115));
#8117=IFCPOLYLOOP((#8075,#8074,#8107));
#8118=IFCFACEOUTERBOUND(#8117,.T.);
#8119=IFCFACE((#8118));
#8120=IFCCARTESIANPOINT((-79.674333715438848,-63.300001609325413,175.99999480247499));
#8121=IFCPOLYLOOP((#7556,#8120,#8091));
#8122=IFCFACEOUTERBOUND(#8121,.T.);
#8123=IFCFACE((#8122));
#8124=IFCCARTESIANPOINT((-90.602309489250189,-63.300001609325413,145.97562832832338));
#8125=IFCPOLYLOOP((#8124,#7555,#7608));
#8126=IFCFACEOUTERBOUND(#8125,.T.);
#8127=IFCFACE((#8126));
#8128=IFCCARTESIANPOINT((-79.674333715438848,-63.300001609325413,83.999996280670175));
#8129=IFCPOLYLOOP((#7616,#8128,#7615));
#8130=IFCFACEOUTERBOUND(#8129,.T.);
#8131=IFCFACE((#8130));
#8132=IFCCARTESIANPOINT((-90.602309489250189,-63.300001609325413,114.02437183856965));
#8133=IFCPOLYLOOP((#8132,#7608,#7615));
#8134=IFCFACEOUTERBOUND(#8133,.T.);
#8135=IFCFACE((#8134));
#8136=IFCCARTESIANPOINT((-59.136461234092714,-63.300001609325413,59.523910331726078));
#8137=IFCPOLYLOOP((#8136,#7495,#7508));
#8138=IFCFACEOUTERBOUND(#8137,.T.);
#8139=IFCFACE((#8138));
#8140=IFCCARTESIANPOINT((-31.465852797031403,-63.300001609325413,43.548277544975285));
#8141=IFCPOLYLOOP((#7508,#6014,#8140));
#8142=IFCFACEOUTERBOUND(#8141,.T.);
#8143=IFCFACE((#8142));
#8144=IFCPOLYLOOP((#7616,#7495,#8128));
#8145=IFCFACEOUTERBOUND(#8144,.T.);
#8146=IFCFACE((#8145));
#8147=IFCCARTESIANPOINT((0.,-63.300001609325413,37.999999290704729));
#8148=IFCPOLYLOOP((#6014,#6019,#8147));
#8149=IFCFACEOUTERBOUND(#8148,.T.);
#8150=IFCFACE((#8149));
#8151=IFCPOLYLOOP((#8067,#8056,#8080));
#8152=IFCFACEOUTERBOUND(#8151,.T.);
#8153=IFCFACE((#8152));
#8154=IFCPOLYLOOP((#8124,#7608,#8132));
#8155=IFCFACEOUTERBOUND(#8154,.T.);
#8156=IFCFACE((#8155));
#8157=IFCPOLYLOOP((#8065,#7538,#8066));
#8158=IFCFACEOUTERBOUND(#8157,.T.);
#8159=IFCFACE((#8158));
#8160=IFCPOLYLOOP((#7615,#8128,#8132));
#8161=IFCFACEOUTERBOUND(#8160,.T.);
#8162=IFCFACE((#8161));
#8163=IFCPOLYLOOP((#8120,#7555,#8124));
#8164=IFCFACEOUTERBOUND(#8163,.T.);
#8165=IFCFACE((#8164));
#8166=IFCPOLYLOOP((#7508,#8140,#8136));
#8167=IFCFACEOUTERBOUND(#8166,.T.);
#8168=IFCFACE((#8167));
#8169=IFCPOLYLOOP((#8136,#8128,#7495));
#8170=IFCFACEOUTERBOUND(#8169,.T.);
#8171=IFCFACE((#8170));
#8172=IFCPOLYLOOP((#8140,#6014,#8147));
#8173=IFCFACEOUTERBOUND(#8172,.T.);
#8174=IFCFACE((#8173));
#8175=IFCPOLYLOOP((#8147,#6019,#5952));
#8176=IFCFACEOUTERBOUND(#8175,.T.);
#8177=IFCFACE((#8176));
#8178=IFCPOLYLOOP((#7555,#8120,#7556));
#8179=IFCFACEOUTERBOUND(#8178,.T.);
#8180=IFCFACE((#8179));
#8181=IFCCARTESIANPOINT((31.465852797031403,-63.300001609325413,43.548277544975285));
#8182=IFCPOLYLOOP((#8181,#5933,#7830));
#8183=IFCFACEOUTERBOUND(#8182,.T.);
#8184=IFCFACE((#8183));
#8185=IFCPOLYLOOP((#8147,#5948,#5933));
#8186=IFCFACEOUTERBOUND(#8185,.T.);
#8187=IFCFACE((#8186));
#8188=IFCCARTESIANPOINT((59.136461234092714,-63.300001609325413,59.523910331726078));
#8189=IFCPOLYLOOP((#8188,#7830,#7937));
#8190=IFCFACEOUTERBOUND(#8189,.T.);
#8191=IFCFACE((#8190));
#8192=IFCCARTESIANPOINT((90.602309489250189,-63.300001609325413,114.02437183856965));
#8193=IFCPOLYLOOP((#7813,#7814,#8192));
#8194=IFCFACEOUTERBOUND(#8193,.T.);
#8195=IFCFACE((#8194));
#8196=IFCCARTESIANPOINT((79.674333715438848,-63.300001609325413,83.999996280670175));
#8197=IFCPOLYLOOP((#7834,#7813,#8196));
#8198=IFCFACEOUTERBOUND(#8197,.T.);
#8199=IFCFACE((#8198));
#8200=IFCPOLYLOOP((#7834,#8196,#7937));
#8201=IFCFACEOUTERBOUND(#8200,.T.);
#8202=IFCFACE((#8201));
#8203=IFCCARTESIANPOINT((90.602309489250189,-63.300001609325413,145.97562832832338));
#8204=IFCPOLYLOOP((#8203,#7814,#7778));
#8205=IFCFACEOUTERBOUND(#8204,.T.);
#8206=IFCFACE((#8205));
#8207=IFCPOLYLOOP((#8181,#8147,#5933));
#8208=IFCFACEOUTERBOUND(#8207,.T.);
#8209=IFCFACE((#8208));
#8210=IFCPOLYLOOP((#7830,#8188,#8181));
#8211=IFCFACEOUTERBOUND(#8210,.T.);
#8212=IFCFACE((#8211));
#8213=IFCPOLYLOOP((#8147,#5952,#5948));
#8214=IFCFACEOUTERBOUND(#8213,.T.);
#8215=IFCFACE((#8214));
#8216=IFCCARTESIANPOINT((33.749039196968077,-6.3500001892447475,214.44888339042663));
#8217=IFCCARTESIANPOINT((28.348390012979507,-6.3500001892447475,216.77048950195314));
#8218=IFCCARTESIANPOINT((25.855105608701706,-15.083391872048379,218.29219894409181));
#8219=IFCPOLYLOOP((#8216,#8217,#8218));
#8220=IFCFACEOUTERBOUND(#8219,.T.);
#8221=IFCFACE((#8220));
#8222=IFCPOLYLOOP((#8196,#7813,#8192));
#8223=IFCFACEOUTERBOUND(#8222,.T.);
#8224=IFCFACE((#8223));
#8225=IFCCARTESIANPOINT((24.728550553321838,-10.601831755042076,218.61432681083679));
#8226=IFCCARTESIANPOINT((25.648064285516739,-6.3500001892447475,217.93130164146424));
#8227=IFCPOLYLOOP((#8225,#8217,#8226));
#8228=IFCFACEOUTERBOUND(#8227,.T.);
#8229=IFCFACE((#8228));
#8230=IFCPOLYLOOP((#7814,#8203,#8192));
#8231=IFCFACEOUTERBOUND(#8230,.T.);
#8232=IFCFACE((#8231));
#8233=IFCPOLYLOOP((#8188,#7937,#8196));
#8234=IFCFACEOUTERBOUND(#8233,.T.);
#8235=IFCFACE((#8234));
#8236=IFCCARTESIANPOINT((79.674333715438848,-63.300001609325413,175.99999480247499));
#8237=IFCPOLYLOOP((#7778,#8236,#8203));
#8238=IFCFACEOUTERBOUND(#8237,.T.);
#8239=IFCFACE((#8238));
#8240=IFCPOLYLOOP((#7778,#7972,#8236));
#8241=IFCFACEOUTERBOUND(#8240,.T.);
#8242=IFCFACE((#8241));
#8243=IFCCARTESIANPOINT((59.136461234092714,-63.300001609325413,200.47608075141906));
#8244=IFCPOLYLOOP((#7867,#8243,#7972));
#8245=IFCFACEOUTERBOUND(#8244,.T.);
#8246=IFCFACE((#8245));
#8247=IFCCARTESIANPOINT((5.6641380518674849,-42.939371216297154,221.82546801567079));
#8248=IFCCARTESIANPOINT((15.732926398515701,-63.300001609325413,219.22586288452149));
#8249=IFCCARTESIANPOINT((11.117663732171058,-41.414091861248018,221.32577104568483));
#8250=IFCPOLYLOOP((#8247,#8248,#8249));
#8251=IFCFACEOUTERBOUND(#8250,.T.);
#8252=IFCFACE((#8251));
#8253=IFCCARTESIANPOINT((25.610832273960114,-25.330317056179048,218.36337919235231));
#8254=IFCCARTESIANPOINT((26.250001108646394,-19.695759093761446,218.17559995651246));
#8255=IFCPOLYLOOP((#8253,#8216,#8254));
#8256=IFCFACEOUTERBOUND(#8255,.T.);
#8257=IFCFACE((#8256));
#8258=IFCPOLYLOOP((#8218,#8254,#8216));
#8259=IFCFACEOUTERBOUND(#8258,.T.);
#8260=IFCFACE((#8259));
#8261=IFCPOLYLOOP((#7867,#8216,#8253));
#8262=IFCFACEOUTERBOUND(#8261,.T.);
#8263=IFCFACE((#8262));
#8264=IFCPOLYLOOP((#7947,#8225,#8226));
#8265=IFCFACEOUTERBOUND(#8264,.T.);
#8266=IFCFACE((#8265));
#8267=IFCCARTESIANPOINT((31.465852797031403,-63.300001609325413,216.45172262191772));
#8268=IFCPOLYLOOP((#7867,#8253,#8267));
#8269=IFCFACEOUTERBOUND(#8268,.T.);
#8270=IFCFACE((#8269));
#8271=IFCPOLYLOOP((#8218,#8217,#8225));
#8272=IFCFACEOUTERBOUND(#8271,.T.);
#8273=IFCFACE((#8272));
#8274=IFCCARTESIANPOINT((23.641448485851289,-30.623003625869753,218.9105296611786));
#8275=IFCPOLYLOOP((#8274,#8267,#8253));
#8276=IFCFACEOUTERBOUND(#8275,.T.);
#8277=IFCFACE((#8276));
#8278=IFCCARTESIANPOINT((16.121616563200952,-38.841033983230595,220.57645268440248));
#8279=IFCCARTESIANPOINT((20.399156838655472,-35.21268305182457,219.70995397567751));
#8280=IFCPOLYLOOP((#8278,#8248,#8279));
#8281=IFCFACEOUTERBOUND(#8280,.T.);
#8282=IFCFACE((#8281));
#8283=IFCPOLYLOOP((#8243,#7867,#8267));
#8284=IFCFACEOUTERBOUND(#8283,.T.);
#8285=IFCFACE((#8284));
#8286=IFCPOLYLOOP((#8249,#8248,#8278));
#8287=IFCFACEOUTERBOUND(#8286,.T.);
#8288=IFCFACE((#8287));
#8289=IFCPOLYLOOP((#8267,#8274,#8279));
#8290=IFCFACEOUTERBOUND(#8289,.T.);
#8291=IFCFACE((#8290));
#8292=IFCPOLYLOOP((#8247,#8099,#8248));
#8293=IFCFACEOUTERBOUND(#8292,.T.);
#8294=IFCFACE((#8293));
#8295=IFCPOLYLOOP((#8100,#8099,#8247));
#8296=IFCFACEOUTERBOUND(#8295,.T.);
#8297=IFCFACE((#8296));
#8298=IFCPOLYLOOP((#8267,#8279,#8248));
#8299=IFCFACEOUTERBOUND(#8298,.T.);
#8300=IFCFACE((#8299));
#8301=IFCPOLYLOOP((#7972,#8243,#8236));
#8302=IFCFACEOUTERBOUND(#8301,.T.);
#8303=IFCFACE((#8302));
#8304=IFCCARTESIANPOINT((-21.109564965963365,-66.417598378658298,218.70481910705567));
#8305=IFCPOLYLOOP((#8304,#8099,#8075,#8060));
#8306=IFCFACEOUTERBOUND(#8305,.T.);
#8307=IFCFACE((#8306));
#8308=IFCCARTESIANPOINT((-80.925002288818362,-66.156095445156097,87.682756590843198));
#8309=IFCCARTESIANPOINT((-85.197524929046637,-67.818453097343451,100.6489073753357));
#8310=IFCCARTESIANPOINT((-88.120647740364078,-65.608368158340454,105.12020058631897));
#8311=IFCPOLYLOOP((#8308,#8309,#8310));
#8312=IFCFACEOUTERBOUND(#8311,.T.);
#8313=IFCFACE((#8312));
#8314=IFCCARTESIANPOINT((-39.893526971340179,-65.926104032993322,47.730739367008212));
#8315=IFCCARTESIANPOINT((-45.301154744625094,-63.300001609325413,51.536093938350682));
#8316=IFCPOLYLOOP((#8314,#8136,#8315));
#8317=IFCFACEOUTERBOUND(#8316,.T.);
#8318=IFCFACE((#8317));
#8319=IFCCARTESIANPOINT((-48.921087312698369,-67.908695590496066,205.56474180221559));
#8320=IFCCARTESIANPOINT((-54.438246917724612,-65.795402526855469,203.53052730560304));
#8321=IFCCARTESIANPOINT((-70.301195812225345,-68.33735765218735,185.41562647819521));
#8322=IFCPOLYLOOP((#8319,#8320,#8321));
#8323=IFCFACEOUTERBOUND(#8322,.T.);
#8324=IFCFACE((#8323));
#8325=IFCCARTESIANPOINT((-85.197524929046637,-67.818453097343451,159.35110187530518));
#8326=IFCCARTESIANPOINT((-74.612033700943002,-66.007994019985205,182.78104891777039));
#8327=IFCCARTESIANPOINT((-83.744461369514468,-65.662352871894839,166.9757818222046));
#8328=IFCPOLYLOOP((#8325,#8326,#8327));
#8329=IFCFACEOUTERBOUND(#8328,.T.);
#8330=IFCFACE((#8329));
#8331=IFCPOLYLOOP((#8326,#8120,#8327));
#8332=IFCFACEOUTERBOUND(#8331,.T.);
#8333=IFCFACE((#8332));
#8334=IFCCARTESIANPOINT((-69.405397474765778,-63.300001609325413,188.23803777694704));
#8335=IFCPOLYLOOP((#8320,#8091,#8334));
#8336=IFCFACEOUTERBOUND(#8335,.T.);
#8337=IFCFACE((#8336));
#8338=IFCCARTESIANPOINT((-39.893526971340179,-65.926104032993322,212.26925625801087));
#8339=IFCPOLYLOOP((#8319,#8338,#8320));
#8340=IFCFACEOUTERBOUND(#8339,.T.);
#8341=IFCFACE((#8340));
#8342=IFCCARTESIANPOINT((-19.691918939352036,-68.884562623500827,216.45826292037964));
#8343=IFCCARTESIANPOINT((0.,-69.650000095367432,215.64999103546143));
#8344=IFCCARTESIANPOINT((0.,-67.790129971504214,220.14012393951415));
#8345=IFCPOLYLOOP((#8342,#8343,#8344));
#8346=IFCFACEOUTERBOUND(#8345,.T.);
#8347=IFCFACE((#8346));
#8348=IFCPOLYLOOP((#8304,#8338,#8342));
#8349=IFCFACEOUTERBOUND(#8348,.T.);
#8350=IFCFACE((#8349));
#8351=IFCCARTESIANPOINT((-74.175073635578158,-69.650000095367432,172.82500691413881));
#8352=IFCPOLYLOOP((#8325,#8351,#8321));
#8353=IFCFACEOUTERBOUND(#8352,.T.);
#8354=IFCFACE((#8353));
#8355=IFCCARTESIANPOINT((-29.294026333093644,-69.650000095367432,210.48468132019045));
#8356=IFCPOLYLOOP((#8319,#8355,#8342));
#8357=IFCFACEOUTERBOUND(#8356,.T.);
#8358=IFCFACE((#8357));
#8359=IFCCARTESIANPOINT((-90.996071791648873,-66.099676287174233,121.97211527824402));
#8360=IFCPOLYLOOP((#8309,#8359,#8310));
#8361=IFCFACEOUTERBOUND(#8360,.T.);
#8362=IFCFACE((#8361));
#8363=IFCCARTESIANPOINT((-55.05476088523865,-69.650000095367432,195.61171560287477));
#8364=IFCPOLYLOOP((#8355,#8319,#8363));
#8365=IFCFACEOUTERBOUND(#8364,.T.);
#8366=IFCFACE((#8365));
#8367=IFCPOLYLOOP((#8363,#8321,#8351));
#8368=IFCFACEOUTERBOUND(#8367,.T.);
#8369=IFCFACE((#8368));
#8370=IFCPOLYLOOP((#8326,#8334,#8120));
#8371=IFCFACEOUTERBOUND(#8370,.T.);
#8372=IFCFACE((#8371));
#8373=IFCCARTESIANPOINT((-84.34878494739533,-69.650000095367432,144.87297034263611));
#8374=IFCPOLYLOOP((#8325,#8373,#8351));
#8375=IFCFACEOUTERBOUND(#8374,.T.);
#8376=IFCFACE((#8375));
#8377=IFCPOLYLOOP((#8310,#8359,#8132));
#8378=IFCFACEOUTERBOUND(#8377,.T.);
#8379=IFCFACE((#8378));
#8380=IFCCARTESIANPOINT((-89.531281113624573,-68.32574862241745,129.99999554157259));
#8381=IFCCARTESIANPOINT((-84.34878494739533,-69.650000095367432,115.12702982425691));
#8382=IFCPOLYLOOP((#8380,#8309,#8381));
#8383=IFCFACEOUTERBOUND(#8382,.T.);
#8384=IFCFACE((#8383));
#8385=IFCPOLYLOOP((#8304,#8342,#8344));
#8386=IFCFACEOUTERBOUND(#8385,.T.);
#8387=IFCFACE((#8386));
#8388=IFCCARTESIANPOINT((-64.053920888900763,-66.282754683494574,65.002096116542816));
#8389=IFCCARTESIANPOINT((-69.405397474765778,-63.300001609325413,71.761957848072058));
#8390=IFCPOLYLOOP((#8136,#8388,#8389));
#8391=IFCFACEOUTERBOUND(#8390,.T.);
#8392=IFCFACE((#8391));
#8393=IFCCARTESIANPOINT((-74.175073635578158,-69.650000095367432,87.175002336502075));
#8394=IFCCARTESIANPOINT((-70.301195812225345,-68.33735765218735,74.584373688697823));
#8395=IFCPOLYLOOP((#8393,#8309,#8394));
#8396=IFCFACEOUTERBOUND(#8395,.T.);
#8397=IFCFACE((#8396));
#8398=IFCCARTESIANPOINT((-55.05476088523865,-69.650000095367432,64.388293647766119));
#8399=IFCPOLYLOOP((#8393,#8394,#8398));
#8400=IFCFACEOUTERBOUND(#8399,.T.);
#8401=IFCFACE((#8400));
#8402=IFCCARTESIANPOINT((-89.128780245780945,-65.899965548515326,150.44366955757141));
#8403=IFCPOLYLOOP((#8402,#8325,#8327));
#8404=IFCFACEOUTERBOUND(#8403,.T.);
#8405=IFCFACE((#8404));
#8406=IFCCARTESIANPOINT((0.,-67.790129971504214,39.859871685504913));
#8407=IFCCARTESIANPOINT((-21.109564965963365,-66.417598378658298,41.295185601711275));
#8408=IFCPOLYLOOP((#8406,#8407,#8147));
#8409=IFCFACEOUTERBOUND(#8408,.T.);
#8410=IFCFACE((#8409));
#8411=IFCCARTESIANPOINT((-19.691918939352036,-68.884562623500827,43.541741788387299));
#8412=IFCPOLYLOOP((#8411,#8407,#8406));
#8413=IFCFACEOUTERBOUND(#8412,.T.);
#8414=IFCFACE((#8413));
#8415=IFCPOLYLOOP((#8342,#8338,#8319));
#8416=IFCFACEOUTERBOUND(#8415,.T.);
#8417=IFCFACE((#8416));
#8418=IFCPOLYLOOP((#8099,#8304,#8344));
#8419=IFCFACEOUTERBOUND(#8418,.T.);
#8420=IFCFACE((#8419));
#8421=IFCPOLYLOOP((#8381,#8373,#8380));
#8422=IFCFACEOUTERBOUND(#8421,.T.);
#8423=IFCFACE((#8422));
#8424=IFCPOLYLOOP((#8381,#8309,#8393));
#8425=IFCFACEOUTERBOUND(#8424,.T.);
#8426=IFCFACE((#8425));
#8427=IFCCARTESIANPOINT((-48.921087312698369,-67.908695590496066,54.435262906551365));
#8428=IFCPOLYLOOP((#8398,#8394,#8427));
#8429=IFCFACEOUTERBOUND(#8428,.T.);
#8430=IFCFACE((#8429));
#8431=IFCPOLYLOOP((#8355,#8343,#8342));
#8432=IFCFACEOUTERBOUND(#8431,.T.);
#8433=IFCFACE((#8432));
#8434=IFCCARTESIANPOINT((0.,-69.650000095367432,44.350000047683714));
#8435=IFCCARTESIANPOINT((-29.294026333093644,-69.650000095367432,49.515327930450439));
#8436=IFCPOLYLOOP((#8411,#8434,#8435));
#8437=IFCFACEOUTERBOUND(#8436,.T.);
#8438=IFCFACE((#8437));
#8439=IFCPOLYLOOP((#8435,#8398,#8427));
#8440=IFCFACEOUTERBOUND(#8439,.T.);
#8441=IFCFACE((#8440));
#8442=IFCPOLYLOOP((#8338,#8304,#8060));
#8443=IFCFACEOUTERBOUND(#8442,.T.);
#8444=IFCFACE((#8443));
#8445=IFCPOLYLOOP((#8373,#8325,#8380));
#8446=IFCFACEOUTERBOUND(#8445,.T.);
#8447=IFCFACE((#8446));
#8448=IFCPOLYLOOP((#8406,#8434,#8411));
#8449=IFCFACEOUTERBOUND(#8448,.T.);
#8450=IFCFACE((#8449));
#8451=IFCPOLYLOOP((#8363,#8319,#8321));
#8452=IFCFACEOUTERBOUND(#8451,.T.);
#8453=IFCFACE((#8452));
#8454=IFCCARTESIANPOINT((-45.301154744625094,-63.300001609325413,208.46391077041628));
#8455=IFCPOLYLOOP((#8454,#8091,#8320));
#8456=IFCFACEOUTERBOUND(#8455,.T.);
#8457=IFCFACE((#8456));
#8458=IFCCARTESIANPOINT((-90.602309489250189,-63.300001609325413,129.99999554157259));
#8459=IFCPOLYLOOP((#8458,#8132,#8359));
#8460=IFCFACEOUTERBOUND(#8459,.T.);
#8461=IFCFACE((#8460));
#8462=IFCPOLYLOOP((#8320,#8338,#8454));
#8463=IFCFACEOUTERBOUND(#8462,.T.);
#8464=IFCFACE((#8463));
#8465=IFCCARTESIANPOINT((-15.732926398515701,-63.300001609325413,40.77413728237152));
#8466=IFCPOLYLOOP((#8407,#8140,#8465));
#8467=IFCFACEOUTERBOUND(#8466,.T.);
#8468=IFCFACE((#8467));
#8469=IFCPOLYLOOP((#8326,#8325,#8321));
#8470=IFCFACEOUTERBOUND(#8469,.T.);
#8471=IFCFACE((#8470));
#8472=IFCPOLYLOOP((#8334,#8326,#8320));
#8473=IFCFACEOUTERBOUND(#8472,.T.);
#8474=IFCFACE((#8473));
#8475=IFCPOLYLOOP((#8320,#8326,#8321));
#8476=IFCFACEOUTERBOUND(#8475,.T.);
#8477=IFCFACE((#8476));
#8478=IFCCARTESIANPOINT((-85.138326144218453,-63.300001609325413,160.98781156539917));
#8479=IFCPOLYLOOP((#8402,#8478,#8124));
#8480=IFCFACEOUTERBOUND(#8479,.T.);
#8481=IFCFACE((#8480));
#8482=IFCPOLYLOOP((#8478,#8402,#8327));
#8483=IFCFACEOUTERBOUND(#8482,.T.);
#8484=IFCFACE((#8483));
#8485=IFCPOLYLOOP((#8402,#8124,#8458));
#8486=IFCFACEOUTERBOUND(#8485,.T.);
#8487=IFCFACE((#8486));
#8488=IFCPOLYLOOP((#8380,#8325,#8402));
#8489=IFCFACEOUTERBOUND(#8488,.T.);
#8490=IFCFACE((#8489));
#8491=IFCPOLYLOOP((#8359,#8380,#8402));
#8492=IFCFACEOUTERBOUND(#8491,.T.);
#8493=IFCFACE((#8492));
#8494=IFCPOLYLOOP((#8458,#8359,#8402));
#8495=IFCFACEOUTERBOUND(#8494,.T.);
#8496=IFCFACE((#8495));
#8497=IFCPOLYLOOP((#8309,#8380,#8359));
#8498=IFCFACEOUTERBOUND(#8497,.T.);
#8499=IFCFACE((#8498));
#8500=IFCPOLYLOOP((#8327,#8120,#8478));
#8501=IFCFACEOUTERBOUND(#8500,.T.);
#8502=IFCFACE((#8501));
#8503=IFCCARTESIANPOINT((-85.138326144218453,-63.300001609325413,99.012179517745977));
#8504=IFCPOLYLOOP((#8308,#8503,#8128));
#8505=IFCFACEOUTERBOUND(#8504,.T.);
#8506=IFCFACE((#8505));
#8507=IFCPOLYLOOP((#8503,#8308,#8310));
#8508=IFCFACEOUTERBOUND(#8507,.T.);
#8509=IFCFACE((#8508));
#8510=IFCPOLYLOOP((#8308,#8128,#8389));
#8511=IFCFACEOUTERBOUND(#8510,.T.);
#8512=IFCFACE((#8511));
#8513=IFCPOLYLOOP((#8394,#8309,#8308));
#8514=IFCFACEOUTERBOUND(#8513,.T.);
#8515=IFCFACE((#8514));
#8516=IFCPOLYLOOP((#8388,#8394,#8308));
#8517=IFCFACEOUTERBOUND(#8516,.T.);
#8518=IFCFACE((#8517));
#8519=IFCPOLYLOOP((#8389,#8388,#8308));
#8520=IFCFACEOUTERBOUND(#8519,.T.);
#8521=IFCFACE((#8520));
#8522=IFCPOLYLOOP((#8427,#8394,#8388));
#8523=IFCFACEOUTERBOUND(#8522,.T.);
#8524=IFCFACE((#8523));
#8525=IFCPOLYLOOP((#8310,#8132,#8503));
#8526=IFCFACEOUTERBOUND(#8525,.T.);
#8527=IFCFACE((#8526));
#8528=IFCPOLYLOOP((#8435,#8427,#8411));
#8529=IFCFACEOUTERBOUND(#8528,.T.);
#8530=IFCFACE((#8529));
#8531=IFCPOLYLOOP((#8407,#8314,#8140));
#8532=IFCFACEOUTERBOUND(#8531,.T.);
#8533=IFCFACE((#8532));
#8534=IFCPOLYLOOP((#8314,#8411,#8427));
#8535=IFCFACEOUTERBOUND(#8534,.T.);
#8536=IFCFACE((#8535));
#8537=IFCPOLYLOOP((#8407,#8465,#8147));
#8538=IFCFACEOUTERBOUND(#8537,.T.);
#8539=IFCFACE((#8538));
#8540=IFCPOLYLOOP((#8411,#8314,#8407));
#8541=IFCFACEOUTERBOUND(#8540,.T.);
#8542=IFCFACE((#8541));
#8543=IFCPOLYLOOP((#8314,#8427,#8388));
#8544=IFCFACEOUTERBOUND(#8543,.T.);
#8545=IFCFACE((#8544));
#8546=IFCPOLYLOOP((#8338,#8060,#8454));
#8547=IFCFACEOUTERBOUND(#8546,.T.);
#8548=IFCFACE((#8547));
#8549=IFCPOLYLOOP((#8136,#8314,#8388));
#8550=IFCFACEOUTERBOUND(#8549,.T.);
#8551=IFCFACE((#8550));
#8552=IFCPOLYLOOP((#8315,#8140,#8314));
#8553=IFCFACEOUTERBOUND(#8552,.T.);
#8554=IFCFACE((#8553));
#8555=IFCCARTESIANPOINT((21.109564965963365,-66.417598378658298,41.295185601711275));
#8556=IFCCARTESIANPOINT((15.732926398515701,-63.300001609325413,40.77413728237152));
#8557=IFCPOLYLOOP((#8555,#8147,#8556));
#8558=IFCFACEOUTERBOUND(#8557,.T.);
#8559=IFCFACE((#8558));
#8560=IFCCARTESIANPOINT((48.921087312698369,-67.908695590496066,54.435262906551365));
#8561=IFCCARTESIANPOINT((54.438246917724612,-65.795402526855469,56.469472861289979));
#8562=IFCCARTESIANPOINT((70.301195812225345,-68.33735765218735,74.584373688697823));
#8563=IFCPOLYLOOP((#8560,#8561,#8562));
#8564=IFCFACEOUTERBOUND(#8563,.T.);
#8565=IFCFACE((#8564));
#8566=IFCCARTESIANPOINT((74.612033700943002,-66.007994019985205,77.218951249122625));
#8567=IFCCARTESIANPOINT((69.405397474765778,-63.300001609325413,71.761957848072058));
#8568=IFCPOLYLOOP((#8566,#8567,#8196));
#8569=IFCFACEOUTERBOUND(#8568,.T.);
#8570=IFCFACE((#8569));
#8571=IFCCARTESIANPOINT((39.893526971340179,-65.926104032993322,212.26925625801087));
#8572=IFCCARTESIANPOINT((45.301154744625094,-63.300001609325413,208.46391077041628));
#8573=IFCPOLYLOOP((#8571,#8243,#8572));
#8574=IFCFACEOUTERBOUND(#8573,.T.);
#8575=IFCFACE((#8574));
#8576=IFCCARTESIANPOINT((85.197524929046637,-67.818453097343451,100.6489073753357));
#8577=IFCCARTESIANPOINT((83.744461369514468,-65.662352871894839,93.024218344688421));
#8578=IFCPOLYLOOP((#8576,#8566,#8577));
#8579=IFCFACEOUTERBOUND(#8578,.T.);
#8580=IFCFACE((#8579));
#8581=IFCPOLYLOOP((#8566,#8196,#8577));
#8582=IFCFACEOUTERBOUND(#8581,.T.);
#8583=IFCFACE((#8582));
#8584=IFCCARTESIANPOINT((80.925002288818362,-66.156095445156097,172.3172435760498));
#8585=IFCCARTESIANPOINT((85.197524929046637,-67.818453097343451,159.35110187530518));
#8586=IFCCARTESIANPOINT((88.120647740364078,-65.608368158340454,154.87979049682619));
#8587=IFCPOLYLOOP((#8584,#8585,#8586));
#8588=IFCFACEOUTERBOUND(#8587,.T.);
#8589=IFCFACE((#8588));
#8590=IFCCARTESIANPOINT((39.893526971340179,-65.926104032993322,47.730739367008212));
#8591=IFCPOLYLOOP((#8560,#8590,#8561));
#8592=IFCFACEOUTERBOUND(#8591,.T.);
#8593=IFCFACE((#8592));
#8594=IFCCARTESIANPOINT((19.691918939352036,-68.884562623500827,43.541741788387299));
#8595=IFCPOLYLOOP((#8594,#8434,#8406));
#8596=IFCFACEOUTERBOUND(#8595,.T.);
#8597=IFCFACE((#8596));
#8598=IFCPOLYLOOP((#8555,#8590,#8594));
#8599=IFCFACEOUTERBOUND(#8598,.T.);
#8600=IFCFACE((#8599));
#8601=IFCCARTESIANPOINT((74.175073635578158,-69.650000095367432,87.175002336502075));
#8602=IFCPOLYLOOP((#8576,#8601,#8562));
#8603=IFCFACEOUTERBOUND(#8602,.T.);
#8604=IFCFACE((#8603));
#8605=IFCCARTESIANPOINT((29.294026333093644,-69.650000095367432,49.515327930450439));
#8606=IFCPOLYLOOP((#8560,#8605,#8594));
#8607=IFCFACEOUTERBOUND(#8606,.T.);
#8608=IFCFACE((#8607));
#8609=IFCCARTESIANPOINT((74.175073635578158,-69.650000095367432,172.82500691413881));
#8610=IFCCARTESIANPOINT((70.301195812225345,-68.33735765218735,185.41562647819521));
#8611=IFCCARTESIANPOINT((55.05476088523865,-69.650000095367432,195.61171560287477));
#8612=IFCPOLYLOOP((#8609,#8610,#8611));
#8613=IFCFACEOUTERBOUND(#8612,.T.);
#8614=IFCFACE((#8613));
#8615=IFCCARTESIANPOINT((55.05476088523865,-69.650000095367432,64.388293647766119));
#8616=IFCPOLYLOOP((#8605,#8560,#8615));
#8617=IFCFACEOUTERBOUND(#8616,.T.);
#8618=IFCFACE((#8617));
#8619=IFCPOLYLOOP((#8615,#8562,#8601));
#8620=IFCFACEOUTERBOUND(#8619,.T.);
#8621=IFCFACE((#8620));
#8622=IFCCARTESIANPOINT((90.996071791648873,-66.099676287174233,138.027884888649));
#8623=IFCPOLYLOOP((#8585,#8622,#8586));
#8624=IFCFACEOUTERBOUND(#8623,.T.);
#8625=IFCFACE((#8624));
#8626=IFCCARTESIANPOINT((84.34878494739533,-69.650000095367432,115.12702982425691));
#8627=IFCPOLYLOOP((#8576,#8626,#8601));
#8628=IFCFACEOUTERBOUND(#8627,.T.);
#8629=IFCFACE((#8628));
#8630=IFCCARTESIANPOINT((89.531281113624573,-68.32574862241745,129.99999554157259));
#8631=IFCPOLYLOOP((#8626,#8576,#8630));
#8632=IFCFACEOUTERBOUND(#8631,.T.);
#8633=IFCFACE((#8632));
#8634=IFCCARTESIANPOINT((84.34878494739533,-69.650000095367432,144.87297034263611));
#8635=IFCPOLYLOOP((#8630,#8585,#8634));
#8636=IFCFACEOUTERBOUND(#8635,.T.);
#8637=IFCFACE((#8636));
#8638=IFCPOLYLOOP((#8555,#8594,#8406));
#8639=IFCFACEOUTERBOUND(#8638,.T.);
#8640=IFCFACE((#8639));
#8641=IFCCARTESIANPOINT((64.053920888900763,-66.282754683494574,194.99790859222412));
#8642=IFCCARTESIANPOINT((69.405397474765778,-63.300001609325413,188.23803777694704));
#8643=IFCPOLYLOOP((#8243,#8641,#8642));
#8644=IFCFACEOUTERBOUND(#8643,.T.);
#8645=IFCFACE((#8644));
#8646=IFCCARTESIANPOINT((45.301154744625094,-63.300001609325413,51.536093938350682));
#8647=IFCPOLYLOOP((#8561,#8590,#8646));
#8648=IFCFACEOUTERBOUND(#8647,.T.);
#8649=IFCFACE((#8648));
#8650=IFCCARTESIANPOINT((89.128780245780945,-65.899965548515326,109.55633060932159));
#8651=IFCPOLYLOOP((#8650,#8576,#8577));
#8652=IFCFACEOUTERBOUND(#8651,.T.);
#8653=IFCFACE((#8652));
#8654=IFCPOLYLOOP((#8609,#8585,#8610));
#8655=IFCFACEOUTERBOUND(#8654,.T.);
#8656=IFCFACE((#8655));
#8657=IFCCARTESIANPOINT((21.109564965963365,-66.417598378658298,218.70481910705567));
#8658=IFCPOLYLOOP((#8344,#8657,#8099));
#8659=IFCFACEOUTERBOUND(#8658,.T.);
#8660=IFCFACE((#8659));
#8661=IFCPOLYLOOP((#8147,#8555,#8406));
#8662=IFCFACEOUTERBOUND(#8661,.T.);
#8663=IFCFACE((#8662));
#8664=IFCPOLYLOOP((#8594,#8590,#8560));
#8665=IFCFACEOUTERBOUND(#8664,.T.);
#8666=IFCFACE((#8665));
#8667=IFCCARTESIANPOINT((19.691918939352036,-68.884562623500827,216.45826292037964));
#8668=IFCPOLYLOOP((#8344,#8667,#8657));
#8669=IFCFACEOUTERBOUND(#8668,.T.);
#8670=IFCFACE((#8669));
#8671=IFCPOLYLOOP((#8615,#8560,#8562));
#8672=IFCFACEOUTERBOUND(#8671,.T.);
#8673=IFCFACE((#8672));
#8674=IFCPOLYLOOP((#8634,#8585,#8609));
#8675=IFCFACEOUTERBOUND(#8674,.T.);
#8676=IFCFACE((#8675));
#8677=IFCCARTESIANPOINT((48.921087312698369,-67.908695590496066,205.56474180221559));
#8678=IFCPOLYLOOP((#8611,#8610,#8677));
#8679=IFCFACEOUTERBOUND(#8678,.T.);
#8680=IFCFACE((#8679));
#8681=IFCPOLYLOOP((#8634,#8626,#8630));
#8682=IFCFACEOUTERBOUND(#8681,.T.);
#8683=IFCFACE((#8682));
#8684=IFCCARTESIANPOINT((29.294026333093644,-69.650000095367432,210.48468132019045));
#8685=IFCPOLYLOOP((#8667,#8343,#8684));
#8686=IFCFACEOUTERBOUND(#8685,.T.);
#8687=IFCFACE((#8686));
#8688=IFCPOLYLOOP((#8684,#8611,#8677));
#8689=IFCFACEOUTERBOUND(#8688,.T.);
#8690=IFCFACE((#8689));
#8691=IFCPOLYLOOP((#8590,#8555,#8181));
#8692=IFCFACEOUTERBOUND(#8691,.T.);
#8693=IFCFACE((#8692));
#8694=IFCPOLYLOOP((#8605,#8434,#8594));
#8695=IFCFACEOUTERBOUND(#8694,.T.);
#8696=IFCFACE((#8695));
#8697=IFCPOLYLOOP((#8344,#8343,#8667));
#8698=IFCFACEOUTERBOUND(#8697,.T.);
#8699=IFCFACE((#8698));
#8700=IFCPOLYLOOP((#8586,#8622,#8203));
#8701=IFCFACEOUTERBOUND(#8700,.T.);
#8702=IFCFACE((#8701));
#8703=IFCPOLYLOOP((#8646,#8188,#8561));
#8704=IFCFACEOUTERBOUND(#8703,.T.);
#8705=IFCFACE((#8704));
#8706=IFCCARTESIANPOINT((90.602309489250189,-63.300001609325413,129.99999554157259));
#8707=IFCPOLYLOOP((#8706,#8203,#8622));
#8708=IFCFACEOUTERBOUND(#8707,.T.);
#8709=IFCFACE((#8708));
#8710=IFCPOLYLOOP((#8561,#8188,#8567));
#8711=IFCFACEOUTERBOUND(#8710,.T.);
#8712=IFCFACE((#8711));
#8713=IFCPOLYLOOP((#8657,#8267,#8248,#8099));
#8714=IFCFACEOUTERBOUND(#8713,.T.);
#8715=IFCFACE((#8714));
#8716=IFCPOLYLOOP((#8566,#8576,#8562));
#8717=IFCFACEOUTERBOUND(#8716,.T.);
#8718=IFCFACE((#8717));
#8719=IFCPOLYLOOP((#8567,#8566,#8561));
#8720=IFCFACEOUTERBOUND(#8719,.T.);
#8721=IFCFACE((#8720));
#8722=IFCPOLYLOOP((#8561,#8566,#8562));
#8723=IFCFACEOUTERBOUND(#8722,.T.);
#8724=IFCFACE((#8723));
#8725=IFCCARTESIANPOINT((85.138326144218453,-63.300001609325413,99.012179517745977));
#8726=IFCPOLYLOOP((#8650,#8725,#8192));
#8727=IFCFACEOUTERBOUND(#8726,.T.);
#8728=IFCFACE((#8727));
#8729=IFCPOLYLOOP((#8725,#8650,#8577));
#8730=IFCFACEOUTERBOUND(#8729,.T.);
#8731=IFCFACE((#8730));
#8732=IFCPOLYLOOP((#8650,#8192,#8706));
#8733=IFCFACEOUTERBOUND(#8732,.T.);
#8734=IFCFACE((#8733));
#8735=IFCPOLYLOOP((#8630,#8576,#8650));
#8736=IFCFACEOUTERBOUND(#8735,.T.);
#8737=IFCFACE((#8736));
#8738=IFCPOLYLOOP((#8622,#8630,#8650));
#8739=IFCFACEOUTERBOUND(#8738,.T.);
#8740=IFCFACE((#8739));
#8741=IFCPOLYLOOP((#8706,#8622,#8650));
#8742=IFCFACEOUTERBOUND(#8741,.T.);
#8743=IFCFACE((#8742));
#8744=IFCPOLYLOOP((#8585,#8630,#8622));
#8745=IFCFACEOUTERBOUND(#8744,.T.);
#8746=IFCFACE((#8745));
#8747=IFCPOLYLOOP((#8577,#8196,#8725));
#8748=IFCFACEOUTERBOUND(#8747,.T.);
#8749=IFCFACE((#8748));
#8750=IFCCARTESIANPOINT((85.138326144218453,-63.300001609325413,160.98781156539917));
#8751=IFCPOLYLOOP((#8584,#8750,#8236));
#8752=IFCFACEOUTERBOUND(#8751,.T.);
#8753=IFCFACE((#8752));
#8754=IFCPOLYLOOP((#8750,#8584,#8586));
#8755=IFCFACEOUTERBOUND(#8754,.T.);
#8756=IFCFACE((#8755));
#8757=IFCPOLYLOOP((#8584,#8236,#8642));
#8758=IFCFACEOUTERBOUND(#8757,.T.);
#8759=IFCFACE((#8758));
#8760=IFCPOLYLOOP((#8610,#8585,#8584));
#8761=IFCFACEOUTERBOUND(#8760,.T.);
#8762=IFCFACE((#8761));
#8763=IFCPOLYLOOP((#8641,#8610,#8584));
#8764=IFCFACEOUTERBOUND(#8763,.T.);
#8765=IFCFACE((#8764));
#8766=IFCPOLYLOOP((#8642,#8641,#8584));
#8767=IFCFACEOUTERBOUND(#8766,.T.);
#8768=IFCFACE((#8767));
#8769=IFCPOLYLOOP((#8677,#8610,#8641));
#8770=IFCFACEOUTERBOUND(#8769,.T.);
#8771=IFCFACE((#8770));
#8772=IFCPOLYLOOP((#8586,#8203,#8750));
#8773=IFCFACEOUTERBOUND(#8772,.T.);
#8774=IFCFACE((#8773));
#8775=IFCPOLYLOOP((#8684,#8677,#8667));
#8776=IFCFACEOUTERBOUND(#8775,.T.);
#8777=IFCFACE((#8776));
#8778=IFCPOLYLOOP((#8657,#8571,#8267));
#8779=IFCFACEOUTERBOUND(#8778,.T.);
#8780=IFCFACE((#8779));
#8781=IFCPOLYLOOP((#8571,#8667,#8677));
#8782=IFCFACEOUTERBOUND(#8781,.T.);
#8783=IFCFACE((#8782));
#8784=IFCPOLYLOOP((#8667,#8571,#8657));
#8785=IFCFACEOUTERBOUND(#8784,.T.);
#8786=IFCFACE((#8785));
#8787=IFCPOLYLOOP((#8571,#8677,#8641));
#8788=IFCFACEOUTERBOUND(#8787,.T.);
#8789=IFCFACE((#8788));
#8790=IFCPOLYLOOP((#8590,#8181,#8646));
#8791=IFCFACEOUTERBOUND(#8790,.T.);
#8792=IFCFACE((#8791));
#8793=IFCPOLYLOOP((#8243,#8571,#8641));
#8794=IFCFACEOUTERBOUND(#8793,.T.);
#8795=IFCFACE((#8794));
#8796=IFCPOLYLOOP((#8572,#8267,#8571));
#8797=IFCFACEOUTERBOUND(#8796,.T.);
#8798=IFCFACE((#8797));
#8799=IFCPOLYLOOP((#8556,#8181,#8555));
#8800=IFCFACEOUTERBOUND(#8799,.T.);
#8801=IFCFACE((#8800));
#8802=IFCCARTESIANPOINT((0.,-69.65000000000822,73.568000000060323));
#8803=IFCCARTESIANPOINT((-14.605676353218955,-69.65000000000822,75.490873770915201));
#8804=IFCCARTESIANPOINT((-28.215999999993926,-69.65000000000822,81.128454413696204));
#8805=IFCCARTESIANPOINT((-39.903449875913587,-69.65000000000822,90.096550124140308));
#8806=IFCCARTESIANPOINT((-48.87154558635816,-69.65000000000822,101.78400000005965));
#8807=IFCCARTESIANPOINT((-54.509126229139682,-69.65000000000822,115.39432364683439));
#8808=IFCCARTESIANPOINT((-56.431999999995107,-69.65000000000822,130.));
#8809=IFCCARTESIANPOINT((-54.509126229139632,-69.65000000000822,144.60567635328644));
#8810=IFCCARTESIANPOINT((-48.871545586357954,-69.65000000000822,158.21600000006137));
#8811=IFCCARTESIANPOINT((-39.903449875913147,-69.65000000000822,169.90344987598078));
#8812=IFCCARTESIANPOINT((-28.215999999993166,-69.65000000000822,178.8715455864249));
#8813=IFCCARTESIANPOINT((-14.605676353217889,-69.65000000000822,184.50912622920575));
#8814=IFCCARTESIANPOINT((0.,-69.65000000000822,186.43200000006033));
#8815=IFCPOLYLOOP((#8343,#8355,#8363,#8351,#8373,#8381,#8393,#8398,#8435,#8434,#8802,#8803,#8804,#8805,#8806,#8807,#8808,#8809,#8810,#8811,#8812,#8813,#8814));
#8816=IFCFACEOUTERBOUND(#8815,.T.);
#8817=IFCFACE((#8816));
#8818=IFCCARTESIANPOINT((14.605676353232928,-69.65000000000822,184.50912622920433));
#8819=IFCCARTESIANPOINT((28.216000000006673,-69.65000000000822,178.87154558642274));
#8820=IFCCARTESIANPOINT((39.903449875925155,-69.65000000000822,169.90344987597854));
#8821=IFCCARTESIANPOINT((48.871545586368761,-69.65000000000822,158.21600000005958));
#8822=IFCCARTESIANPOINT((54.509126229149651,-69.65000000000822,144.60567635328553));
#8823=IFCCARTESIANPOINT((56.432000000004891,-69.65000000000822,130.));
#8824=IFCCARTESIANPOINT((54.50912622914958,-69.65000000000822,115.39432364683483));
#8825=IFCCARTESIANPOINT((48.87154558636847,-69.65000000000822,101.78400000006056));
#8826=IFCCARTESIANPOINT((39.903449875924593,-69.65000000000822,90.09655012414153));
#8827=IFCCARTESIANPOINT((28.216000000005717,-69.65000000000822,81.128454413697369));
#8828=IFCCARTESIANPOINT((14.605676353231575,-69.65000000000822,75.490873770915954));
#8829=IFCPOLYLOOP((#8434,#8605,#8615,#8601,#8626,#8634,#8609,#8611,#8684,#8343,#8814,#8818,#8819,#8820,#8821,#8822,#8823,#8824,#8825,#8826,#8827,#8828,#8802));
#8830=IFCFACEOUTERBOUND(#8829,.T.);
#8831=IFCFACE((#8830));
#8832=IFCCARTESIANPOINT((0.,69.649999999995643,202.80000000006223));
#8833=IFCCARTESIANPOINT((-18.842026483455815,69.649999999995643,200.31940015390722));
#8834=IFCCARTESIANPOINT((-36.399999999993071,69.649999999995643,193.0466493955706));
#8835=IFCCARTESIANPOINT((-51.477373670374504,69.649999999995643,181.47737367044422));
#8836=IFCCARTESIANPOINT((-63.046649395501618,69.649999999995643,166.40000000006336));
#8837=IFCCARTESIANPOINT((-70.319400153839084,69.649999999995643,148.84202648352641));
#8838=IFCCARTESIANPOINT((-72.79999999999508,69.649999999995643,130.));
#8839=IFCCARTESIANPOINT((-70.319400153839112,69.649999999995643,111.15797351659823));
#8840=IFCCARTESIANPOINT((-63.046649395501817,69.649999999995643,93.600000000061613));
#8841=IFCCARTESIANPOINT((-51.477373670375009,69.649999999995643,78.52262632968089));
#8842=IFCCARTESIANPOINT((-36.399999999994002,69.649999999995643,66.953350604554529));
#8843=IFCCARTESIANPOINT((-18.842026483457175,69.649999999995643,59.680599846217746));
#8844=IFCCARTESIANPOINT((0.,69.649999999995643,57.200000000062296));
#8845=IFCPOLYLOOP((#6152,#6153,#6147,#6171,#6172,#6114,#6115,#6087,#6076,#6077,#8832,#8833,#8834,#8835,#8836,#8837,#8838,#8839,#8840,#8841,#8842,#8843,#8844));
#8846=IFCFACEOUTERBOUND(#8845,.T.);
#8847=IFCFACE((#8846));
#8848=IFCCARTESIANPOINT((18.84202648346934,69.649999999995643,59.680599846218371));
#8849=IFCCARTESIANPOINT((36.400000000005491,69.649999999995643,66.953350604555496));
#8850=IFCCARTESIANPOINT((51.477373670385816,69.649999999995643,78.522626329681856));
#8851=IFCCARTESIANPOINT((63.046649395512077,69.649999999995643,93.600000000062323));
#8852=IFCCARTESIANPOINT((70.319400153849031,69.649999999995643,111.15797351659855));
#8853=IFCCARTESIANPOINT((72.800000000004928,69.649999999995643,130.));
#8854=IFCCARTESIANPOINT((70.319400153849159,69.649999999995643,148.84202648352556));
#8855=IFCCARTESIANPOINT((63.046649395512496,69.649999999995643,166.40000000006157));
#8856=IFCCARTESIANPOINT((51.477373670386626,69.649999999995643,181.47737367044192));
#8857=IFCCARTESIANPOINT((36.400000000006777,69.649999999995643,193.04664939556838));
#8858=IFCCARTESIANPOINT((18.842026483471152,69.649999999995643,200.31940015390578));
#8859=IFCPOLYLOOP((#6077,#6433,#6434,#6370,#6426,#6375,#6376,#6348,#6338,#6152,#8844,#8848,#8849,#8850,#8851,#8852,#8853,#8854,#8855,#8856,#8857,#8858,#8832));
#8860=IFCFACEOUTERBOUND(#8859,.T.);
#8861=IFCFACE((#8860));
#8862=IFCCARTESIANPOINT((15.284705892205238,-0.007147823998820968,215.64999103546143));
#8863=IFCPOLYLOOP((#8862,#7336,#7307,#7887));
#8864=IFCFACEOUTERBOUND(#8863,.T.);
#8865=IFCFACE((#8864));
#8866=IFCPOLYLOOP((#7459,#7027,#6890));
#8867=IFCFACEOUTERBOUND(#8866,.T.);
#8868=IFCFACE((#8867));
#8869=IFCPOLYLOOP((#7459,#6890,#6916));
#8870=IFCFACEOUTERBOUND(#8869,.T.);
#8871=IFCFACE((#8870));
#8872=IFCPOLYLOOP((#7027,#7887,#7307));
#8873=IFCFACEOUTERBOUND(#8872,.T.);
#8874=IFCFACE((#8873));
#8875=IFCPOLYLOOP((#7887,#7888,#8862));
#8876=IFCFACEOUTERBOUND(#8875,.T.);
#8877=IFCFACE((#8876));
#8878=IFCCARTESIANPOINT((-15.284367522597314,-0.0069055190164363017,215.64999103546143));
#8879=IFCPOLYLOOP((#6916,#8878,#7447,#7459));
#8880=IFCFACEOUTERBOUND(#8879,.T.);
#8881=IFCFACE((#8880));
#8882=IFCCARTESIANPOINT((-26.250001108646394,-0.64046624936163432,247.30000319480897));
#8883=IFCCARTESIANPOINT((-25.355553978681566,6.1535334840416906,247.30000319480897));
#8884=IFCPOLYLOOP((#8882,#8080,#8883));
#8885=IFCFACEOUTERBOUND(#8884,.T.);
#8886=IFCFACE((#8885));
#8887=IFCCARTESIANPOINT((-22.73316680788994,12.484533879160882,247.30000319480897));
#8888=IFCPOLYLOOP((#8883,#8065,#8887));
#8889=IFCFACEOUTERBOUND(#8888,.T.);
#8890=IFCFACE((#8889));
#8891=IFCCARTESIANPOINT((-18.561553251743316,17.921086576581001,247.30000319480897));
#8892=IFCPOLYLOOP((#8887,#7517,#8891));
#8893=IFCFACEOUTERBOUND(#8892,.T.);
#8894=IFCFACE((#8893));
#8895=IFCPOLYLOOP((#7518,#7517,#8887));
#8896=IFCFACEOUTERBOUND(#8895,.T.);
#8897=IFCFACE((#8896));
#8898=IFCCARTESIANPOINT((-13.125000554323197,22.092701268196105,247.30000319480897));
#8899=IFCPOLYLOOP((#8898,#8891,#6886));
#8900=IFCFACEOUTERBOUND(#8899,.T.);
#8901=IFCFACE((#8900));
#8902=IFCPOLYLOOP((#6886,#8891,#6860));
#8903=IFCFACEOUTERBOUND(#8902,.T.);
#8904=IFCFACE((#8903));
#8905=IFCPOLYLOOP((#8887,#7538,#7518));
#8906=IFCFACEOUTERBOUND(#8905,.T.);
#8907=IFCFACE((#8906));
#8908=IFCCARTESIANPOINT((-6.794000159204006,24.715086168050767,247.30000319480897));
#8909=IFCPOLYLOOP((#8908,#8898,#6593));
#8910=IFCFACEOUTERBOUND(#8909,.T.);
#8911=IFCFACE((#8910));
#8912=IFCCARTESIANPOINT((-15.84113427400589,-0.26213540718890727,215.90862350463868));
#8913=IFCCARTESIANPOINT((-15.472483992576599,0.54367646751925347,216.70385112762452));
#8914=IFCPOLYLOOP((#6859,#8912,#8913));
#8915=IFCFACEOUTERBOUND(#8914,.T.);
#8916=IFCFACE((#8915));
#8917=IFCCARTESIANPOINT((-0.,25.609533298015595,247.30000319480897));
#8918=IFCPOLYLOOP((#8917,#8908,#6597));
#8919=IFCFACEOUTERBOUND(#8918,.T.);
#8920=IFCFACE((#8919));
#8921=IFCPOLYLOOP((#8898,#6832,#6836));
#8922=IFCFACEOUTERBOUND(#8921,.T.);
#8923=IFCFACE((#8922));
#8924=IFCPOLYLOOP((#8908,#6593,#6597));
#8925=IFCFACEOUTERBOUND(#8924,.T.);
#8926=IFCFACE((#8925));
#8927=IFCPOLYLOOP((#6593,#8898,#6836));
#8928=IFCFACEOUTERBOUND(#8927,.T.);
#8929=IFCFACE((#8928));
#8930=IFCCARTESIANPOINT((15.276126292347909,0.34091408634558323,216.17692108154299));
#8931=IFCPOLYLOOP((#8930,#7336,#8862));
#8932=IFCFACEOUTERBOUND(#8931,.T.);
#8933=IFCFACE((#8932));
#8934=IFCPOLYLOOP((#6597,#6598,#8917));
#8935=IFCFACEOUTERBOUND(#8934,.T.);
#8936=IFCFACE((#8935));
#8937=IFCPOLYLOOP((#6886,#6832,#8898));
#8938=IFCFACEOUTERBOUND(#8937,.T.);
#8939=IFCFACE((#8938));
#8940=IFCPOLYLOOP((#8065,#8883,#8080));
#8941=IFCFACEOUTERBOUND(#8940,.T.);
#8942=IFCFACE((#8941));
#8943=IFCPOLYLOOP((#8081,#8882,#8080));
#8944=IFCFACEOUTERBOUND(#8943,.T.);
#8945=IFCFACE((#8944));
#8946=IFCPOLYLOOP((#7517,#7504,#8891));
#8947=IFCFACEOUTERBOUND(#8946,.T.);
#8948=IFCFACE((#8947));
#8949=IFCPOLYLOOP((#7538,#8887,#8065));
#8950=IFCFACEOUTERBOUND(#8949,.T.);
#8951=IFCFACE((#8950));
#8952=IFCPOLYLOOP((#6860,#7522,#7601));
#8953=IFCFACEOUTERBOUND(#8952,.T.);
#8954=IFCFACE((#8953));
#8955=IFCPOLYLOOP((#8891,#7504,#7522));
#8956=IFCFACEOUTERBOUND(#8955,.T.);
#8957=IFCFACE((#8956));
#8958=IFCCARTESIANPOINT((16.194891750812531,-0.37050176924094558,216.16725597381591));
#8959=IFCPOLYLOOP((#7303,#8958,#7275));
#8960=IFCFACEOUTERBOUND(#8959,.T.);
#8961=IFCFACE((#8960));
#8962=IFCCARTESIANPOINT((-16.194891750812531,-0.37050176924094558,216.16725597381591));
#8963=IFCPOLYLOOP((#8962,#6859,#6860));
#8964=IFCFACEOUTERBOUND(#8963,.T.);
#8965=IFCFACE((#8964));
#8966=IFCPOLYLOOP((#7601,#8962,#6860));
#8967=IFCFACEOUTERBOUND(#8966,.T.);
#8968=IFCFACE((#8967));
#8969=IFCPOLYLOOP((#8912,#7447,#8913));
#8970=IFCFACEOUTERBOUND(#8969,.T.);
#8971=IFCFACE((#8970));
#8972=IFCCARTESIANPOINT((-15.276126292347909,0.34091408634558323,216.17692108154299));
#8973=IFCPOLYLOOP((#8972,#8878,#6916));
#8974=IFCFACEOUTERBOUND(#8973,.T.);
#8975=IFCFACE((#8974));
#8976=IFCPOLYLOOP((#7447,#8972,#8913));
#8977=IFCFACEOUTERBOUND(#8976,.T.);
#8978=IFCFACE((#8977));
#8979=IFCPOLYLOOP((#6860,#8891,#7522));
#8980=IFCFACEOUTERBOUND(#8979,.T.);
#8981=IFCFACE((#8980));
#8982=IFCPOLYLOOP((#6786,#8917,#6598));
#8983=IFCFACEOUTERBOUND(#8982,.T.);
#8984=IFCFACE((#8983));
#8985=IFCCARTESIANPOINT((6.794000159204006,24.715086168050767,247.30000319480897));
#8986=IFCPOLYLOOP((#8985,#8917,#6786));
#8987=IFCFACEOUTERBOUND(#8986,.T.);
#8988=IFCFACE((#8987));
#8989=IFCCARTESIANPOINT((15.84113427400589,-0.26213540718890727,215.90862350463868));
#8990=IFCPOLYLOOP((#8989,#8958,#7303));
#8991=IFCFACEOUTERBOUND(#8990,.T.);
#8992=IFCFACE((#8991));
#8993=IFCCARTESIANPOINT((13.125000554323197,22.092701268196105,247.30000319480897));
#8994=IFCPOLYLOOP((#8993,#8985,#6778));
#8995=IFCFACEOUTERBOUND(#8994,.T.);
#8996=IFCFACE((#8995));
#8997=IFCPOLYLOOP((#8985,#6786,#6778));
#8998=IFCFACEOUTERBOUND(#8997,.T.);
#8999=IFCFACE((#8998));
#9000=IFCPOLYLOOP((#8993,#6778,#7283));
#9001=IFCFACEOUTERBOUND(#9000,.T.);
#9002=IFCFACE((#9001));
#9003=IFCPOLYLOOP((#7283,#7290,#8993));
#9004=IFCFACEOUTERBOUND(#9003,.T.);
#9005=IFCFACE((#9004));
#9006=IFCCARTESIANPOINT((22.73316680788994,12.484533879160882,247.30000319480897));
#9007=IFCPOLYLOOP((#9006,#7823,#7947));
#9008=IFCFACEOUTERBOUND(#9007,.T.);
#9009=IFCFACE((#9008));
#9010=IFCCARTESIANPOINT((25.355553978681566,6.1535334840416906,247.30000319480897));
#9011=IFCPOLYLOOP((#9006,#8225,#9010));
#9012=IFCFACEOUTERBOUND(#9011,.T.);
#9013=IFCFACE((#9012));
#9014=IFCPOLYLOOP((#7274,#8993,#7290));
#9015=IFCFACEOUTERBOUND(#9014,.T.);
#9016=IFCFACE((#9015));
#9017=IFCCARTESIANPOINT((18.561553251743316,17.921086576581001,247.30000319480897));
#9018=IFCPOLYLOOP((#7275,#9017,#7274));
#9019=IFCFACEOUTERBOUND(#9018,.T.);
#9020=IFCFACE((#9019));
#9021=IFCPOLYLOOP((#9017,#7821,#9006));
#9022=IFCFACEOUTERBOUND(#9021,.T.);
#9023=IFCFACE((#9022));
#9024=IFCPOLYLOOP((#7274,#9017,#8993));
#9025=IFCFACEOUTERBOUND(#9024,.T.);
#9026=IFCFACE((#9025));
#9027=IFCPOLYLOOP((#9006,#7821,#7823));
#9028=IFCFACEOUTERBOUND(#9027,.T.);
#9029=IFCFACE((#9028));
#9030=IFCCARTESIANPOINT((26.250001108646394,-0.64046624936163432,247.30000319480897));
#9031=IFCPOLYLOOP((#8218,#9030,#9010));
#9032=IFCFACEOUTERBOUND(#9031,.T.);
#9033=IFCFACE((#9032));
#9034=IFCPOLYLOOP((#8878,#8972,#7447));
#9035=IFCFACEOUTERBOUND(#9034,.T.);
#9036=IFCFACE((#9035));
#9037=IFCPOLYLOOP((#7275,#8958,#7893));
#9038=IFCFACEOUTERBOUND(#9037,.T.);
#9039=IFCFACE((#9038));
#9040=IFCPOLYLOOP((#7892,#7275,#7893));
#9041=IFCFACEOUTERBOUND(#9040,.T.);
#9042=IFCFACE((#9041));
#9043=IFCCARTESIANPOINT((15.472483992576599,0.54367646751925347,216.70385112762452));
#9044=IFCPOLYLOOP((#9043,#7888,#8989));
#9045=IFCFACEOUTERBOUND(#9044,.T.);
#9046=IFCFACE((#9045));
#9047=IFCPOLYLOOP((#8989,#7303,#9043));
#9048=IFCFACEOUTERBOUND(#9047,.T.);
#9049=IFCFACE((#9048));
#9050=IFCPOLYLOOP((#7888,#9043,#8930));
#9051=IFCFACEOUTERBOUND(#9050,.T.);
#9052=IFCFACE((#9051));
#9053=IFCPOLYLOOP((#8930,#8862,#7888));
#9054=IFCFACEOUTERBOUND(#9053,.T.);
#9055=IFCFACE((#9054));
#9056=IFCPOLYLOOP((#8962,#8912,#6859));
#9057=IFCFACEOUTERBOUND(#9056,.T.);
#9058=IFCFACE((#9057));
#9059=IFCPOLYLOOP((#7821,#9017,#7921));
#9060=IFCFACEOUTERBOUND(#9059,.T.);
#9061=IFCFACE((#9060));
#9062=IFCPOLYLOOP((#8225,#9006,#7947));
#9063=IFCFACEOUTERBOUND(#9062,.T.);
#9064=IFCFACE((#9063));
#9065=IFCPOLYLOOP((#9017,#7275,#7892));
#9066=IFCFACEOUTERBOUND(#9065,.T.);
#9067=IFCFACE((#9066));
#9068=IFCPOLYLOOP((#9010,#8225,#8218));
#9069=IFCFACEOUTERBOUND(#9068,.T.);
#9070=IFCFACE((#9069));
#9071=IFCPOLYLOOP((#8254,#8218,#9030));
#9072=IFCFACEOUTERBOUND(#9071,.T.);
#9073=IFCFACE((#9072));
#9074=IFCPOLYLOOP((#7921,#9017,#7892));
#9075=IFCFACEOUTERBOUND(#9074,.T.);
#9076=IFCFACE((#9075));
#9077=IFCCARTESIANPOINT((25.355553978681566,-7.4344662666320804,247.30000319480897));
#9078=IFCPOLYLOOP((#9077,#8253,#9030));
#9079=IFCFACEOUTERBOUND(#9078,.T.);
#9080=IFCFACE((#9079));
#9081=IFCCARTESIANPOINT((22.73316680788994,-13.765466094017029,247.30000319480897));
#9082=IFCPOLYLOOP((#9081,#8274,#9077));
#9083=IFCFACEOUTERBOUND(#9082,.T.);
#9084=IFCFACE((#9083));
#9085=IFCCARTESIANPOINT((18.561553251743316,-19.202018791437151,247.30000319480897));
#9086=IFCCARTESIANPOINT((13.125000554323197,-23.373632347583772,247.30000319480897));
#9087=IFCPOLYLOOP((#8278,#9085,#9086));
#9088=IFCFACEOUTERBOUND(#9087,.T.);
#9089=IFCFACE((#9088));
#9090=IFCCARTESIANPOINT((6.794000159204006,-25.996019518375398,247.30000319480897));
#9091=IFCPOLYLOOP((#9086,#9090,#8249));
#9092=IFCFACEOUTERBOUND(#9091,.T.);
#9093=IFCFACE((#9092));
#9094=IFCPOLYLOOP((#9081,#9085,#8279));
#9095=IFCFACEOUTERBOUND(#9094,.T.);
#9096=IFCFACE((#9095));
#9097=IFCCARTESIANPOINT((0.,-26.890466648340226,247.30000319480897));
#9098=IFCPOLYLOOP((#9097,#8247,#9090));
#9099=IFCFACEOUTERBOUND(#9098,.T.);
#9100=IFCFACE((#9099));
#9101=IFCPOLYLOOP((#9030,#8253,#8254));
#9102=IFCFACEOUTERBOUND(#9101,.T.);
#9103=IFCFACE((#9102));
#9104=IFCPOLYLOOP((#9077,#8274,#8253));
#9105=IFCFACEOUTERBOUND(#9104,.T.);
#9106=IFCFACE((#9105));
#9107=IFCPOLYLOOP((#8247,#8249,#9090));
#9108=IFCFACEOUTERBOUND(#9107,.T.);
#9109=IFCFACE((#9108));
#9110=IFCPOLYLOOP((#8274,#9081,#8279));
#9111=IFCFACEOUTERBOUND(#9110,.T.);
#9112=IFCFACE((#9111));
#9113=IFCPOLYLOOP((#8279,#9085,#8278));
#9114=IFCFACEOUTERBOUND(#9113,.T.);
#9115=IFCFACE((#9114));
#9116=IFCPOLYLOOP((#9086,#8249,#8278));
#9117=IFCFACEOUTERBOUND(#9116,.T.);
#9118=IFCFACE((#9117));
#9119=IFCPOLYLOOP((#9097,#8100,#8247));
#9120=IFCFACEOUTERBOUND(#9119,.T.);
#9121=IFCFACE((#9120));
#9122=IFCPOLYLOOP((#8100,#9097,#8095));
#9123=IFCFACEOUTERBOUND(#9122,.T.);
#9124=IFCFACE((#9123));
#9125=IFCCARTESIANPOINT((-6.794000159204006,-25.996019518375398,247.30000319480897));
#9126=IFCPOLYLOOP((#8095,#9097,#9125));
#9127=IFCFACEOUTERBOUND(#9126,.T.);
#9128=IFCFACE((#9127));
#9129=IFCCARTESIANPOINT((-13.125000554323197,-23.373632347583772,247.30000319480897));
#9130=IFCPOLYLOOP((#9129,#8076,#9125));
#9131=IFCFACEOUTERBOUND(#9130,.T.);
#9132=IFCFACE((#9131));
#9133=IFCCARTESIANPOINT((-22.73316680788994,-13.765466094017029,247.30000319480897));
#9134=IFCCARTESIANPOINT((-25.355553978681566,-7.4344662666320804,247.30000319480897));
#9135=IFCPOLYLOOP((#9133,#9134,#8061));
#9136=IFCFACEOUTERBOUND(#9135,.T.);
#9137=IFCFACE((#9136));
#9138=IFCCARTESIANPOINT((-18.561553251743316,-19.202018791437151,247.30000319480897));
#9139=IFCPOLYLOOP((#8107,#9138,#9133));
#9140=IFCFACEOUTERBOUND(#9139,.T.);
#9141=IFCFACE((#9140));
#9142=IFCPOLYLOOP((#8074,#9129,#9138));
#9143=IFCFACEOUTERBOUND(#9142,.T.);
#9144=IFCFACE((#9143));
#9145=IFCPOLYLOOP((#8055,#9134,#8882));
#9146=IFCFACEOUTERBOUND(#9145,.T.);
#9147=IFCFACE((#9146));
#9148=IFCPOLYLOOP((#8076,#8095,#9125));
#9149=IFCFACEOUTERBOUND(#9148,.T.);
#9150=IFCFACE((#9149));
#9151=IFCPOLYLOOP((#8076,#9129,#8074));
#9152=IFCFACEOUTERBOUND(#9151,.T.);
#9153=IFCFACE((#9152));
#9154=IFCPOLYLOOP((#8107,#9133,#8061));
#9155=IFCFACEOUTERBOUND(#9154,.T.);
#9156=IFCFACE((#9155));
#9157=IFCPOLYLOOP((#8055,#8061,#9134));
#9158=IFCFACEOUTERBOUND(#9157,.T.);
#9159=IFCFACE((#9158));
#9160=IFCPOLYLOOP((#8074,#9138,#8107));
#9161=IFCFACEOUTERBOUND(#9160,.T.);
#9162=IFCFACE((#9161));
#9163=IFCPOLYLOOP((#8882,#8081,#8055));
#9164=IFCFACEOUTERBOUND(#9163,.T.);
#9165=IFCFACE((#9164));
#9166=IFCCARTESIANPOINT((-51.,-0.,260.));
#9167=IFCCARTESIANPOINT((-49.262217140736276,-13.199771300236815,260.));
#9168=IFCCARTESIANPOINT((-44.167295593000219,-25.500000000008264,260.));
#9169=IFCCARTESIANPOINT((-36.062445840507799,-36.062445840522223,260.));
#9170=IFCCARTESIANPOINT((-25.499999999993907,-44.167295593014693,260.));
#9171=IFCCARTESIANPOINT((-13.199771300222512,-49.26221714075087,260.));
#9172=IFCCARTESIANPOINT((0.,-51.,260.));
#9173=IFCCARTESIANPOINT((13.199771300234584,-49.262217140750984,260.));
#9174=IFCCARTESIANPOINT((25.500000000006033,-44.167295593014948,260.));
#9175=IFCCARTESIANPOINT((36.062445840519992,-36.062445840522557,260.));
#9176=IFCCARTESIANPOINT((44.167295593012483,-25.500000000008693,260.));
#9177=IFCCARTESIANPOINT((49.26221714074866,-13.199771300237297,260.));
#9178=IFCCARTESIANPOINT((51.,-0.,260.));
#9179=IFCCARTESIANPOINT((49.262217140748746,13.199771300220117,260.));
#9180=IFCCARTESIANPOINT((44.167295593012653,25.499999999991552,260.));
#9181=IFCCARTESIANPOINT((36.062445840520219,36.062445840505475,260.));
#9182=IFCCARTESIANPOINT((25.500000000006313,44.167295592997924,260.));
#9183=IFCCARTESIANPOINT((13.19977130023489,49.26221714073403,260.));
#9184=IFCCARTESIANPOINT((0.,51.,260.));
#9185=IFCCARTESIANPOINT((-13.199771300222208,49.262217140734087,260.));
#9186=IFCCARTESIANPOINT((-25.499999999993651,44.167295592997995,260.));
#9187=IFCCARTESIANPOINT((-36.062445840507579,36.062445840505575,260.));
#9188=IFCCARTESIANPOINT((-44.167295593000048,25.499999999991687,260.));
#9189=IFCCARTESIANPOINT((-49.26221714073619,13.199771300220272,260.));
#9190=IFCPOLYLOOP((#9166,#9167,#9168,#9169,#9170,#9171,#9172,#9173,#9174,#9175,#9176,#9177,#9178,#9179,#9180,#9181,#9182,#9183,#9184,#9185,#9186,#9187,#9188,#9189));
#9191=IFCFACEOUTERBOUND(#9190,.T.);
#9192=IFCFACE((#9191));
#9193=IFCCARTESIANPOINT((-51.,-0.,247.30000000002593));
#9194=IFCCARTESIANPOINT((-49.262217140736276,-13.199771300236815,247.30000000002593));
#9195=IFCCARTESIANPOINT((-44.167295593000219,-25.500000000008264,247.30000000002593));
#9196=IFCCARTESIANPOINT((-36.062445840507799,-36.062445840522223,247.30000000002593));
#9197=IFCCARTESIANPOINT((-25.499999999993907,-44.167295593014693,247.30000000002593));
#9198=IFCCARTESIANPOINT((-13.199771300222512,-49.26221714075087,247.30000000002593));
#9199=IFCCARTESIANPOINT((0.,-51.,247.30000000002593));
#9200=IFCCARTESIANPOINT((13.199771300234584,-49.262217140750984,247.30000000002593));
#9201=IFCCARTESIANPOINT((25.500000000006033,-44.167295593014948,247.30000000002593));
#9202=IFCCARTESIANPOINT((36.062445840519992,-36.062445840522557,247.30000000002593));
#9203=IFCCARTESIANPOINT((44.167295593012483,-25.500000000008693,247.30000000002593));
#9204=IFCCARTESIANPOINT((49.26221714074866,-13.199771300237297,247.30000000002593));
#9205=IFCCARTESIANPOINT((51.,-0.,247.30000000002593));
#9206=IFCCARTESIANPOINT((49.262217140748746,13.199771300220117,247.30000000002593));
#9207=IFCCARTESIANPOINT((44.167295593012653,25.499999999991552,247.30000000002593));
#9208=IFCCARTESIANPOINT((36.062445840520219,36.062445840505475,247.30000000002593));
#9209=IFCCARTESIANPOINT((25.500000000006313,44.167295592997924,247.30000000002593));
#9210=IFCCARTESIANPOINT((13.19977130023489,49.26221714073403,247.30000000002593));
#9211=IFCCARTESIANPOINT((0.,51.,247.30000000002593));
#9212=IFCCARTESIANPOINT((-13.199771300222208,49.262217140734087,247.30000000002593));
#9213=IFCCARTESIANPOINT((-25.499999999993651,44.167295592997995,247.30000000002593));
#9214=IFCCARTESIANPOINT((-36.062445840507579,36.062445840505575,247.30000000002593));
#9215=IFCCARTESIANPOINT((-44.167295593000048,25.499999999991687,247.30000000002593));
#9216=IFCCARTESIANPOINT((-49.26221714073619,13.199771300220272,247.30000000002593));
#9217=IFCPOLYLOOP((#9193,#9194,#9195,#9196,#9197,#9198,#9199,#9200,#9201,#9202,#9203,#9204,#9205,#9206,#9207,#9208,#9209,#9210,#9211,#9212,#9213,#9214,#9215,#9216));
#9218=IFCFACEOUTERBOUND(#9217,.T.);
#9219=IFCPOLYLOOP((#9030,#9077,#9081,#9085,#9086,#9090,#9097,#9125,#9129,#9138,#9133,#9134,#8882,#8883,#8887,#8891,#8898,#8908,#8917,#8985,#8993,#9017,#9006,#9010));
#9220=IFCFACEBOUND(#9219,.T.);
#9221=IFCFACE((#9218,#9220));
#9222=IFCPOLYLOOP((#9193,#9194,#9167,#9166));
#9223=IFCFACEOUTERBOUND(#9222,.T.);
#9224=IFCFACE((#9223));
#9225=IFCPOLYLOOP((#9194,#9195,#9168,#9167));
#9226=IFCFACEOUTERBOUND(#9225,.T.);
#9227=IFCFACE((#9226));
#9228=IFCPOLYLOOP((#9196,#9197,#9170,#9169));
#9229=IFCFACEOUTERBOUND(#9228,.T.);
#9230=IFCFACE((#9229));
#9231=IFCPOLYLOOP((#9195,#9196,#9169,#9168));
#9232=IFCFACEOUTERBOUND(#9231,.T.);
#9233=IFCFACE((#9232));
#9234=IFCPOLYLOOP((#9197,#9198,#9171,#9170));
#9235=IFCFACEOUTERBOUND(#9234,.T.);
#9236=IFCFACE((#9235));
#9237=IFCPOLYLOOP((#9172,#9171,#9198,#9199));
#9238=IFCFACEOUTERBOUND(#9237,.T.);
#9239=IFCFACE((#9238));
#9240=IFCPOLYLOOP((#9199,#9200,#9173,#9172));
#9241=IFCFACEOUTERBOUND(#9240,.T.);
#9242=IFCFACE((#9241));
#9243=IFCPOLYLOOP((#9200,#9201,#9174,#9173));
#9244=IFCFACEOUTERBOUND(#9243,.T.);
#9245=IFCFACE((#9244));
#9246=IFCPOLYLOOP((#9202,#9203,#9176,#9175));
#9247=IFCFACEOUTERBOUND(#9246,.T.);
#9248=IFCFACE((#9247));
#9249=IFCPOLYLOOP((#9201,#9202,#9175,#9174));
#9250=IFCFACEOUTERBOUND(#9249,.T.);
#9251=IFCFACE((#9250));
#9252=IFCPOLYLOOP((#9203,#9204,#9177,#9176));
#9253=IFCFACEOUTERBOUND(#9252,.T.);
#9254=IFCFACE((#9253));
#9255=IFCPOLYLOOP((#9178,#9177,#9204,#9205));
#9256=IFCFACEOUTERBOUND(#9255,.T.);
#9257=IFCFACE((#9256));
#9258=IFCPOLYLOOP((#9205,#9206,#9179,#9178));
#9259=IFCFACEOUTERBOUND(#9258,.T.);
#9260=IFCFACE((#9259));
#9261=IFCPOLYLOOP((#9179,#9180,#9207,#9206));
#9262=IFCFACEOUTERBOUND(#9261,.T.);
#9263=IFCFACE((#9262));
#9264=IFCPOLYLOOP((#9181,#9182,#9209,#9208));
#9265=IFCFACEOUTERBOUND(#9264,.T.);
#9266=IFCFACE((#9265));
#9267=IFCPOLYLOOP((#9180,#9181,#9208,#9207));
#9268=IFCFACEOUTERBOUND(#9267,.T.);
#9269=IFCFACE((#9268));
#9270=IFCPOLYLOOP((#9182,#9183,#9210,#9209));
#9271=IFCFACEOUTERBOUND(#9270,.T.);
#9272=IFCFACE((#9271));
#9273=IFCPOLYLOOP((#9211,#9210,#9183,#9184));
#9274=IFCFACEOUTERBOUND(#9273,.T.);
#9275=IFCFACE((#9274));
#9276=IFCPOLYLOOP((#9184,#9185,#9212,#9211));
#9277=IFCFACEOUTERBOUND(#9276,.T.);
#9278=IFCFACE((#9277));
#9279=IFCPOLYLOOP((#9185,#9186,#9213,#9212));
#9280=IFCFACEOUTERBOUND(#9279,.T.);
#9281=IFCFACE((#9280));
#9282=IFCPOLYLOOP((#9187,#9188,#9215,#9214));
#9283=IFCFACEOUTERBOUND(#9282,.T.);
#9284=IFCFACE((#9283));
#9285=IFCPOLYLOOP((#9186,#9187,#9214,#9213));
#9286=IFCFACEOUTERBOUND(#9285,.T.);
#9287=IFCFACE((#9286));
#9288=IFCPOLYLOOP((#9188,#9189,#9216,#9215));
#9289=IFCFACEOUTERBOUND(#9288,.T.);
#9290=IFCFACE((#9289));
#9291=IFCPOLYLOOP((#9166,#9189,#9216,#9193));
#9292=IFCFACEOUTERBOUND(#9291,.T.);
#9293=IFCFACE((#9292));
#9294=IFCCARTESIANPOINT((-72.799998593330386,75.999998581409457,129.99999554157259));
#9295=IFCCARTESIANPOINT((-70.319399642944333,75.999998581409457,111.15797703266144));
#9296=IFCPOLYLOOP((#9294,#9295,#8839,#8838));
#9297=IFCFACEOUTERBOUND(#9296,.T.);
#9298=IFCFACE((#9297));
#9299=IFCCARTESIANPOINT((-63.046651339530946,75.999998581409457,93.600000786781308));
#9300=IFCPOLYLOOP((#9295,#9299,#8840,#8839));
#9301=IFCFACEOUTERBOUND(#9300,.T.);
#9302=IFCFACE((#9301));
#9303=IFCCARTESIANPOINT((-51.477372050285339,75.999998581409457,78.522623491287234));
#9304=IFCCARTESIANPOINT((-36.399999296665193,75.999998581409457,66.953348743915555));
#9305=IFCPOLYLOOP((#9303,#9304,#8842,#8841));
#9306=IFCFACEOUTERBOUND(#9305,.T.);
#9307=IFCFACE((#9306));
#9308=IFCPOLYLOOP((#9299,#9303,#8841,#8840));
#9309=IFCFACEOUTERBOUND(#9308,.T.);
#9310=IFCFACE((#9309));
#9311=IFCCARTESIANPOINT((-18.842026457190514,75.999998581409457,59.680600440502168));
#9312=IFCPOLYLOOP((#9304,#9311,#8843,#8842));
#9313=IFCFACEOUTERBOUND(#9312,.T.);
#9314=IFCFACE((#9313));
#9315=IFCCARTESIANPOINT((0.,75.999998581409457,57.200001490116122));
#9316=IFCPOLYLOOP((#8844,#8843,#9311,#9315));
#9317=IFCFACEOUTERBOUND(#9316,.T.);
#9318=IFCFACE((#9317));
#9319=IFCCARTESIANPOINT((18.842026457190514,75.999998581409457,59.680600440502168));
#9320=IFCPOLYLOOP((#9315,#9319,#8848,#8844));
#9321=IFCFACEOUTERBOUND(#9320,.T.);
#9322=IFCFACE((#9321));
#9323=IFCCARTESIANPOINT((36.399999296665193,75.999998581409457,66.953348743915555));
#9324=IFCPOLYLOOP((#9319,#9323,#8849,#8848));
#9325=IFCFACEOUTERBOUND(#9324,.T.);
#9326=IFCFACE((#9325));
#9327=IFCCARTESIANPOINT((51.477372050285339,75.999998581409457,78.522623491287234));
#9328=IFCCARTESIANPOINT((63.046651339530946,75.999998581409457,93.600000786781308));
#9329=IFCPOLYLOOP((#9327,#9328,#8851,#8850));
#9330=IFCFACEOUTERBOUND(#9329,.T.);
#9331=IFCFACE((#9330));
#9332=IFCPOLYLOOP((#9323,#9327,#8850,#8849));
#9333=IFCFACEOUTERBOUND(#9332,.T.);
#9334=IFCFACE((#9333));
#9335=IFCCARTESIANPOINT((70.319399642944333,75.999998581409457,111.15797703266144));
#9336=IFCPOLYLOOP((#9328,#9335,#8852,#8851));
#9337=IFCFACEOUTERBOUND(#9336,.T.);
#9338=IFCFACE((#9337));
#9339=IFCCARTESIANPOINT((72.799998593330386,75.999998581409457,129.99999554157259));
#9340=IFCPOLYLOOP((#8853,#8852,#9335,#9339));
#9341=IFCFACEOUTERBOUND(#9340,.T.);
#9342=IFCFACE((#9341));
#9343=IFCCARTESIANPOINT((70.319399642944333,75.999998581409457,148.84202313423157));
#9344=IFCPOLYLOOP((#9339,#9343,#8854,#8853));
#9345=IFCFACEOUTERBOUND(#9344,.T.);
#9346=IFCFACE((#9345));
#9347=IFCCARTESIANPOINT((63.046651339530946,75.999998581409457,166.39999938011169));
#9348=IFCPOLYLOOP((#9343,#9347,#8855,#8854));
#9349=IFCFACEOUTERBOUND(#9348,.T.);
#9350=IFCFACE((#9349));
#9351=IFCCARTESIANPOINT((51.477372050285339,75.999998581409457,181.47736759185793));
#9352=IFCCARTESIANPOINT((36.399999296665193,75.999998581409457,193.04664688110353));
#9353=IFCPOLYLOOP((#9351,#9352,#8857,#8856));
#9354=IFCFACEOUTERBOUND(#9353,.T.);
#9355=IFCFACE((#9354));
#9356=IFCPOLYLOOP((#9347,#9351,#8856,#8855));
#9357=IFCFACEOUTERBOUND(#9356,.T.);
#9358=IFCFACE((#9357));
#9359=IFCCARTESIANPOINT((18.842026457190514,75.999998581409457,200.31940426826478));
#9360=IFCPOLYLOOP((#9352,#9359,#8858,#8857));
#9361=IFCFACEOUTERBOUND(#9360,.T.);
#9362=IFCFACE((#9361));
#9363=IFCCARTESIANPOINT((0.,75.999998581409457,202.79999413490296));
#9364=IFCPOLYLOOP((#8832,#8858,#9359,#9363));
#9365=IFCFACEOUTERBOUND(#9364,.T.);
#9366=IFCFACE((#9365));
#9367=IFCCARTESIANPOINT((-18.842026457190514,75.999998581409457,200.31940426826478));
#9368=IFCPOLYLOOP((#9363,#9367,#8833,#8832));
#9369=IFCFACEOUTERBOUND(#9368,.T.);
#9370=IFCFACE((#9369));
#9371=IFCCARTESIANPOINT((-36.399999296665193,75.999998581409457,193.04664688110353));
#9372=IFCPOLYLOOP((#9367,#9371,#8834,#8833));
#9373=IFCFACEOUTERBOUND(#9372,.T.);
#9374=IFCFACE((#9373));
#9375=IFCCARTESIANPOINT((-51.477372050285339,75.999998581409457,181.47736759185793));
#9376=IFCCARTESIANPOINT((-63.046651339530946,75.999998581409457,166.39999938011169));
#9377=IFCPOLYLOOP((#9375,#9376,#8836,#8835));
#9378=IFCFACEOUTERBOUND(#9377,.T.);
#9379=IFCFACE((#9378));
#9380=IFCPOLYLOOP((#9371,#9375,#8835,#8834));
#9381=IFCFACEOUTERBOUND(#9380,.T.);
#9382=IFCFACE((#9381));
#9383=IFCCARTESIANPOINT((-70.319399642944333,75.999998581409457,148.84202313423157));
#9384=IFCPOLYLOOP((#9376,#9383,#8837,#8836));
#9385=IFCFACEOUTERBOUND(#9384,.T.);
#9386=IFCFACE((#9385));
#9387=IFCPOLYLOOP((#8838,#8837,#9383,#9294));
#9388=IFCFACEOUTERBOUND(#9387,.T.);
#9389=IFCFACE((#9388));
#9390=IFCCARTESIANPOINT((-12.738890174031258,155.85000743865967,74.187277650833138));
#9391=IFCPOLYLOOP((#9311,#9390,#9315));
#9392=IFCFACEOUTERBOUND(#9391,.T.);
#9393=IFCFACE((#9392));
#9394=IFCCARTESIANPOINT((-57.248049974441528,155.85000743865967,143.06649448871613));
#9395=IFCPOLYLOOP((#9394,#9294,#9383));
#9396=IFCFACEOUTERBOUND(#9395,.T.);
#9397=IFCFACE((#9396));
#9398=IFCCARTESIANPOINT((-51.578710341453551,155.85000743865967,105.16100478172302));
#9399=IFCCARTESIANPOINT((-57.248049974441528,155.85000743865967,116.93350567817689));
#9400=IFCPOLYLOOP((#9398,#9295,#9399));
#9401=IFCFACEOUTERBOUND(#9400,.T.);
#9402=IFCFACE((#9401));
#9403=IFCCARTESIANPOINT((-45.90937070846558,155.85000743865967,93.388494801521304));
#9404=IFCPOLYLOOP((#9398,#9403,#9299));
#9405=IFCFACEOUTERBOUND(#9404,.T.);
#9406=IFCFACE((#9405));
#9407=IFCCARTESIANPOINT((-25.477780348062517,155.85000743865967,77.094849085807809));
#9408=IFCPOLYLOOP((#9311,#9407,#9390));
#9409=IFCFACEOUTERBOUND(#9408,.T.);
#9410=IFCFACE((#9409));
#9411=IFCCARTESIANPOINT((0.,155.85000743865967,71.279710757732389));
#9412=IFCPOLYLOOP((#9315,#9390,#9411));
#9413=IFCFACEOUTERBOUND(#9412,.T.);
#9414=IFCFACE((#9413));
#9415=IFCCARTESIANPOINT((-35.693576663732529,155.85000743865967,174.75831913948059));
#9416=IFCCARTESIANPOINT((-45.90937070846558,155.85000743865967,166.6115053653717));
#9417=IFCPOLYLOOP((#9415,#9416,#9375));
#9418=IFCFACEOUTERBOUND(#9417,.T.);
#9419=IFCFACE((#9418));
#9420=IFCCARTESIANPOINT((-35.693576663732529,155.85000743865967,85.241671943664556));
#9421=IFCPOLYLOOP((#9304,#9303,#9420));
#9422=IFCFACEOUTERBOUND(#9421,.T.);
#9423=IFCFACE((#9422));
#9424=IFCPOLYLOOP((#9304,#9407,#9311));
#9425=IFCFACEOUTERBOUND(#9424,.T.);
#9426=IFCFACE((#9425));
#9427=IFCPOLYLOOP((#9295,#9398,#9299));
#9428=IFCFACEOUTERBOUND(#9427,.T.);
#9429=IFCFACE((#9428));
#9430=IFCPOLYLOOP((#9304,#9420,#9407));
#9431=IFCFACEOUTERBOUND(#9430,.T.);
#9432=IFCFACE((#9431));
#9433=IFCPOLYLOOP((#9303,#9403,#9420));
#9434=IFCFACEOUTERBOUND(#9433,.T.);
#9435=IFCFACE((#9434));
#9436=IFCCARTESIANPOINT((-25.477780348062517,155.85000743865967,182.90515108108522));
#9437=IFCPOLYLOOP((#9415,#9371,#9436));
#9438=IFCFACEOUTERBOUND(#9437,.T.);
#9439=IFCFACE((#9438));
#9440=IFCPOLYLOOP((#9299,#9403,#9303));
#9441=IFCFACEOUTERBOUND(#9440,.T.);
#9442=IFCFACE((#9441));
#9443=IFCCARTESIANPOINT((-12.738890174031258,155.85000743865967,185.81271343231202));
#9444=IFCPOLYLOOP((#9443,#9436,#9367));
#9445=IFCFACEOUTERBOUND(#9444,.T.);
#9446=IFCFACE((#9445));
#9447=IFCCARTESIANPOINT((-57.248049974441528,155.85000743865967,129.99999554157259));
#9448=IFCPOLYLOOP((#9294,#9394,#9447,#9399));
#9449=IFCFACEOUTERBOUND(#9448,.T.);
#9450=IFCFACE((#9449));
#9451=IFCPOLYLOOP((#9416,#9376,#9375));
#9452=IFCFACEOUTERBOUND(#9451,.T.);
#9453=IFCFACE((#9452));
#9454=IFCPOLYLOOP((#9363,#9443,#9367));
#9455=IFCFACEOUTERBOUND(#9454,.T.);
#9456=IFCFACE((#9455));
#9457=IFCCARTESIANPOINT((0.,155.85000743865967,188.72029395103456));
#9458=IFCPOLYLOOP((#9443,#9363,#9457));
#9459=IFCFACEOUTERBOUND(#9458,.T.);
#9460=IFCFACE((#9459));
#9461=IFCCARTESIANPOINT((-51.578710341453551,155.85000743865967,154.83900446891786));
#9462=IFCPOLYLOOP((#9376,#9416,#9461));
#9463=IFCFACEOUTERBOUND(#9462,.T.);
#9464=IFCFACE((#9463));
#9465=IFCPOLYLOOP((#9461,#9383,#9376));
#9466=IFCFACEOUTERBOUND(#9465,.T.);
#9467=IFCFACE((#9466));
#9468=IFCPOLYLOOP((#9399,#9295,#9294));
#9469=IFCFACEOUTERBOUND(#9468,.T.);
#9470=IFCFACE((#9469));
#9471=IFCPOLYLOOP((#9383,#9461,#9394));
#9472=IFCFACEOUTERBOUND(#9471,.T.);
#9473=IFCFACE((#9472));
#9474=IFCPOLYLOOP((#9371,#9415,#9375));
#9475=IFCFACEOUTERBOUND(#9474,.T.);
#9476=IFCFACE((#9475));
#9477=IFCPOLYLOOP((#9436,#9371,#9367));
#9478=IFCFACEOUTERBOUND(#9477,.T.);
#9479=IFCFACE((#9478));
#9480=IFCCARTESIANPOINT((12.738890174031258,155.85000743865967,185.81271343231202));
#9481=IFCPOLYLOOP((#9457,#9363,#9480));
#9482=IFCFACEOUTERBOUND(#9481,.T.);
#9483=IFCFACE((#9482));
#9484=IFCCARTESIANPOINT((45.90937070846558,155.85000743865967,166.6115053653717));
#9485=IFCPOLYLOOP((#9484,#9351,#9347));
#9486=IFCFACEOUTERBOUND(#9485,.T.);
#9487=IFCFACE((#9486));
#9488=IFCCARTESIANPOINT((35.693576663732529,155.85000743865967,174.75831913948059));
#9489=IFCPOLYLOOP((#9488,#9352,#9351));
#9490=IFCFACEOUTERBOUND(#9489,.T.);
#9491=IFCFACE((#9490));
#9492=IFCCARTESIANPOINT((57.248049974441528,155.85000743865967,116.93350567817689));
#9493=IFCPOLYLOOP((#9492,#9339,#9335));
#9494=IFCFACEOUTERBOUND(#9493,.T.);
#9495=IFCFACE((#9494));
#9496=IFCCARTESIANPOINT((25.477780348062517,155.85000743865967,182.90515108108522));
#9497=IFCPOLYLOOP((#9359,#9496,#9480));
#9498=IFCFACEOUTERBOUND(#9497,.T.);
#9499=IFCFACE((#9498));
#9500=IFCPOLYLOOP((#9480,#9363,#9359));
#9501=IFCFACEOUTERBOUND(#9500,.T.);
#9502=IFCFACE((#9501));
#9503=IFCPOLYLOOP((#9359,#9352,#9496));
#9504=IFCFACEOUTERBOUND(#9503,.T.);
#9505=IFCFACE((#9504));
#9506=IFCPOLYLOOP((#9496,#9352,#9488));
#9507=IFCFACEOUTERBOUND(#9506,.T.);
#9508=IFCFACE((#9507));
#9509=IFCCARTESIANPOINT((51.578710341453551,155.85000743865967,154.83900446891786));
#9510=IFCPOLYLOOP((#9509,#9484,#9347));
#9511=IFCFACEOUTERBOUND(#9510,.T.);
#9512=IFCFACE((#9511));
#9513=IFCCARTESIANPOINT((57.248049974441528,155.85000743865967,143.06649448871613));
#9514=IFCPOLYLOOP((#9509,#9343,#9513));
#9515=IFCFACEOUTERBOUND(#9514,.T.);
#9516=IFCFACE((#9515));
#9517=IFCPOLYLOOP((#9343,#9509,#9347));
#9518=IFCFACEOUTERBOUND(#9517,.T.);
#9519=IFCFACE((#9518));
#9520=IFCPOLYLOOP((#9351,#9484,#9488));
#9521=IFCFACEOUTERBOUND(#9520,.T.);
#9522=IFCFACE((#9521));
#9523=IFCCARTESIANPOINT((57.248049974441528,155.85000743865967,129.99999554157259));
#9524=IFCPOLYLOOP((#9339,#9492,#9523,#9513));
#9525=IFCFACEOUTERBOUND(#9524,.T.);
#9526=IFCFACE((#9525));
#9527=IFCCARTESIANPOINT((45.90937070846558,155.85000743865967,93.388494801521304));
#9528=IFCPOLYLOOP((#9527,#9328,#9327));
#9529=IFCFACEOUTERBOUND(#9528,.T.);
#9530=IFCFACE((#9529));
#9531=IFCCARTESIANPOINT((12.738890174031258,155.85000743865967,74.187277650833138));
#9532=IFCPOLYLOOP((#9315,#9531,#9319));
#9533=IFCFACEOUTERBOUND(#9532,.T.);
#9534=IFCFACE((#9533));
#9535=IFCPOLYLOOP((#9531,#9315,#9411));
#9536=IFCFACEOUTERBOUND(#9535,.T.);
#9537=IFCFACE((#9536));
#9538=IFCCARTESIANPOINT((51.578710341453551,155.85000743865967,105.16100478172302));
#9539=IFCPOLYLOOP((#9328,#9527,#9538));
#9540=IFCFACEOUTERBOUND(#9539,.T.);
#9541=IFCFACE((#9540));
#9542=IFCPOLYLOOP((#9538,#9335,#9328));
#9543=IFCFACEOUTERBOUND(#9542,.T.);
#9544=IFCFACE((#9543));
#9545=IFCPOLYLOOP((#9513,#9343,#9339));
#9546=IFCFACEOUTERBOUND(#9545,.T.);
#9547=IFCFACE((#9546));
#9548=IFCPOLYLOOP((#9335,#9538,#9492));
#9549=IFCFACEOUTERBOUND(#9548,.T.);
#9550=IFCFACE((#9549));
#9551=IFCCARTESIANPOINT((35.693576663732529,155.85000743865967,85.241671943664556));
#9552=IFCPOLYLOOP((#9323,#9551,#9327));
#9553=IFCFACEOUTERBOUND(#9552,.T.);
#9554=IFCFACE((#9553));
#9555=IFCCARTESIANPOINT((25.477780348062517,155.85000743865967,77.094849085807809));
#9556=IFCPOLYLOOP((#9531,#9555,#9319));
#9557=IFCFACEOUTERBOUND(#9556,.T.);
#9558=IFCFACE((#9557));
#9559=IFCPOLYLOOP((#9551,#9527,#9327));
#9560=IFCFACEOUTERBOUND(#9559,.T.);
#9561=IFCFACE((#9560));
#9562=IFCPOLYLOOP((#9555,#9323,#9319));
#9563=IFCFACEOUTERBOUND(#9562,.T.);
#9564=IFCFACE((#9563));
#9565=IFCPOLYLOOP((#9551,#9323,#9555));
#9566=IFCFACEOUTERBOUND(#9565,.T.);
#9567=IFCFACE((#9566));
#9568=IFCCARTESIANPOINT((-50.853264069557191,162.20000138282776,100.63985087871552));
#9569=IFCPOLYLOOP((#9568,#9403,#9398));
#9570=IFCFACEOUTERBOUND(#9569,.T.);
#9571=IFCFACE((#9570));
#9572=IFCCARTESIANPOINT((-29.360144662857056,162.20000138282776,79.146740555763245));
#9573=IFCCARTESIANPOINT((-41.521516263484955,162.20000138282776,88.478483819961554));
#9574=IFCPOLYLOOP((#9572,#9420,#9573));
#9575=IFCFACEOUTERBOUND(#9574,.T.);
#9576=IFCFACE((#9575));
#9577=IFCCARTESIANPOINT((-15.197929984331132,162.20000138282776,73.280556106567388));
#9578=IFCPOLYLOOP((#9572,#9577,#9407));
#9579=IFCFACEOUTERBOUND(#9578,.T.);
#9580=IFCFACE((#9579));
#9581=IFCCARTESIANPOINT((-56.71944397687912,162.20000138282776,114.80206782817841));
#9582=IFCPOLYLOOP((#9399,#9581,#9398));
#9583=IFCFACEOUTERBOUND(#9582,.T.);
#9584=IFCFACE((#9583));
#9585=IFCCARTESIANPOINT((0.,162.20000138282776,71.279710757732389));
#9586=IFCPOLYLOOP((#9585,#9390,#9577));
#9587=IFCFACEOUTERBOUND(#9586,.T.);
#9588=IFCFACE((#9587));
#9589=IFCCARTESIANPOINT((-58.720289325714113,162.20000138282776,129.99999554157259));
#9590=IFCPOLYLOOP((#9447,#9394,#9589,#9399));
#9591=IFCFACEOUTERBOUND(#9590,.T.);
#9592=IFCFACE((#9591));
#9593=IFCPOLYLOOP((#9568,#9573,#9403));
#9594=IFCFACEOUTERBOUND(#9593,.T.);
#9595=IFCFACE((#9594));
#9596=IFCPOLYLOOP((#9398,#9581,#9568));
#9597=IFCFACEOUTERBOUND(#9596,.T.);
#9598=IFCFACE((#9597));
#9599=IFCCARTESIANPOINT((-50.853264069557191,162.20000138282776,159.3601492881775));
#9600=IFCPOLYLOOP((#9461,#9416,#9599));
#9601=IFCFACEOUTERBOUND(#9600,.T.);
#9602=IFCFACE((#9601));
#9603=IFCPOLYLOOP((#9390,#9585,#9411));
#9604=IFCFACEOUTERBOUND(#9603,.T.);
#9605=IFCFACE((#9604));
#9606=IFCCARTESIANPOINT((-41.521516263484955,162.20000138282776,171.52150726318359));
#9607=IFCPOLYLOOP((#9606,#9416,#9415));
#9608=IFCFACEOUTERBOUND(#9607,.T.);
#9609=IFCFACE((#9608));
#9610=IFCPOLYLOOP((#9399,#9589,#9581));
#9611=IFCFACEOUTERBOUND(#9610,.T.);
#9612=IFCFACE((#9611));
#9613=IFCCARTESIANPOINT((-56.71944397687912,162.20000138282776,145.19793233871459));
#9614=IFCPOLYLOOP((#9589,#9394,#9613));
#9615=IFCFACEOUTERBOUND(#9614,.T.);
#9616=IFCFACE((#9615));
#9617=IFCCARTESIANPOINT((-29.360144662857056,162.20000138282776,180.85325961112977));
#9618=IFCPOLYLOOP((#9436,#9617,#9415));
#9619=IFCFACEOUTERBOUND(#9618,.T.);
#9620=IFCFACE((#9619));
#9621=IFCPOLYLOOP((#9613,#9461,#9599));
#9622=IFCFACEOUTERBOUND(#9621,.T.);
#9623=IFCFACE((#9622));
#9624=IFCCARTESIANPOINT((-15.197929984331132,162.20000138282776,186.7194531440735));
#9625=IFCPOLYLOOP((#9436,#9624,#9617));
#9626=IFCFACEOUTERBOUND(#9625,.T.);
#9627=IFCFACE((#9626));
#9628=IFCPOLYLOOP((#9390,#9407,#9577));
#9629=IFCFACEOUTERBOUND(#9628,.T.);
#9630=IFCFACE((#9629));
#9631=IFCPOLYLOOP((#9624,#9436,#9443));
#9632=IFCFACEOUTERBOUND(#9631,.T.);
#9633=IFCFACE((#9632));
#9634=IFCPOLYLOOP((#9599,#9416,#9606));
#9635=IFCFACEOUTERBOUND(#9634,.T.);
#9636=IFCFACE((#9635));
#9637=IFCPOLYLOOP((#9461,#9613,#9394));
#9638=IFCFACEOUTERBOUND(#9637,.T.);
#9639=IFCFACE((#9638));
#9640=IFCCARTESIANPOINT((0.,162.20000138282776,188.72029395103456));
#9641=IFCPOLYLOOP((#9457,#9640,#9443));
#9642=IFCFACEOUTERBOUND(#9641,.T.);
#9643=IFCFACE((#9642));
#9644=IFCPOLYLOOP((#9415,#9617,#9606));
#9645=IFCFACEOUTERBOUND(#9644,.T.);
#9646=IFCFACE((#9645));
#9647=IFCPOLYLOOP((#9640,#9624,#9443));
#9648=IFCFACEOUTERBOUND(#9647,.T.);
#9649=IFCFACE((#9648));
#9650=IFCPOLYLOOP((#9420,#9572,#9407));
#9651=IFCFACEOUTERBOUND(#9650,.T.);
#9652=IFCFACE((#9651));
#9653=IFCPOLYLOOP((#9420,#9403,#9573));
#9654=IFCFACEOUTERBOUND(#9653,.T.);
#9655=IFCFACE((#9654));
#9656=IFCCARTESIANPOINT((50.853264069557191,162.20000138282776,159.3601492881775));
#9657=IFCPOLYLOOP((#9656,#9484,#9509));
#9658=IFCFACEOUTERBOUND(#9657,.T.);
#9659=IFCFACE((#9658));
#9660=IFCCARTESIANPOINT((29.360144662857056,162.20000138282776,180.85325961112977));
#9661=IFCCARTESIANPOINT((41.521516263484955,162.20000138282776,171.52150726318359));
#9662=IFCPOLYLOOP((#9660,#9488,#9661));
#9663=IFCFACEOUTERBOUND(#9662,.T.);
#9664=IFCFACE((#9663));
#9665=IFCCARTESIANPOINT((15.197929984331132,162.20000138282776,186.7194531440735));
#9666=IFCPOLYLOOP((#9660,#9665,#9496));
#9667=IFCFACEOUTERBOUND(#9666,.T.);
#9668=IFCFACE((#9667));
#9669=IFCCARTESIANPOINT((56.71944397687912,162.20000138282776,145.19793233871459));
#9670=IFCPOLYLOOP((#9513,#9669,#9509));
#9671=IFCFACEOUTERBOUND(#9670,.T.);
#9672=IFCFACE((#9671));
#9673=IFCPOLYLOOP((#9640,#9480,#9665));
#9674=IFCFACEOUTERBOUND(#9673,.T.);
#9675=IFCFACE((#9674));
#9676=IFCPOLYLOOP((#9656,#9661,#9484));
#9677=IFCFACEOUTERBOUND(#9676,.T.);
#9678=IFCFACE((#9677));
#9679=IFCPOLYLOOP((#9509,#9669,#9656));
#9680=IFCFACEOUTERBOUND(#9679,.T.);
#9681=IFCFACE((#9680));
#9682=IFCPOLYLOOP((#9480,#9640,#9457));
#9683=IFCFACEOUTERBOUND(#9682,.T.);
#9684=IFCFACE((#9683));
#9685=IFCCARTESIANPOINT((41.521516263484955,162.20000138282776,88.478483819961554));
#9686=IFCPOLYLOOP((#9685,#9527,#9551));
#9687=IFCFACEOUTERBOUND(#9686,.T.);
#9688=IFCFACE((#9687));
#9689=IFCCARTESIANPOINT((50.853264069557191,162.20000138282776,100.63985087871552));
#9690=IFCPOLYLOOP((#9538,#9527,#9689));
#9691=IFCFACEOUTERBOUND(#9690,.T.);
#9692=IFCFACE((#9691));
#9693=IFCCARTESIANPOINT((58.720289325714113,162.20000138282776,129.99999554157259));
#9694=IFCPOLYLOOP((#9693,#9513,#9523,#9492));
#9695=IFCFACEOUTERBOUND(#9694,.T.);
#9696=IFCFACE((#9695));
#9697=IFCCARTESIANPOINT((56.71944397687912,162.20000138282776,114.80206782817841));
#9698=IFCPOLYLOOP((#9693,#9492,#9697));
#9699=IFCFACEOUTERBOUND(#9698,.T.);
#9700=IFCFACE((#9699));
#9701=IFCCARTESIANPOINT((29.360144662857056,162.20000138282776,79.146740555763245));
#9702=IFCPOLYLOOP((#9555,#9701,#9551));
#9703=IFCFACEOUTERBOUND(#9702,.T.);
#9704=IFCFACE((#9703));
#9705=IFCPOLYLOOP((#9697,#9538,#9689));
#9706=IFCFACEOUTERBOUND(#9705,.T.);
#9707=IFCFACE((#9706));
#9708=IFCCARTESIANPOINT((15.197929984331132,162.20000138282776,73.280556106567388));
#9709=IFCPOLYLOOP((#9555,#9708,#9701));
#9710=IFCFACEOUTERBOUND(#9709,.T.);
#9711=IFCFACE((#9710));
#9712=IFCPOLYLOOP((#9513,#9693,#9669));
#9713=IFCFACEOUTERBOUND(#9712,.T.);
#9714=IFCFACE((#9713));
#9715=IFCPOLYLOOP((#9708,#9555,#9531));
#9716=IFCFACEOUTERBOUND(#9715,.T.);
#9717=IFCFACE((#9716));
#9718=IFCPOLYLOOP((#9685,#9689,#9527));
#9719=IFCFACEOUTERBOUND(#9718,.T.);
#9720=IFCFACE((#9719));
#9721=IFCPOLYLOOP((#9480,#9496,#9665));
#9722=IFCFACEOUTERBOUND(#9721,.T.);
#9723=IFCFACE((#9722));
#9724=IFCPOLYLOOP((#9488,#9660,#9496));
#9725=IFCFACEOUTERBOUND(#9724,.T.);
#9726=IFCFACE((#9725));
#9727=IFCPOLYLOOP((#9585,#9531,#9411));
#9728=IFCFACEOUTERBOUND(#9727,.T.);
#9729=IFCFACE((#9728));
#9730=IFCPOLYLOOP((#9531,#9585,#9708));
#9731=IFCFACEOUTERBOUND(#9730,.T.);
#9732=IFCFACE((#9731));
#9733=IFCPOLYLOOP((#9488,#9484,#9661));
#9734=IFCFACEOUTERBOUND(#9733,.T.);
#9735=IFCFACE((#9734));
#9736=IFCPOLYLOOP((#9701,#9685,#9551));
#9737=IFCFACEOUTERBOUND(#9736,.T.);
#9738=IFCFACE((#9737));
#9739=IFCPOLYLOOP((#9538,#9697,#9492));
#9740=IFCFACEOUTERBOUND(#9739,.T.);
#9741=IFCFACE((#9740));
#9742=IFCCARTESIANPOINT((-85.50000000000324,162.19999999998942,130.));
#9743=IFCCARTESIANPOINT((-82.586658147718495,162.1999999999891,152.12902835626619));
#9744=IFCCARTESIANPOINT((-74.045172023572633,162.19999999998885,172.75000000000063));
#9745=IFCCARTESIANPOINT((-60.457629791452916,162.19999999998856,190.45762979145036));
#9746=IFCCARTESIANPOINT((-42.750000000003091,162.19999999998839,204.04517202357002));
#9747=IFCCARTESIANPOINT((-22.129028356268627,162.19999999998828,212.58665814771581));
#9748=IFCCARTESIANPOINT((-0.,162.19999999998822,215.50000000000045));
#9749=IFCCARTESIANPOINT((22.129028356262399,162.19999999998828,212.58665814771575));
#9750=IFCCARTESIANPOINT((42.749999999996845,162.19999999998839,204.04517202356988));
#9751=IFCCARTESIANPOINT((60.457629791446628,162.19999999998856,190.45762979145019));
#9752=IFCCARTESIANPOINT((74.045172023566295,162.19999999998885,172.7500000000004));
#9753=IFCCARTESIANPOINT((82.586658147712114,162.1999999999891,152.12902835626593));
#9754=IFCCARTESIANPOINT((85.499999999996774,162.19999999998942,130.));
#9755=IFCCARTESIANPOINT((82.586658147711958,162.19999999998973,107.87097164373438));
#9756=IFCCARTESIANPOINT((74.045172023566025,162.19999999998998,87.249999999999972));
#9757=IFCCARTESIANPOINT((60.457629791446244,162.19999999999027,69.542370208550267));
#9758=IFCCARTESIANPOINT((42.749999999996383,162.19999999999044,55.954827976430686));
#9759=IFCCARTESIANPOINT((22.129028356261891,162.19999999999058,47.413341852284965));
#9760=IFCCARTESIANPOINT((-0.,162.19999999999061,44.500000000000426));
#9761=IFCCARTESIANPOINT((-22.129028356269117,162.19999999999058,47.413341852285164));
#9762=IFCCARTESIANPOINT((-42.750000000003531,162.19999999999044,55.954827976431083));
#9763=IFCCARTESIANPOINT((-60.457629791453272,162.19999999999027,69.542370208550835));
#9764=IFCCARTESIANPOINT((-74.045172023572903,162.19999999998998,87.250000000000682));
#9765=IFCCARTESIANPOINT((-82.586658147718623,162.19999999998973,107.87097164373517));
#9766=IFCPOLYLOOP((#9742,#9743,#9744,#9745,#9746,#9747,#9748,#9749,#9750,#9751,#9752,#9753,#9754,#9755,#9756,#9757,#9758,#9759,#9760,#9761,#9762,#9763,#9764,#9765));
#9767=IFCFACEOUTERBOUND(#9766,.T.);
#9768=IFCPOLYLOOP((#9585,#9708,#9701,#9685,#9689,#9697,#9693,#9669,#9656,#9661,#9660,#9665,#9640,#9624,#9617,#9606,#9599,#9613,#9589,#9581,#9568,#9573,#9572,#9577));
#9769=IFCFACEBOUND(#9768,.T.);
#9770=IFCFACE((#9767,#9769));
#9771=IFCCARTESIANPOINT((-82.03658051490784,224.26400012969972,105.91163120269776));
#9772=IFCCARTESIANPOINT((-85.499995565414437,224.26400012969972,129.99999554157259));
#9773=IFCPOLYLOOP((#9771,#9765,#9772));
#9774=IFCFACEOUTERBOUND(#9773,.T.);
#9775=IFCFACE((#9774));
#9776=IFCCARTESIANPOINT((-71.926914167404178,224.26400012969972,83.774801087379458));
#9777=IFCPOLYLOOP((#9776,#9764,#9771));
#9778=IFCFACEOUTERBOUND(#9777,.T.);
#9779=IFCFACE((#9778));
#9780=IFCCARTESIANPOINT((-35.517099881172179,224.26400012969972,52.226059091091159));
#9781=IFCCARTESIANPOINT((-12.166716250777245,224.26400012969972,45.37009584903717));
#9782=IFCPOLYLOOP((#9780,#9781,#9761));
#9783=IFCFACEOUTERBOUND(#9782,.T.);
#9784=IFCFACE((#9783));
#9785=IFCCARTESIANPOINT((-55.990041732788086,224.26400012969972,65.382932245731354));
#9786=IFCPOLYLOOP((#9776,#9785,#9763));
#9787=IFCFACEOUTERBOUND(#9786,.T.);
#9788=IFCFACE((#9787));
#9789=IFCPOLYLOOP((#9785,#9780,#9762));
#9790=IFCFACEOUTERBOUND(#9789,.T.);
#9791=IFCFACE((#9790));
#9792=IFCPOLYLOOP((#9771,#9764,#9765));
#9793=IFCFACEOUTERBOUND(#9792,.T.);
#9794=IFCFACE((#9793));
#9795=IFCPOLYLOOP((#9765,#9742,#9772));
#9796=IFCFACEOUTERBOUND(#9795,.T.);
#9797=IFCFACE((#9796));
#9798=IFCPOLYLOOP((#9763,#9764,#9776));
#9799=IFCFACEOUTERBOUND(#9798,.T.);
#9800=IFCFACE((#9799));
#9801=IFCPOLYLOOP((#9761,#9762,#9780));
#9802=IFCFACEOUTERBOUND(#9801,.T.);
#9803=IFCFACE((#9802));
#9804=IFCPOLYLOOP((#9763,#9785,#9762));
#9805=IFCFACEOUTERBOUND(#9804,.T.);
#9806=IFCFACE((#9805));
#9807=IFCPOLYLOOP((#9781,#9760,#9761));
#9808=IFCFACEOUTERBOUND(#9807,.T.);
#9809=IFCFACE((#9808));
#9810=IFCCARTESIANPOINT((12.169361892342568,224.26400012969972,45.370472824573518));
#9811=IFCCARTESIANPOINT((35.519529783725737,224.26400012969972,52.227171850204471));
#9812=IFCPOLYLOOP((#9759,#9810,#9811));
#9813=IFCFACEOUTERBOUND(#9812,.T.);
#9814=IFCFACE((#9813));
#9815=IFCCARTESIANPOINT((55.992062866687775,224.26400012969972,65.384685409069064));
#9816=IFCPOLYLOOP((#9815,#9758,#9811));
#9817=IFCFACEOUTERBOUND(#9816,.T.);
#9818=IFCFACE((#9817));
#9819=IFCCARTESIANPOINT((71.928358483314511,224.26400012969972,83.777053856849676));
#9820=IFCCARTESIANPOINT((82.037334465980535,224.26400012969972,105.9142019033432));
#9821=IFCPOLYLOOP((#9756,#9819,#9820));
#9822=IFCFACEOUTERBOUND(#9821,.T.);
#9823=IFCFACE((#9822));
#9824=IFCPOLYLOOP((#9815,#9819,#9757));
#9825=IFCFACEOUTERBOUND(#9824,.T.);
#9826=IFCFACE((#9825));
#9827=IFCCARTESIANPOINT((85.499995565414437,224.26400012969972,129.99999554157259));
#9828=IFCPOLYLOOP((#9755,#9820,#9827));
#9829=IFCFACEOUTERBOUND(#9828,.T.);
#9830=IFCFACE((#9829));
#9831=IFCPOLYLOOP((#9810,#9759,#9760));
#9832=IFCFACEOUTERBOUND(#9831,.T.);
#9833=IFCFACE((#9832));
#9834=IFCPOLYLOOP((#9811,#9758,#9759));
#9835=IFCFACEOUTERBOUND(#9834,.T.);
#9836=IFCFACE((#9835));
#9837=IFCPOLYLOOP((#9815,#9757,#9758));
#9838=IFCFACEOUTERBOUND(#9837,.T.);
#9839=IFCFACE((#9838));
#9840=IFCPOLYLOOP((#9819,#9756,#9757));
#9841=IFCFACEOUTERBOUND(#9840,.T.);
#9842=IFCFACE((#9841));
#9843=IFCPOLYLOOP((#9755,#9756,#9820));
#9844=IFCFACEOUTERBOUND(#9843,.T.);
#9845=IFCFACE((#9844));
#9846=IFCPOLYLOOP((#9827,#9754,#9755));
#9847=IFCFACEOUTERBOUND(#9846,.T.);
#9848=IFCFACE((#9847));
#9849=IFCPOLYLOOP((#9810,#9760,#9781));
#9850=IFCFACEOUTERBOUND(#9849,.T.);
#9851=IFCFACE((#9850));
#9852=IFCCARTESIANPOINT((82.037334465980535,224.26400012969972,154.0857982635498));
#9853=IFCPOLYLOOP((#9852,#9753,#9827));
#9854=IFCFACEOUTERBOUND(#9853,.T.);
#9855=IFCFACE((#9854));
#9856=IFCCARTESIANPOINT((71.928358483314511,224.26400012969972,176.22294631004334));
#9857=IFCPOLYLOOP((#9856,#9752,#9852));
#9858=IFCFACEOUTERBOUND(#9857,.T.);
#9859=IFCFACE((#9858));
#9860=IFCCARTESIANPOINT((55.992062866687775,224.26400012969972,194.61531929969789));
#9861=IFCCARTESIANPOINT((35.519529783725737,224.26400012969972,207.7728374004364));
#9862=IFCPOLYLOOP((#9750,#9860,#9861));
#9863=IFCFACEOUTERBOUND(#9862,.T.);
#9864=IFCFACE((#9863));
#9865=IFCPOLYLOOP((#9856,#9860,#9751));
#9866=IFCFACEOUTERBOUND(#9865,.T.);
#9867=IFCFACE((#9866));
#9868=IFCCARTESIANPOINT((12.169361892342568,224.26400012969972,214.62952280044556));
#9869=IFCPOLYLOOP((#9749,#9861,#9868));
#9870=IFCFACEOUTERBOUND(#9869,.T.);
#9871=IFCFACE((#9870));
#9872=IFCPOLYLOOP((#9852,#9752,#9753));
#9873=IFCFACEOUTERBOUND(#9872,.T.);
#9874=IFCFACE((#9873));
#9875=IFCPOLYLOOP((#9753,#9754,#9827));
#9876=IFCFACEOUTERBOUND(#9875,.T.);
#9877=IFCFACE((#9876));
#9878=IFCPOLYLOOP((#9860,#9750,#9751));
#9879=IFCFACEOUTERBOUND(#9878,.T.);
#9880=IFCFACE((#9879));
#9881=IFCPOLYLOOP((#9751,#9752,#9856));
#9882=IFCFACEOUTERBOUND(#9881,.T.);
#9883=IFCFACE((#9882));
#9884=IFCPOLYLOOP((#9861,#9749,#9750));
#9885=IFCFACEOUTERBOUND(#9884,.T.);
#9886=IFCFACE((#9885));
#9887=IFCPOLYLOOP((#9868,#9748,#9749));
#9888=IFCFACEOUTERBOUND(#9887,.T.);
#9889=IFCFACE((#9888));
#9890=IFCCARTESIANPOINT((-12.166716250777245,224.26400012969972,214.62990431785585));
#9891=IFCCARTESIANPOINT((-35.517099881172179,224.26400012969972,207.77394561767579));
#9892=IFCPOLYLOOP((#9747,#9890,#9891));
#9893=IFCFACEOUTERBOUND(#9892,.T.);
#9894=IFCFACE((#9893));
#9895=IFCCARTESIANPOINT((-55.990041732788086,224.26400012969972,194.61706337928771));
#9896=IFCPOLYLOOP((#9895,#9746,#9891));
#9897=IFCFACEOUTERBOUND(#9896,.T.);
#9898=IFCFACE((#9897));
#9899=IFCCARTESIANPOINT((-71.926914167404178,224.26400012969972,176.22519907951354));
#9900=IFCCARTESIANPOINT((-82.03658051490784,224.26400012969972,154.0883598804474));
#9901=IFCPOLYLOOP((#9744,#9899,#9900));
#9902=IFCFACEOUTERBOUND(#9901,.T.);
#9903=IFCFACE((#9902));
#9904=IFCPOLYLOOP((#9895,#9899,#9745));
#9905=IFCFACEOUTERBOUND(#9904,.T.);
#9906=IFCFACE((#9905));
#9907=IFCPOLYLOOP((#9743,#9900,#9772));
#9908=IFCFACEOUTERBOUND(#9907,.T.);
#9909=IFCFACE((#9908));
#9910=IFCPOLYLOOP((#9890,#9747,#9748));
#9911=IFCFACEOUTERBOUND(#9910,.T.);
#9912=IFCFACE((#9911));
#9913=IFCPOLYLOOP((#9891,#9746,#9747));
#9914=IFCFACEOUTERBOUND(#9913,.T.);
#9915=IFCFACE((#9914));
#9916=IFCPOLYLOOP((#9895,#9745,#9746));
#9917=IFCFACEOUTERBOUND(#9916,.T.);
#9918=IFCFACE((#9917));
#9919=IFCPOLYLOOP((#9899,#9744,#9745));
#9920=IFCFACEOUTERBOUND(#9919,.T.);
#9921=IFCFACE((#9920));
#9922=IFCPOLYLOOP((#9743,#9744,#9900));
#9923=IFCFACEOUTERBOUND(#9922,.T.);
#9924=IFCFACE((#9923));
#9925=IFCPOLYLOOP((#9772,#9742,#9743));
#9926=IFCFACEOUTERBOUND(#9925,.T.);
#9927=IFCFACE((#9926));
#9928=IFCPOLYLOOP((#9890,#9748,#9868));
#9929=IFCFACEOUTERBOUND(#9928,.T.);
#9930=IFCFACE((#9929));
#9931=IFCCARTESIANPOINT((72.799998593330386,243.31400012969971,129.99999554157259));
#9932=IFCCARTESIANPOINT((69.851518499851224,243.31400012969971,150.50866377353668));
#9933=IFCPOLYLOOP((#9852,#9931,#9932));
#9934=IFCFACEOUTERBOUND(#9933,.T.);
#9935=IFCFACE((#9934));
#9936=IFCCARTESIANPOINT((61.243999743461615,243.31400012969971,169.35750417709352));
#9937=IFCPOLYLOOP((#9936,#9856,#9932));
#9938=IFCFACEOUTERBOUND(#9937,.T.);
#9939=IFCFACE((#9938));
#9940=IFCCARTESIANPOINT((47.674783480167392,243.31400012969971,185.01777648925781));
#9941=IFCCARTESIANPOINT((30.243182605504991,243.31400012969971,196.22076272964478));
#9942=IFCPOLYLOOP((#9861,#9940,#9941));
#9943=IFCFACEOUTERBOUND(#9942,.T.);
#9944=IFCFACE((#9943));
#9945=IFCPOLYLOOP((#9860,#9936,#9940));
#9946=IFCFACEOUTERBOUND(#9945,.T.);
#9947=IFCFACE((#9946));
#9948=IFCCARTESIANPOINT((10.361425825953484,243.31400012969971,202.05886931419374));
#9949=IFCPOLYLOOP((#9868,#9941,#9948));
#9950=IFCFACEOUTERBOUND(#9949,.T.);
#9951=IFCFACE((#9950));
#9952=IFCPOLYLOOP((#9852,#9827,#9931));
#9953=IFCFACEOUTERBOUND(#9952,.T.);
#9954=IFCFACE((#9953));
#9955=IFCPOLYLOOP((#9856,#9852,#9932));
#9956=IFCFACEOUTERBOUND(#9955,.T.);
#9957=IFCFACE((#9956));
#9958=IFCPOLYLOOP((#9940,#9861,#9860));
#9959=IFCFACEOUTERBOUND(#9958,.T.);
#9960=IFCFACE((#9959));
#9961=IFCPOLYLOOP((#9861,#9941,#9868));
#9962=IFCFACEOUTERBOUND(#9961,.T.);
#9963=IFCFACE((#9962));
#9964=IFCPOLYLOOP((#9856,#9936,#9860));
#9965=IFCFACEOUTERBOUND(#9964,.T.);
#9966=IFCFACE((#9965));
#9967=IFCPOLYLOOP((#9948,#9890,#9868));
#9968=IFCFACEOUTERBOUND(#9967,.T.);
#9969=IFCFACE((#9968));
#9970=IFCCARTESIANPOINT((-30.241658806800842,243.31400012969971,196.22147126197817));
#9971=IFCCARTESIANPOINT((-47.673516297340392,243.31400012969971,185.01886653900146));
#9972=IFCPOLYLOOP((#9970,#9971,#9895));
#9973=IFCFACEOUTERBOUND(#9972,.T.);
#9974=IFCFACE((#9973));
#9975=IFCCARTESIANPOINT((-10.35976577103138,243.31400012969971,202.05910549163818));
#9976=IFCPOLYLOOP((#9975,#9970,#9891));
#9977=IFCFACEOUTERBOUND(#9976,.T.);
#9978=IFCFACE((#9977));
#9979=IFCCARTESIANPOINT((-69.851046144962311,243.31400012969971,150.51028068065645));
#9980=IFCCARTESIANPOINT((-72.799998593330386,243.31400012969971,129.99999554157259));
#9981=IFCPOLYLOOP((#9979,#9980,#9772));
#9982=IFCFACEOUTERBOUND(#9981,.T.);
#9983=IFCFACE((#9982));
#9984=IFCCARTESIANPOINT((-61.243091368675238,243.31400012969971,169.35890307426453));
#9985=IFCPOLYLOOP((#9984,#9979,#9900));
#9986=IFCFACEOUTERBOUND(#9985,.T.);
#9987=IFCFACE((#9986));
#9988=IFCPOLYLOOP((#9971,#9984,#9899));
#9989=IFCFACEOUTERBOUND(#9988,.T.);
#9990=IFCFACE((#9989));
#9991=IFCPOLYLOOP((#9975,#9891,#9890));
#9992=IFCFACEOUTERBOUND(#9991,.T.);
#9993=IFCFACE((#9992));
#9994=IFCPOLYLOOP((#9970,#9895,#9891));
#9995=IFCFACEOUTERBOUND(#9994,.T.);
#9996=IFCFACE((#9995));
#9997=IFCPOLYLOOP((#9899,#9895,#9971));
#9998=IFCFACEOUTERBOUND(#9997,.T.);
#9999=IFCFACE((#9998));
#10000=IFCPOLYLOOP((#9984,#9900,#9899));
#10001=IFCFACEOUTERBOUND(#10000,.T.);
#10002=IFCFACE((#10001));
#10003=IFCPOLYLOOP((#9979,#9772,#9900));
#10004=IFCFACEOUTERBOUND(#10003,.T.);
#10005=IFCFACE((#10004));
#10006=IFCPOLYLOOP((#9975,#9890,#9948));
#10007=IFCFACEOUTERBOUND(#10006,.T.);
#10008=IFCFACE((#10007));
#10009=IFCCARTESIANPOINT((-69.851046144962311,243.31400012969971,109.48971948623658));
#10010=IFCPOLYLOOP((#9772,#9980,#10009));
#10011=IFCFACEOUTERBOUND(#10010,.T.);
#10012=IFCFACE((#10011));
#10013=IFCCARTESIANPOINT((-61.243091368675238,243.31400012969971,90.641088008880615));
#10014=IFCPOLYLOOP((#10013,#9771,#10009));
#10015=IFCFACEOUTERBOUND(#10014,.T.);
#10016=IFCFACE((#10015));
#10017=IFCCARTESIANPOINT((-47.673516297340392,243.31400012969971,74.981133627891538));
#10018=IFCCARTESIANPOINT((-30.241658806800842,243.31400012969971,63.77853798866272));
#10019=IFCPOLYLOOP((#9785,#10017,#10018));
#10020=IFCFACEOUTERBOUND(#10019,.T.);
#10021=IFCFACE((#10020));
#10022=IFCPOLYLOOP((#9776,#10013,#10017));
#10023=IFCFACEOUTERBOUND(#10022,.T.);
#10024=IFCFACE((#10023));
#10025=IFCCARTESIANPOINT((-10.35976577103138,243.31400012969971,57.94089013338089));
#10026=IFCPOLYLOOP((#9780,#10018,#10025));
#10027=IFCFACEOUTERBOUND(#10026,.T.);
#10028=IFCFACE((#10027));
#10029=IFCPOLYLOOP((#9771,#9772,#10009));
#10030=IFCFACEOUTERBOUND(#10029,.T.);
#10031=IFCFACE((#10030));
#10032=IFCPOLYLOOP((#9776,#9771,#10013));
#10033=IFCFACEOUTERBOUND(#10032,.T.);
#10034=IFCFACE((#10033));
#10035=IFCPOLYLOOP((#10018,#9780,#9785));
#10036=IFCFACEOUTERBOUND(#10035,.T.);
#10037=IFCFACE((#10036));
#10038=IFCPOLYLOOP((#9780,#10025,#9781));
#10039=IFCFACEOUTERBOUND(#10038,.T.);
#10040=IFCFACE((#10039));
#10041=IFCPOLYLOOP((#9776,#10017,#9785));
#10042=IFCFACEOUTERBOUND(#10041,.T.);
#10043=IFCFACE((#10042));
#10044=IFCCARTESIANPOINT((10.361425825953484,243.31400012969971,57.941130852699281));
#10045=IFCPOLYLOOP((#10025,#10044,#9781));
#10046=IFCFACEOUTERBOUND(#10045,.T.);
#10047=IFCFACE((#10046));
#10048=IFCCARTESIANPOINT((30.243182605504991,243.31400012969971,63.7792328953743));
#10049=IFCCARTESIANPOINT((47.674783480167392,243.31400012969971,74.982228219509125));
#10050=IFCPOLYLOOP((#10048,#10049,#9811));
#10051=IFCFACEOUTERBOUND(#10050,.T.);
#10052=IFCFACE((#10051));
#10053=IFCPOLYLOOP((#10044,#10048,#9810));
#10054=IFCFACEOUTERBOUND(#10053,.T.);
#10055=IFCFACE((#10054));
#10056=IFCCARTESIANPOINT((69.851518499851224,243.31400012969971,109.49133639335632));
#10057=IFCPOLYLOOP((#10056,#9931,#9820));
#10058=IFCFACEOUTERBOUND(#10057,.T.);
#10059=IFCFACE((#10058));
#10060=IFCCARTESIANPOINT((61.243999743461615,243.31400012969971,90.642505073547369));
#10061=IFCPOLYLOOP((#10060,#10056,#9819));
#10062=IFCFACEOUTERBOUND(#10061,.T.);
#10063=IFCFACE((#10062));
#10064=IFCPOLYLOOP((#10049,#10060,#9815));
#10065=IFCFACEOUTERBOUND(#10064,.T.);
#10066=IFCFACE((#10065));
#10067=IFCPOLYLOOP((#10048,#9811,#9810));
#10068=IFCFACEOUTERBOUND(#10067,.T.);
#10069=IFCFACE((#10068));
#10070=IFCPOLYLOOP((#10049,#9815,#9811));
#10071=IFCFACEOUTERBOUND(#10070,.T.);
#10072=IFCFACE((#10071));
#10073=IFCPOLYLOOP((#9819,#9815,#10060));
#10074=IFCFACEOUTERBOUND(#10073,.T.);
#10075=IFCFACE((#10074));
#10076=IFCPOLYLOOP((#10056,#9820,#9819));
#10077=IFCFACEOUTERBOUND(#10076,.T.);
#10078=IFCFACE((#10077));
#10079=IFCPOLYLOOP((#9931,#9827,#9820));
#10080=IFCFACEOUTERBOUND(#10079,.T.);
#10081=IFCFACE((#10080));
#10082=IFCPOLYLOOP((#10044,#9810,#9781));
#10083=IFCFACEOUTERBOUND(#10082,.T.);
#10084=IFCFACE((#10083));
#10085=IFCCARTESIANPOINT((-68.409473526477811,462.55000047683717,105.10051610469819));
#10086=IFCCARTESIANPOINT((-63.046319782733917,462.55000047683717,93.599428510665902));
#10087=IFCPOLYLOOP((#10013,#10085,#10086));
#10088=IFCFACEOUTERBOUND(#10087,.T.);
#10089=IFCFACE((#10088));
#10090=IFCCARTESIANPOINT((-55.767467200756073,462.55000047683717,83.204387140274051));
#10091=IFCPOLYLOOP((#10090,#10013,#10086));
#10092=IFCFACEOUTERBOUND(#10091,.T.);
#10093=IFCFACE((#10092));
#10094=IFCCARTESIANPOINT((-36.398850202560425,462.55000047683717,66.952685630321511));
#10095=IFCCARTESIANPOINT((-24.897610455751419,462.55000047683717,61.589845275878908));
#10096=IFCPOLYLOOP((#10094,#10095,#10018));
#10097=IFCFACEOUTERBOUND(#10096,.T.);
#10098=IFCFACE((#10097));
#10099=IFCCARTESIANPOINT((-46.794091415405276,462.55000047683717,74.231252074241638));
#10100=IFCPOLYLOOP((#10017,#10099,#10094));
#10101=IFCFACEOUTERBOUND(#10100,.T.);
#10102=IFCFACE((#10101));
#10103=IFCPOLYLOOP((#10017,#10090,#10099));
#10104=IFCFACEOUTERBOUND(#10103,.T.);
#10105=IFCFACE((#10104));
#10106=IFCCARTESIANPOINT((-12.639844393730163,462.55000047683717,58.305688905715947));
#10107=IFCPOLYLOOP((#10025,#10095,#10106));
#10108=IFCFACEOUTERBOUND(#10107,.T.);
#10109=IFCFACE((#10108));
#10110=IFCCARTESIANPOINT((-72.799998593330386,462.55000047683717,129.99999554157259));
#10111=IFCCARTESIANPOINT((-71.693965995311743,462.55000047683717,117.35819814205171));
#10112=IFCPOLYLOOP((#10110,#10111,#9980));
#10113=IFCFACEOUTERBOUND(#10112,.T.);
#10114=IFCFACE((#10113));
#10115=IFCPOLYLOOP((#10009,#9980,#10111));
#10116=IFCFACEOUTERBOUND(#10115,.T.);
#10117=IFCFACE((#10116));
#10118=IFCPOLYLOOP((#10085,#10009,#10111));
#10119=IFCFACEOUTERBOUND(#10118,.T.);
#10120=IFCFACE((#10119));
#10121=IFCPOLYLOOP((#10085,#10013,#10009));
#10122=IFCFACEOUTERBOUND(#10121,.T.);
#10123=IFCFACE((#10122));
#10124=IFCPOLYLOOP((#10090,#10017,#10013));
#10125=IFCFACEOUTERBOUND(#10124,.T.);
#10126=IFCFACE((#10125));
#10127=IFCPOLYLOOP((#10018,#10017,#10094));
#10128=IFCFACEOUTERBOUND(#10127,.T.);
#10129=IFCFACE((#10128));
#10130=IFCPOLYLOOP((#10095,#10025,#10018));
#10131=IFCFACEOUTERBOUND(#10130,.T.);
#10132=IFCFACE((#10131));
#10133=IFCCARTESIANPOINT((0.0019912797553843123,462.55000047683717,57.200001490116122));
#10134=IFCPOLYLOOP((#10106,#10133,#10025));
#10135=IFCFACEOUTERBOUND(#10134,.T.);
#10136=IFCFACE((#10135));
#10137=IFCCARTESIANPOINT((36.40229975581169,462.55000047683717,66.954679512977606));
#10138=IFCCARTESIANPOINT((46.797143554687501,462.55000047683717,74.233813691139218));
#10139=IFCPOLYLOOP((#10049,#10137,#10138));
#10140=IFCFACEOUTERBOUND(#10139,.T.);
#10141=IFCFACE((#10140));
#10142=IFCCARTESIANPOINT((24.901352959871293,462.55000047683717,61.591207838058473));
#10143=IFCPOLYLOOP((#10048,#10142,#10137));
#10144=IFCFACEOUTERBOUND(#10143,.T.);
#10145=IFCFACE((#10144));
#10146=IFCCARTESIANPOINT((55.770024275779726,462.55000047683717,83.207439279556283));
#10147=IFCPOLYLOOP((#10049,#10138,#10146));
#10148=IFCFACEOUTERBOUND(#10147,.T.);
#10149=IFCFACE((#10148));
#10150=IFCCARTESIANPOINT((68.410831546783456,462.55000047683717,105.10425860881806));
#10151=IFCCARTESIANPOINT((71.694656360149381,462.55000047683717,117.36211323738098));
#10152=IFCPOLYLOOP((#10150,#10151,#10056));
#10153=IFCFACEOUTERBOUND(#10152,.T.);
#10154=IFCFACE((#10153));
#10155=IFCCARTESIANPOINT((63.048309123516084,462.55000047683717,93.602871251106265));
#10156=IFCPOLYLOOP((#10060,#10155,#10150));
#10157=IFCFACEOUTERBOUND(#10156,.T.);
#10158=IFCFACE((#10157));
#10159=IFCPOLYLOOP((#10060,#10146,#10155));
#10160=IFCFACEOUTERBOUND(#10159,.T.);
#10161=IFCFACE((#10160));
#10162=IFCCARTESIANPOINT((72.799998593330386,462.55000047683717,129.99999554157259));
#10163=IFCPOLYLOOP((#9931,#10151,#10162));
#10164=IFCFACEOUTERBOUND(#10163,.T.);
#10165=IFCFACE((#10164));
#10166=IFCCARTESIANPOINT((12.643766301870347,462.55000047683717,58.306379270553592));
#10167=IFCPOLYLOOP((#10133,#10166,#10044));
#10168=IFCFACEOUTERBOUND(#10167,.T.);
#10169=IFCFACE((#10168));
#10170=IFCPOLYLOOP((#10044,#10166,#10142));
#10171=IFCFACEOUTERBOUND(#10170,.T.);
#10172=IFCFACE((#10171));
#10173=IFCPOLYLOOP((#10048,#10044,#10142));
#10174=IFCFACEOUTERBOUND(#10173,.T.);
#10175=IFCFACE((#10174));
#10176=IFCPOLYLOOP((#10133,#10044,#10025));
#10177=IFCFACEOUTERBOUND(#10176,.T.);
#10178=IFCFACE((#10177));
#10179=IFCPOLYLOOP((#10137,#10049,#10048));
#10180=IFCFACEOUTERBOUND(#10179,.T.);
#10181=IFCFACE((#10180));
#10182=IFCPOLYLOOP((#10146,#10060,#10049));
#10183=IFCFACEOUTERBOUND(#10182,.T.);
#10184=IFCFACE((#10183));
#10185=IFCPOLYLOOP((#10056,#10060,#10150));
#10186=IFCFACEOUTERBOUND(#10185,.T.);
#10187=IFCFACE((#10186));
#10188=IFCPOLYLOOP((#10151,#9931,#10056));
#10189=IFCFACEOUTERBOUND(#10188,.T.);
#10190=IFCFACE((#10189));
#10191=IFCCARTESIANPOINT((71.694656360149381,462.55000047683717,142.63788692951204));
#10192=IFCPOLYLOOP((#10162,#10191,#9931));
#10193=IFCFACEOUTERBOUND(#10192,.T.);
#10194=IFCFACE((#10193));
#10195=IFCCARTESIANPOINT((36.40229975581169,462.55000047683717,193.04532065391541));
#10196=IFCCARTESIANPOINT((24.901352959871293,462.55000047683717,198.40878324508668));
#10197=IFCPOLYLOOP((#10195,#10196,#9941));
#10198=IFCFACEOUTERBOUND(#10197,.T.);
#10199=IFCFACE((#10198));
#10200=IFCCARTESIANPOINT((46.797143554687501,462.55000047683717,185.76618647575378));
#10201=IFCPOLYLOOP((#9940,#10200,#10195));
#10202=IFCFACEOUTERBOUND(#10201,.T.);
#10203=IFCFACE((#10202));
#10204=IFCCARTESIANPOINT((55.770024275779726,462.55000047683717,176.79256997108459));
#10205=IFCPOLYLOOP((#10204,#10200,#9940));
#10206=IFCFACEOUTERBOUND(#10205,.T.);
#10207=IFCFACE((#10206));
#10208=IFCCARTESIANPOINT((12.643766301870347,462.55000047683717,201.69361181259157));
#10209=IFCPOLYLOOP((#10208,#9948,#10196));
#10210=IFCFACEOUTERBOUND(#10209,.T.);
#10211=IFCFACE((#10210));
#10212=IFCCARTESIANPOINT((68.410831546783456,462.55000047683717,154.89574155807495));
#10213=IFCPOLYLOOP((#9932,#10212,#9936));
#10214=IFCFACEOUTERBOUND(#10213,.T.);
#10215=IFCFACE((#10214));
#10216=IFCPOLYLOOP((#9931,#10191,#9932));
#10217=IFCFACEOUTERBOUND(#10216,.T.);
#10218=IFCFACE((#10217));
#10219=IFCCARTESIANPOINT((63.048309123516084,462.55000047683717,166.39712891578674));
#10220=IFCPOLYLOOP((#10212,#10219,#9936));
#10221=IFCFACEOUTERBOUND(#10220,.T.);
#10222=IFCFACE((#10221));
#10223=IFCPOLYLOOP((#9932,#10191,#10212));
#10224=IFCFACEOUTERBOUND(#10223,.T.);
#10225=IFCFACE((#10224));
#10226=IFCPOLYLOOP((#10219,#10204,#9936));
#10227=IFCFACEOUTERBOUND(#10226,.T.);
#10228=IFCFACE((#10227));
#10229=IFCPOLYLOOP((#10204,#9940,#9936));
#10230=IFCFACEOUTERBOUND(#10229,.T.);
#10231=IFCFACE((#10230));
#10232=IFCPOLYLOOP((#9941,#9940,#10195));
#10233=IFCFACEOUTERBOUND(#10232,.T.);
#10234=IFCFACE((#10233));
#10235=IFCPOLYLOOP((#10196,#9948,#9941));
#10236=IFCFACEOUTERBOUND(#10235,.T.);
#10237=IFCFACE((#10236));
#10238=IFCCARTESIANPOINT((0.0019912797553843123,462.55000047683717,202.79999413490296));
#10239=IFCPOLYLOOP((#10208,#10238,#9948));
#10240=IFCFACEOUTERBOUND(#10239,.T.);
#10241=IFCFACE((#10240));
#10242=IFCCARTESIANPOINT((-36.398850202560425,462.55000047683717,193.04731907844544));
#10243=IFCCARTESIANPOINT((-46.794091415405276,462.55000047683717,185.76874809265138));
#10244=IFCPOLYLOOP((#9971,#10242,#10243));
#10245=IFCFACEOUTERBOUND(#10244,.T.);
#10246=IFCFACE((#10245));
#10247=IFCCARTESIANPOINT((-24.897610455751419,462.55000047683717,198.41014580726625));
#10248=IFCPOLYLOOP((#9970,#10247,#10242));
#10249=IFCFACEOUTERBOUND(#10248,.T.);
#10250=IFCFACE((#10249));
#10251=IFCCARTESIANPOINT((-55.767467200756073,462.55000047683717,176.79562211036682));
#10252=IFCPOLYLOOP((#9971,#10243,#10251));
#10253=IFCFACEOUTERBOUND(#10252,.T.);
#10254=IFCFACE((#10253));
#10255=IFCCARTESIANPOINT((-68.409473526477811,462.55000047683717,154.89948406219483));
#10256=IFCCARTESIANPOINT((-71.693965995311743,462.55000047683717,142.64180202484133));
#10257=IFCPOLYLOOP((#10255,#10256,#9979));
#10258=IFCFACEOUTERBOUND(#10257,.T.);
#10259=IFCFACE((#10258));
#10260=IFCCARTESIANPOINT((-63.046319782733917,462.55000047683717,166.40058073997497));
#10261=IFCPOLYLOOP((#9984,#10260,#10255));
#10262=IFCFACEOUTERBOUND(#10261,.T.);
#10263=IFCFACE((#10262));
#10264=IFCPOLYLOOP((#9984,#10251,#10260));
#10265=IFCFACEOUTERBOUND(#10264,.T.);
#10266=IFCFACE((#10265));
#10267=IFCPOLYLOOP((#9980,#10256,#10110));
#10268=IFCFACEOUTERBOUND(#10267,.T.);
#10269=IFCFACE((#10268));
#10270=IFCCARTESIANPOINT((-12.639844393730163,462.55000047683717,201.69432034492493));
#10271=IFCPOLYLOOP((#10238,#10270,#9975));
#10272=IFCFACEOUTERBOUND(#10271,.T.);
#10273=IFCFACE((#10272));
#10274=IFCPOLYLOOP((#9975,#10270,#10247));
#10275=IFCFACEOUTERBOUND(#10274,.T.);
#10276=IFCFACE((#10275));
#10277=IFCPOLYLOOP((#9970,#9975,#10247));
#10278=IFCFACEOUTERBOUND(#10277,.T.);
#10279=IFCFACE((#10278));
#10280=IFCPOLYLOOP((#10238,#9975,#9948));
#10281=IFCFACEOUTERBOUND(#10280,.T.);
#10282=IFCFACE((#10281));
#10283=IFCPOLYLOOP((#10242,#9971,#9970));
#10284=IFCFACEOUTERBOUND(#10283,.T.);
#10285=IFCFACE((#10284));
#10286=IFCPOLYLOOP((#10251,#9984,#9971));
#10287=IFCFACEOUTERBOUND(#10286,.T.);
#10288=IFCFACE((#10287));
#10289=IFCPOLYLOOP((#9979,#9984,#10255));
#10290=IFCFACEOUTERBOUND(#10289,.T.);
#10291=IFCFACE((#10290));
#10292=IFCPOLYLOOP((#10256,#9980,#9979));
#10293=IFCFACEOUTERBOUND(#10292,.T.);
#10294=IFCFACE((#10293));
#10295=IFCCARTESIANPOINT((-79.149999999995117,494.29999999999063,130.));
#10296=IFCCARTESIANPOINT((-76.453029150774796,494.29999999999035,150.48552741993288));
#10297=IFCCARTESIANPOINT((-68.545910709533331,494.29999999999012,169.57500000006831));
#10298=IFCCARTESIANPOINT((-55.967501730910222,494.29999999998989,185.96750173098349));
#10299=IFCCARTESIANPOINT((-39.574999999994979,494.29999999998967,198.54591070960655));
#10300=IFCCARTESIANPOINT((-20.485527419859505,494.29999999998955,206.45302915084793));
#10301=IFCCARTESIANPOINT((0.,494.29999999998955,209.1500000000681));
#10302=IFCCARTESIANPOINT((20.485527419869513,494.29999999998955,206.45302915084787));
#10303=IFCCARTESIANPOINT((39.575000000004962,494.29999999998967,198.54591070960643));
#10304=IFCCARTESIANPOINT((55.967501730920176,494.29999999998989,185.96750173098332));
#10305=IFCCARTESIANPOINT((68.545910709543236,494.29999999999012,169.57500000006812));
#10306=IFCCARTESIANPOINT((76.453029150784658,494.29999999999035,150.48552741993262));
#10307=IFCCARTESIANPOINT((79.150000000004894,494.29999999999063,130.));
#10308=IFCCARTESIANPOINT((76.453029150784531,494.29999999999092,109.51447258020312));
#10309=IFCCARTESIANPOINT((68.54591070954298,494.2999999999912,90.425000000067712));
#10310=IFCCARTESIANPOINT((55.967501730919821,494.29999999999137,74.032498269152569));
#10311=IFCCARTESIANPOINT((39.575000000004529,494.2999999999916,61.454089290529588));
#10312=IFCCARTESIANPOINT((20.48552741986903,494.29999999999171,53.546970849288265));
#10313=IFCCARTESIANPOINT((0.,494.29999999999171,50.850000000068114));
#10314=IFCCARTESIANPOINT((-20.48552741985996,494.29999999999171,53.546970849288456));
#10315=IFCCARTESIANPOINT((-39.574999999995384,494.2999999999916,61.454089290529964));
#10316=IFCCARTESIANPOINT((-55.967501730910556,494.29999999999137,74.032498269153095));
#10317=IFCCARTESIANPOINT((-68.545910709533601,494.2999999999912,90.42500000006838));
#10318=IFCCARTESIANPOINT((-76.453029150774938,494.29999999999092,109.51447258020387));
#10319=IFCPOLYLOOP((#10295,#10296,#10297,#10298,#10299,#10300,#10301,#10302,#10303,#10304,#10305,#10306,#10307,#10308,#10309,#10310,#10311,#10312,#10313,#10314,#10315,#10316,#10317,#10318));
#10320=IFCFACEOUTERBOUND(#10319,.T.);
#10321=IFCCARTESIANPOINT((-31.03199999999508,494.29999999999063,130.));
#10322=IFCCARTESIANPOINT((-29.97461024139746,494.29999999999075,121.96832739244675));
#10323=IFCCARTESIANPOINT((-26.874500330233836,494.29999999999086,114.48400000006818));
#10324=IFCCARTESIANPOINT((-21.942937633776108,494.29999999999092,108.05706236628723));
#10325=IFCCARTESIANPOINT((-15.515999999995188,494.29999999999097,103.12549966982945));
#10326=IFCCARTESIANPOINT((-8.0316726076166329,494.29999999999103,100.02538975866575));
#10327=IFCCARTESIANPOINT((0.,494.29999999999103,98.968000000068088));
#10328=IFCCARTESIANPOINT((8.0316726076262004,494.29999999999103,100.0253897586657));
#10329=IFCCARTESIANPOINT((15.51600000000478,494.29999999999097,103.12549966982931));
#10330=IFCCARTESIANPOINT((21.94293763378575,494.29999999999092,108.05706236628703));
#10331=IFCCARTESIANPOINT((26.874500330243531,494.29999999999086,114.48400000006792));
#10332=IFCCARTESIANPOINT((29.974610241407241,494.29999999999075,121.96832739244648));
#10333=IFCCARTESIANPOINT((31.032000000004928,494.29999999999063,130.));
#10334=IFCCARTESIANPOINT((29.974610241407241,494.29999999999052,138.03167260768973));
#10335=IFCCARTESIANPOINT((26.874500330243514,494.2999999999904,145.51600000006826));
#10336=IFCCARTESIANPOINT((21.942937633785736,494.29999999999035,151.94293763384917));
#10337=IFCCARTESIANPOINT((15.516000000004764,494.29999999999029,156.87450033030689));
#10338=IFCCARTESIANPOINT((8.0316726076261755,494.29999999999023,159.97461024147049));
#10339=IFCCARTESIANPOINT((0.,494.29999999999023,161.03200000006808));
#10340=IFCCARTESIANPOINT((-8.0316726076166489,494.29999999999023,159.97461024147043));
#10341=IFCCARTESIANPOINT((-15.515999999995204,494.29999999999029,156.87450033030672));
#10342=IFCCARTESIANPOINT((-21.942937633776122,494.29999999999035,151.94293763384894));
#10343=IFCCARTESIANPOINT((-26.874500330233854,494.2999999999904,145.51600000006798));
#10344=IFCCARTESIANPOINT((-29.974610241397478,494.29999999999052,138.03167260768939));
#10345=IFCPOLYLOOP((#10321,#10322,#10323,#10324,#10325,#10326,#10327,#10328,#10329,#10330,#10331,#10332,#10333,#10334,#10335,#10336,#10337,#10338,#10339,#10340,#10341,#10342,#10343,#10344));
#10346=IFCFACEBOUND(#10345,.T.);
#10347=IFCFACE((#10320,#10346));
#10348=IFCCARTESIANPOINT((-78.070443606376656,468.900012588501,116.97202076911927));
#10349=IFCPOLYLOOP((#10318,#10348,#10295));
#10350=IFCFACEOUTERBOUND(#10349,.T.);
#10351=IFCFACE((#10350));
#10352=IFCCARTESIANPOINT((-74.86122815608978,468.900012588501,104.29942946434021));
#10353=IFCPOLYLOOP((#10352,#10318,#10317));
#10354=IFCFACEOUTERBOUND(#10353,.T.);
#10355=IFCFACE((#10354));
#10356=IFCCARTESIANPOINT((-62.459682261943819,468.900012588501,81.384049487113955));
#10357=IFCPOLYLOOP((#10317,#10316,#10356));
#10358=IFCFACEOUTERBOUND(#10357,.T.);
#10359=IFCFACE((#10358));
#10360=IFCCARTESIANPOINT((-31.79213874936104,468.900012588501,57.515639019012454));
#10361=IFCPOLYLOOP((#10360,#10315,#10314));
#10362=IFCFACEOUTERBOUND(#10361,.T.);
#10363=IFCFACE((#10362));
#10364=IFCCARTESIANPOINT((-6.5332818344235424,468.900012588501,51.120099163055421));
#10365=IFCCARTESIANPOINT((-19.427690881490708,468.900012588501,53.271339583396916));
#10366=IFCPOLYLOOP((#10364,#10365,#10314));
#10367=IFCFACEOUTERBOUND(#10366,.T.);
#10368=IFCFACE((#10367));
#10369=IFCPOLYLOOP((#10314,#10313,#10364));
#10370=IFCFACEOUTERBOUND(#10369,.T.);
#10371=IFCFACE((#10370));
#10372=IFCCARTESIANPOINT((-43.289336228370665,468.900012588501,63.737220561504365));
#10373=IFCPOLYLOOP((#10316,#10315,#10372));
#10374=IFCFACEOUTERBOUND(#10373,.T.);
#10375=IFCFACE((#10374));
#10376=IFCPOLYLOOP((#10365,#10360,#10314));
#10377=IFCFACEOUTERBOUND(#10376,.T.);
#10378=IFCFACE((#10377));
#10379=IFCCARTESIANPOINT((-69.609890806674954,468.900012588501,92.327921819686892));
#10380=IFCPOLYLOOP((#10379,#10352,#10317));
#10381=IFCFACEOUTERBOUND(#10380,.T.);
#10382=IFCFACE((#10381));
#10383=IFCPOLYLOOP((#10352,#10348,#10318));
#10384=IFCFACEOUTERBOUND(#10383,.T.);
#10385=IFCFACE((#10384));
#10386=IFCCARTESIANPOINT((-79.150001621246346,468.900012588501,129.99999554157259));
#10387=IFCPOLYLOOP((#10348,#10386,#10295));
#10388=IFCFACEOUTERBOUND(#10387,.T.);
#10389=IFCFACE((#10388));
#10390=IFCCARTESIANPOINT((-53.605657839775084,468.900012588501,71.766368007659921));
#10391=IFCPOLYLOOP((#10372,#10390,#10316));
#10392=IFCFACEOUTERBOUND(#10391,.T.);
#10393=IFCFACE((#10392));
#10394=IFCPOLYLOOP((#10356,#10316,#10390));
#10395=IFCFACEOUTERBOUND(#10394,.T.);
#10396=IFCFACE((#10395));
#10397=IFCPOLYLOOP((#10356,#10379,#10317));
#10398=IFCFACEOUTERBOUND(#10397,.T.);
#10399=IFCFACE((#10398));
#10400=IFCPOLYLOOP((#10372,#10315,#10360));
#10401=IFCFACEOUTERBOUND(#10400,.T.);
#10402=IFCFACE((#10401));
#10403=IFCCARTESIANPOINT((6.5393475070595741,468.900012588501,51.120603311061863));
#10404=IFCPOLYLOOP((#10312,#10403,#10313));
#10405=IFCFACEOUTERBOUND(#10404,.T.);
#10406=IFCFACE((#10405));
#10407=IFCCARTESIANPOINT((31.797713899612429,468.900012588501,57.518087089061737));
#10408=IFCPOLYLOOP((#10407,#10312,#10311));
#10409=IFCFACEOUTERBOUND(#10408,.T.);
#10410=IFCFACE((#10409));
#10411=IFCCARTESIANPOINT((43.294432210922245,468.900012588501,63.740549755096438));
#10412=IFCPOLYLOOP((#10311,#10310,#10411));
#10413=IFCFACEOUTERBOUND(#10412,.T.);
#10414=IFCFACE((#10413));
#10415=IFCCARTESIANPOINT((74.86320387125015,468.900012588501,104.30518856048585));
#10416=IFCPOLYLOOP((#10415,#10309,#10308));
#10417=IFCFACEOUTERBOUND(#10416,.T.);
#10418=IFCFACE((#10417));
#10419=IFCCARTESIANPOINT((78.071442818641671,468.900012588501,116.97802512645723));
#10420=IFCPOLYLOOP((#10308,#10307,#10419));
#10421=IFCFACEOUTERBOUND(#10420,.T.);
#10422=IFCFACE((#10421));
#10423=IFCCARTESIANPOINT((62.463424766063696,468.900012588501,81.388854789733884));
#10424=IFCPOLYLOOP((#10310,#10309,#10423));
#10425=IFCFACEOUTERBOUND(#10424,.T.);
#10426=IFCFACE((#10425));
#10427=IFCCARTESIANPOINT((79.150001621246346,468.900012588501,129.99999554157259));
#10428=IFCPOLYLOOP((#10307,#10427,#10419));
#10429=IFCFACEOUTERBOUND(#10428,.T.);
#10430=IFCFACE((#10429));
#10431=IFCPOLYLOOP((#10411,#10407,#10311));
#10432=IFCFACEOUTERBOUND(#10431,.T.);
#10433=IFCFACE((#10432));
#10434=IFCCARTESIANPOINT((19.433593046665191,468.900012588501,53.272833859920503));
#10435=IFCPOLYLOOP((#10407,#10434,#10312));
#10436=IFCFACEOUTERBOUND(#10435,.T.);
#10437=IFCFACE((#10436));
#10438=IFCPOLYLOOP((#10434,#10403,#10312));
#10439=IFCFACEOUTERBOUND(#10438,.T.);
#10440=IFCFACE((#10439));
#10441=IFCCARTESIANPOINT((69.612788522243505,468.900012588501,92.333272147178647));
#10442=IFCPOLYLOOP((#10415,#10441,#10309));
#10443=IFCFACEOUTERBOUND(#10442,.T.);
#10444=IFCFACE((#10443));
#10445=IFCCARTESIANPOINT((53.610136127471925,468.900012588501,71.770492029190066));
#10446=IFCPOLYLOOP((#10423,#10445,#10310));
#10447=IFCFACEOUTERBOUND(#10446,.T.);
#10448=IFCFACE((#10447));
#10449=IFCPOLYLOOP((#10309,#10441,#10423));
#10450=IFCFACEOUTERBOUND(#10449,.T.);
#10451=IFCFACE((#10450));
#10452=IFCPOLYLOOP((#10445,#10411,#10310));
#10453=IFCFACEOUTERBOUND(#10452,.T.);
#10454=IFCFACE((#10453));
#10455=IFCPOLYLOOP((#10308,#10419,#10415));
#10456=IFCFACEOUTERBOUND(#10455,.T.);
#10457=IFCFACE((#10456));
#10458=IFCPOLYLOOP((#10313,#10403,#10364));
#10459=IFCFACEOUTERBOUND(#10458,.T.);
#10460=IFCFACE((#10459));
#10461=IFCCARTESIANPOINT((78.071442818641671,468.900012588501,143.02197504043579));
#10462=IFCPOLYLOOP((#10306,#10461,#10307));
#10463=IFCFACEOUTERBOUND(#10462,.T.);
#10464=IFCFACE((#10463));
#10465=IFCCARTESIANPOINT((74.86320387125015,468.900012588501,155.69482069015504));
#10466=IFCPOLYLOOP((#10465,#10306,#10305));
#10467=IFCFACEOUTERBOUND(#10466,.T.);
#10468=IFCFACE((#10467));
#10469=IFCCARTESIANPOINT((62.463424766063696,468.900012588501,178.61113629341125));
#10470=IFCPOLYLOOP((#10305,#10304,#10469));
#10471=IFCFACEOUTERBOUND(#10470,.T.);
#10472=IFCFACE((#10471));
#10473=IFCCARTESIANPOINT((31.797713899612429,468.900012588501,202.4819176197052));
#10474=IFCPOLYLOOP((#10473,#10303,#10302));
#10475=IFCFACEOUTERBOUND(#10474,.T.);
#10476=IFCFACE((#10475));
#10477=IFCCARTESIANPOINT((6.5393475070595741,468.900012588501,208.8794013977051));
#10478=IFCCARTESIANPOINT((19.433593046665191,468.900012588501,206.72717084884644));
#10479=IFCPOLYLOOP((#10477,#10478,#10302));
#10480=IFCFACEOUTERBOUND(#10479,.T.);
#10481=IFCFACE((#10480));
#10482=IFCPOLYLOOP((#10302,#10301,#10477));
#10483=IFCFACEOUTERBOUND(#10482,.T.);
#10484=IFCFACE((#10483));
#10485=IFCCARTESIANPOINT((43.294432210922245,468.900012588501,196.25944132804872));
#10486=IFCPOLYLOOP((#10304,#10303,#10485));
#10487=IFCFACEOUTERBOUND(#10486,.T.);
#10488=IFCFACE((#10487));
#10489=IFCPOLYLOOP((#10478,#10473,#10302));
#10490=IFCFACEOUTERBOUND(#10489,.T.);
#10491=IFCFACE((#10490));
#10492=IFCCARTESIANPOINT((69.612788522243505,468.900012588501,167.66672801971436));
#10493=IFCPOLYLOOP((#10492,#10465,#10305));
#10494=IFCFACEOUTERBOUND(#10493,.T.);
#10495=IFCFACE((#10494));
#10496=IFCPOLYLOOP((#10465,#10461,#10306));
#10497=IFCFACEOUTERBOUND(#10496,.T.);
#10498=IFCFACE((#10497));
#10499=IFCPOLYLOOP((#10461,#10427,#10307));
#10500=IFCFACEOUTERBOUND(#10499,.T.);
#10501=IFCFACE((#10500));
#10502=IFCCARTESIANPOINT((53.610136127471925,468.900012588501,188.22951722145081));
#10503=IFCPOLYLOOP((#10485,#10502,#10304));
#10504=IFCFACEOUTERBOUND(#10503,.T.);
#10505=IFCFACE((#10504));
#10506=IFCPOLYLOOP((#10469,#10304,#10502));
#10507=IFCFACEOUTERBOUND(#10506,.T.);
#10508=IFCFACE((#10507));
#10509=IFCPOLYLOOP((#10469,#10492,#10305));
#10510=IFCFACEOUTERBOUND(#10509,.T.);
#10511=IFCFACE((#10510));
#10512=IFCPOLYLOOP((#10485,#10303,#10473));
#10513=IFCFACEOUTERBOUND(#10512,.T.);
#10514=IFCFACE((#10513));
#10515=IFCCARTESIANPOINT((-6.5332818344235424,468.900012588501,208.87989192008973));
#10516=IFCPOLYLOOP((#10300,#10515,#10301));
#10517=IFCFACEOUTERBOUND(#10516,.T.);
#10518=IFCFACE((#10517));
#10519=IFCCARTESIANPOINT((-31.79213874936104,468.900012588501,202.48435206413271));
#10520=IFCPOLYLOOP((#10519,#10300,#10299));
#10521=IFCFACEOUTERBOUND(#10520,.T.);
#10522=IFCFACE((#10521));
#10523=IFCCARTESIANPOINT((-43.289336228370665,468.900012588501,196.26278414726258));
#10524=IFCPOLYLOOP((#10299,#10298,#10523));
#10525=IFCFACEOUTERBOUND(#10524,.T.);
#10526=IFCFACE((#10525));
#10527=IFCCARTESIANPOINT((-74.86122815608978,468.900012588501,155.70056161880493));
#10528=IFCPOLYLOOP((#10527,#10297,#10296));
#10529=IFCFACEOUTERBOUND(#10528,.T.);
#10530=IFCFACE((#10529));
#10531=IFCCARTESIANPOINT((-78.070443606376656,468.900012588501,143.02797939777375));
#10532=IFCPOLYLOOP((#10296,#10295,#10531));
#10533=IFCFACEOUTERBOUND(#10532,.T.);
#10534=IFCFACE((#10533));
#10535=IFCCARTESIANPOINT((-62.459682261943819,468.900012588501,178.61595067977905));
#10536=IFCPOLYLOOP((#10298,#10297,#10535));
#10537=IFCFACEOUTERBOUND(#10536,.T.);
#10538=IFCFACE((#10537));
#10539=IFCPOLYLOOP((#10295,#10386,#10531));
#10540=IFCFACEOUTERBOUND(#10539,.T.);
#10541=IFCFACE((#10540));
#10542=IFCPOLYLOOP((#10523,#10519,#10299));
#10543=IFCFACEOUTERBOUND(#10542,.T.);
#10544=IFCFACE((#10543));
#10545=IFCCARTESIANPOINT((-19.427690881490708,468.900012588501,206.72866058349609));
#10546=IFCPOLYLOOP((#10519,#10545,#10300));
#10547=IFCFACEOUTERBOUND(#10546,.T.);
#10548=IFCFACE((#10547));
#10549=IFCPOLYLOOP((#10545,#10515,#10300));
#10550=IFCFACEOUTERBOUND(#10549,.T.);
#10551=IFCFACE((#10550));
#10552=IFCCARTESIANPOINT((-69.609890806674954,468.900012588501,167.67208743095398));
#10553=IFCPOLYLOOP((#10552,#10297,#10527));
#10554=IFCFACEOUTERBOUND(#10553,.T.);
#10555=IFCFACE((#10554));
#10556=IFCCARTESIANPOINT((-53.605657839775084,468.900012588501,188.23364124298095));
#10557=IFCPOLYLOOP((#10535,#10556,#10298));
#10558=IFCFACEOUTERBOUND(#10557,.T.);
#10559=IFCFACE((#10558));
#10560=IFCPOLYLOOP((#10297,#10552,#10535));
#10561=IFCFACEOUTERBOUND(#10560,.T.);
#10562=IFCFACE((#10561));
#10563=IFCPOLYLOOP((#10556,#10523,#10298));
#10564=IFCFACEOUTERBOUND(#10563,.T.);
#10565=IFCFACE((#10564));
#10566=IFCPOLYLOOP((#10527,#10296,#10531));
#10567=IFCFACEOUTERBOUND(#10566,.T.);
#10568=IFCFACE((#10567));
#10569=IFCPOLYLOOP((#10301,#10515,#10477));
#10570=IFCFACEOUTERBOUND(#10569,.T.);
#10571=IFCFACE((#10570));
#10572=IFCCARTESIANPOINT((-31.03199999999508,507.,130.));
#10573=IFCCARTESIANPOINT((-29.974610241397425,507.,138.03167260768976));
#10574=IFCCARTESIANPOINT((-26.874500330233733,507.,145.51600000006835));
#10575=IFCCARTESIANPOINT((-21.942937633775973,507.,151.94293763384925));
#10576=IFCCARTESIANPOINT((-15.515999999995019,507.,156.87450033030697));
#10577=IFCCARTESIANPOINT((-8.0316726076164464,507.,159.97461024147063));
#10578=IFCCARTESIANPOINT((0.,507.,161.03200000006825));
#10579=IFCCARTESIANPOINT((8.0316726076263869,507.,159.97461024147063));
#10580=IFCCARTESIANPOINT((15.516000000004954,507.,156.87450033030694));
#10581=IFCCARTESIANPOINT((21.942937633785881,507.,151.9429376338492));
#10582=IFCCARTESIANPOINT((26.874500330243634,507.,145.51600000006826));
#10583=IFCCARTESIANPOINT((29.974610241407294,507.,138.03167260768967));
#10584=IFCCARTESIANPOINT((31.032000000004928,507.,130.));
#10585=IFCCARTESIANPOINT((29.974610241407245,507.,121.96832739244665));
#10586=IFCCARTESIANPOINT((26.874500330243535,507.,114.48400000006809));
#10587=IFCCARTESIANPOINT((21.942937633785746,507.,108.0570623662872));
#10588=IFCCARTESIANPOINT((15.516000000004786,507.,103.12549966982948));
#10589=IFCCARTESIANPOINT((8.0316726076262004,507.,100.02538975866585));
#10590=IFCCARTESIANPOINT((0.,507.,98.968000000068258));
#10591=IFCCARTESIANPOINT((-8.0316726076166329,507.,100.02538975866592));
#10592=IFCCARTESIANPOINT((-15.515999999995179,507.,103.12549966982962));
#10593=IFCCARTESIANPOINT((-21.942937633776108,507.,108.0570623662874));
#10594=IFCCARTESIANPOINT((-26.874500330233836,507.,114.48400000006836));
#10595=IFCCARTESIANPOINT((-29.974610241397478,507.,121.96832739244694));
#10596=IFCPOLYLOOP((#10572,#10573,#10574,#10575,#10576,#10577,#10578,#10579,#10580,#10581,#10582,#10583,#10584,#10585,#10586,#10587,#10588,#10589,#10590,#10591,#10592,#10593,#10594,#10595));
#10597=IFCFACEOUTERBOUND(#10596,.T.);
#10598=IFCFACE((#10597));
#10599=IFCPOLYLOOP((#10572,#10595,#10322,#10321));
#10600=IFCFACEOUTERBOUND(#10599,.T.);
#10601=IFCFACE((#10600));
#10602=IFCPOLYLOOP((#10595,#10594,#10323,#10322));
#10603=IFCFACEOUTERBOUND(#10602,.T.);
#10604=IFCFACE((#10603));
#10605=IFCPOLYLOOP((#10593,#10592,#10325,#10324));
#10606=IFCFACEOUTERBOUND(#10605,.T.);
#10607=IFCFACE((#10606));
#10608=IFCPOLYLOOP((#10594,#10593,#10324,#10323));
#10609=IFCFACEOUTERBOUND(#10608,.T.);
#10610=IFCFACE((#10609));
#10611=IFCPOLYLOOP((#10592,#10591,#10326,#10325));
#10612=IFCFACEOUTERBOUND(#10611,.T.);
#10613=IFCFACE((#10612));
#10614=IFCPOLYLOOP((#10327,#10326,#10591,#10590));
#10615=IFCFACEOUTERBOUND(#10614,.T.);
#10616=IFCFACE((#10615));
#10617=IFCPOLYLOOP((#10590,#10589,#10328,#10327));
#10618=IFCFACEOUTERBOUND(#10617,.T.);
#10619=IFCFACE((#10618));
#10620=IFCPOLYLOOP((#10589,#10588,#10329,#10328));
#10621=IFCFACEOUTERBOUND(#10620,.T.);
#10622=IFCFACE((#10621));
#10623=IFCPOLYLOOP((#10587,#10586,#10331,#10330));
#10624=IFCFACEOUTERBOUND(#10623,.T.);
#10625=IFCFACE((#10624));
#10626=IFCPOLYLOOP((#10588,#10587,#10330,#10329));
#10627=IFCFACEOUTERBOUND(#10626,.T.);
#10628=IFCFACE((#10627));
#10629=IFCPOLYLOOP((#10586,#10585,#10332,#10331));
#10630=IFCFACEOUTERBOUND(#10629,.T.);
#10631=IFCFACE((#10630));
#10632=IFCPOLYLOOP((#10333,#10332,#10585,#10584));
#10633=IFCFACEOUTERBOUND(#10632,.T.);
#10634=IFCFACE((#10633));
#10635=IFCPOLYLOOP((#10584,#10583,#10334,#10333));
#10636=IFCFACEOUTERBOUND(#10635,.T.);
#10637=IFCFACE((#10636));
#10638=IFCPOLYLOOP((#10583,#10582,#10335,#10334));
#10639=IFCFACEOUTERBOUND(#10638,.T.);
#10640=IFCFACE((#10639));
#10641=IFCPOLYLOOP((#10581,#10580,#10337,#10336));
#10642=IFCFACEOUTERBOUND(#10641,.T.);
#10643=IFCFACE((#10642));
#10644=IFCPOLYLOOP((#10582,#10581,#10336,#10335));
#10645=IFCFACEOUTERBOUND(#10644,.T.);
#10646=IFCFACE((#10645));
#10647=IFCPOLYLOOP((#10580,#10579,#10338,#10337));
#10648=IFCFACEOUTERBOUND(#10647,.T.);
#10649=IFCFACE((#10648));
#10650=IFCPOLYLOOP((#10339,#10338,#10579,#10578));
#10651=IFCFACEOUTERBOUND(#10650,.T.);
#10652=IFCFACE((#10651));
#10653=IFCPOLYLOOP((#10578,#10577,#10340,#10339));
#10654=IFCFACEOUTERBOUND(#10653,.T.);
#10655=IFCFACE((#10654));
#10656=IFCPOLYLOOP((#10577,#10576,#10341,#10340));
#10657=IFCFACEOUTERBOUND(#10656,.T.);
#10658=IFCFACE((#10657));
#10659=IFCPOLYLOOP((#10575,#10574,#10343,#10342));
#10660=IFCFACEOUTERBOUND(#10659,.T.);
#10661=IFCFACE((#10660));
#10662=IFCPOLYLOOP((#10576,#10575,#10342,#10341));
#10663=IFCFACEOUTERBOUND(#10662,.T.);
#10664=IFCFACE((#10663));
#10665=IFCPOLYLOOP((#10574,#10573,#10344,#10343));
#10666=IFCFACEOUTERBOUND(#10665,.T.);
#10667=IFCFACE((#10666));
#10668=IFCPOLYLOOP((#10321,#10344,#10573,#10572));
#10669=IFCFACEOUTERBOUND(#10668,.T.);
#10670=IFCFACE((#10669));
#10671=IFCPOLYLOOP((#10151,#10162,#10419));
#10672=IFCFACEOUTERBOUND(#10671,.T.);
#10673=IFCFACE((#10672));
#10674=IFCPOLYLOOP((#10150,#10151,#10415));
#10675=IFCFACEOUTERBOUND(#10674,.T.);
#10676=IFCFACE((#10675));
#10677=IFCPOLYLOOP((#10150,#10441,#10155));
#10678=IFCFACEOUTERBOUND(#10677,.T.);
#10679=IFCFACE((#10678));
#10680=IFCPOLYLOOP((#10138,#10146,#10445));
#10681=IFCFACEOUTERBOUND(#10680,.T.);
#10682=IFCFACE((#10681));
#10683=IFCPOLYLOOP((#10407,#10142,#10137));
#10684=IFCFACEOUTERBOUND(#10683,.T.);
#10685=IFCFACE((#10684));
#10686=IFCPOLYLOOP((#10138,#10411,#10137));
#10687=IFCFACEOUTERBOUND(#10686,.T.);
#10688=IFCFACE((#10687));
#10689=IFCPOLYLOOP((#10146,#10155,#10423));
#10690=IFCFACEOUTERBOUND(#10689,.T.);
#10691=IFCFACE((#10690));
#10692=IFCPOLYLOOP((#10166,#10142,#10434));
#10693=IFCFACEOUTERBOUND(#10692,.T.);
#10694=IFCFACE((#10693));
#10695=IFCPOLYLOOP((#10162,#10427,#10419));
#10696=IFCFACEOUTERBOUND(#10695,.T.);
#10697=IFCFACE((#10696));
#10698=IFCPOLYLOOP((#10150,#10415,#10441));
#10699=IFCFACEOUTERBOUND(#10698,.T.);
#10700=IFCFACE((#10699));
#10701=IFCPOLYLOOP((#10155,#10441,#10423));
#10702=IFCFACEOUTERBOUND(#10701,.T.);
#10703=IFCFACE((#10702));
#10704=IFCPOLYLOOP((#10415,#10151,#10419));
#10705=IFCFACEOUTERBOUND(#10704,.T.);
#10706=IFCFACE((#10705));
#10707=IFCPOLYLOOP((#10138,#10445,#10411));
#10708=IFCFACEOUTERBOUND(#10707,.T.);
#10709=IFCFACE((#10708));
#10710=IFCPOLYLOOP((#10142,#10407,#10434));
#10711=IFCFACEOUTERBOUND(#10710,.T.);
#10712=IFCFACE((#10711));
#10713=IFCPOLYLOOP((#10166,#10434,#10403));
#10714=IFCFACEOUTERBOUND(#10713,.T.);
#10715=IFCFACE((#10714));
#10716=IFCPOLYLOOP((#10407,#10137,#10411));
#10717=IFCFACEOUTERBOUND(#10716,.T.);
#10718=IFCFACE((#10717));
#10719=IFCPOLYLOOP((#10445,#10146,#10423));
#10720=IFCFACEOUTERBOUND(#10719,.T.);
#10721=IFCFACE((#10720));
#10722=IFCPOLYLOOP((#10403,#10133,#10166));
#10723=IFCFACEOUTERBOUND(#10722,.T.);
#10724=IFCFACE((#10723));
#10725=IFCPOLYLOOP((#10106,#10133,#10364));
#10726=IFCFACEOUTERBOUND(#10725,.T.);
#10727=IFCFACE((#10726));
#10728=IFCPOLYLOOP((#10094,#10095,#10360));
#10729=IFCFACEOUTERBOUND(#10728,.T.);
#10730=IFCFACE((#10729));
#10731=IFCPOLYLOOP((#10365,#10095,#10106));
#10732=IFCFACEOUTERBOUND(#10731,.T.);
#10733=IFCFACE((#10732));
#10734=IFCPOLYLOOP((#10094,#10372,#10099));
#10735=IFCFACEOUTERBOUND(#10734,.T.);
#10736=IFCFACE((#10735));
#10737=IFCPOLYLOOP((#10090,#10099,#10390));
#10738=IFCFACEOUTERBOUND(#10737,.T.);
#10739=IFCFACE((#10738));
#10740=IFCPOLYLOOP((#10348,#10110,#10111));
#10741=IFCFACEOUTERBOUND(#10740,.T.);
#10742=IFCFACE((#10741));
#10743=IFCPOLYLOOP((#10352,#10111,#10085));
#10744=IFCFACEOUTERBOUND(#10743,.T.);
#10745=IFCFACE((#10744));
#10746=IFCPOLYLOOP((#10086,#10090,#10356));
#10747=IFCFACEOUTERBOUND(#10746,.T.);
#10748=IFCFACE((#10747));
#10749=IFCPOLYLOOP((#10085,#10086,#10379));
#10750=IFCFACEOUTERBOUND(#10749,.T.);
#10751=IFCFACE((#10750));
#10752=IFCPOLYLOOP((#10106,#10364,#10365));
#10753=IFCFACEOUTERBOUND(#10752,.T.);
#10754=IFCFACE((#10753));
#10755=IFCPOLYLOOP((#10094,#10360,#10372));
#10756=IFCFACEOUTERBOUND(#10755,.T.);
#10757=IFCFACE((#10756));
#10758=IFCPOLYLOOP((#10099,#10372,#10390));
#10759=IFCFACEOUTERBOUND(#10758,.T.);
#10760=IFCFACE((#10759));
#10761=IFCPOLYLOOP((#10360,#10095,#10365));
#10762=IFCFACEOUTERBOUND(#10761,.T.);
#10763=IFCFACE((#10762));
#10764=IFCPOLYLOOP((#10379,#10086,#10356));
#10765=IFCFACEOUTERBOUND(#10764,.T.);
#10766=IFCFACE((#10765));
#10767=IFCPOLYLOOP((#10352,#10348,#10111));
#10768=IFCFACEOUTERBOUND(#10767,.T.);
#10769=IFCFACE((#10768));
#10770=IFCPOLYLOOP((#10085,#10379,#10352));
#10771=IFCFACEOUTERBOUND(#10770,.T.);
#10772=IFCFACE((#10771));
#10773=IFCPOLYLOOP((#10356,#10090,#10390));
#10774=IFCFACEOUTERBOUND(#10773,.T.);
#10775=IFCFACE((#10774));
#10776=IFCPOLYLOOP((#10348,#10386,#10110));
#10777=IFCFACEOUTERBOUND(#10776,.T.);
#10778=IFCFACE((#10777));
#10779=IFCPOLYLOOP((#10403,#10364,#10133));
#10780=IFCFACEOUTERBOUND(#10779,.T.);
#10781=IFCFACE((#10780));
#10782=IFCPOLYLOOP((#10256,#10110,#10531));
#10783=IFCFACEOUTERBOUND(#10782,.T.);
#10784=IFCFACE((#10783));
#10785=IFCPOLYLOOP((#10255,#10256,#10527));
#10786=IFCFACEOUTERBOUND(#10785,.T.);
#10787=IFCFACE((#10786));
#10788=IFCPOLYLOOP((#10255,#10552,#10260));
#10789=IFCFACEOUTERBOUND(#10788,.T.);
#10790=IFCFACE((#10789));
#10791=IFCPOLYLOOP((#10243,#10251,#10556));
#10792=IFCFACEOUTERBOUND(#10791,.T.);
#10793=IFCFACE((#10792));
#10794=IFCPOLYLOOP((#10519,#10247,#10242));
#10795=IFCFACEOUTERBOUND(#10794,.T.);
#10796=IFCFACE((#10795));
#10797=IFCPOLYLOOP((#10243,#10523,#10242));
#10798=IFCFACEOUTERBOUND(#10797,.T.);
#10799=IFCFACE((#10798));
#10800=IFCPOLYLOOP((#10251,#10260,#10535));
#10801=IFCFACEOUTERBOUND(#10800,.T.);
#10802=IFCFACE((#10801));
#10803=IFCPOLYLOOP((#10270,#10247,#10545));
#10804=IFCFACEOUTERBOUND(#10803,.T.);
#10805=IFCFACE((#10804));
#10806=IFCPOLYLOOP((#10110,#10386,#10531));
#10807=IFCFACEOUTERBOUND(#10806,.T.);
#10808=IFCFACE((#10807));
#10809=IFCPOLYLOOP((#10255,#10527,#10552));
#10810=IFCFACEOUTERBOUND(#10809,.T.);
#10811=IFCFACE((#10810));
#10812=IFCPOLYLOOP((#10260,#10552,#10535));
#10813=IFCFACEOUTERBOUND(#10812,.T.);
#10814=IFCFACE((#10813));
#10815=IFCPOLYLOOP((#10527,#10256,#10531));
#10816=IFCFACEOUTERBOUND(#10815,.T.);
#10817=IFCFACE((#10816));
#10818=IFCPOLYLOOP((#10243,#10556,#10523));
#10819=IFCFACEOUTERBOUND(#10818,.T.);
#10820=IFCFACE((#10819));
#10821=IFCPOLYLOOP((#10247,#10519,#10545));
#10822=IFCFACEOUTERBOUND(#10821,.T.);
#10823=IFCFACE((#10822));
#10824=IFCPOLYLOOP((#10270,#10545,#10515));
#10825=IFCFACEOUTERBOUND(#10824,.T.);
#10826=IFCFACE((#10825));
#10827=IFCPOLYLOOP((#10519,#10242,#10523));
#10828=IFCFACEOUTERBOUND(#10827,.T.);
#10829=IFCFACE((#10828));
#10830=IFCPOLYLOOP((#10556,#10251,#10535));
#10831=IFCFACEOUTERBOUND(#10830,.T.);
#10832=IFCFACE((#10831));
#10833=IFCPOLYLOOP((#10515,#10238,#10270));
#10834=IFCFACEOUTERBOUND(#10833,.T.);
#10835=IFCFACE((#10834));
#10836=IFCPOLYLOOP((#10208,#10238,#10477));
#10837=IFCFACEOUTERBOUND(#10836,.T.);
#10838=IFCFACE((#10837));
#10839=IFCPOLYLOOP((#10195,#10196,#10473));
#10840=IFCFACEOUTERBOUND(#10839,.T.);
#10841=IFCFACE((#10840));
#10842=IFCPOLYLOOP((#10478,#10196,#10208));
#10843=IFCFACEOUTERBOUND(#10842,.T.);
#10844=IFCFACE((#10843));
#10845=IFCPOLYLOOP((#10195,#10485,#10200));
#10846=IFCFACEOUTERBOUND(#10845,.T.);
#10847=IFCFACE((#10846));
#10848=IFCPOLYLOOP((#10204,#10200,#10502));
#10849=IFCFACEOUTERBOUND(#10848,.T.);
#10850=IFCFACE((#10849));
#10851=IFCPOLYLOOP((#10461,#10162,#10191));
#10852=IFCFACEOUTERBOUND(#10851,.T.);
#10853=IFCFACE((#10852));
#10854=IFCPOLYLOOP((#10465,#10191,#10212));
#10855=IFCFACEOUTERBOUND(#10854,.T.);
#10856=IFCFACE((#10855));
#10857=IFCPOLYLOOP((#10219,#10204,#10469));
#10858=IFCFACEOUTERBOUND(#10857,.T.);
#10859=IFCFACE((#10858));
#10860=IFCPOLYLOOP((#10212,#10219,#10492));
#10861=IFCFACEOUTERBOUND(#10860,.T.);
#10862=IFCFACE((#10861));
#10863=IFCPOLYLOOP((#10208,#10477,#10478));
#10864=IFCFACEOUTERBOUND(#10863,.T.);
#10865=IFCFACE((#10864));
#10866=IFCPOLYLOOP((#10195,#10473,#10485));
#10867=IFCFACEOUTERBOUND(#10866,.T.);
#10868=IFCFACE((#10867));
#10869=IFCPOLYLOOP((#10200,#10485,#10502));
#10870=IFCFACEOUTERBOUND(#10869,.T.);
#10871=IFCFACE((#10870));
#10872=IFCPOLYLOOP((#10473,#10196,#10478));
#10873=IFCFACEOUTERBOUND(#10872,.T.);
#10874=IFCFACE((#10873));
#10875=IFCPOLYLOOP((#10492,#10219,#10469));
#10876=IFCFACEOUTERBOUND(#10875,.T.);
#10877=IFCFACE((#10876));
#10878=IFCPOLYLOOP((#10465,#10461,#10191));
#10879=IFCFACEOUTERBOUND(#10878,.T.);
#10880=IFCFACE((#10879));
#10881=IFCPOLYLOOP((#10212,#10492,#10465));
#10882=IFCFACEOUTERBOUND(#10881,.T.);
#10883=IFCFACE((#10882));
#10884=IFCPOLYLOOP((#10469,#10204,#10502));
#10885=IFCFACEOUTERBOUND(#10884,.T.);
#10886=IFCFACE((#10885));
#10887=IFCPOLYLOOP((#10461,#10427,#10162));
#10888=IFCFACEOUTERBOUND(#10887,.T.);
#10889=IFCFACE((#10888));
#10890=IFCPOLYLOOP((#10515,#10477,#10238));
#10891=IFCFACEOUTERBOUND(#10890,.T.);
#10892=IFCFACE((#10891));
#10893=IFCCARTESIANPOINT((-56.431999999995107,-76.,130.));
#10894=IFCCARTESIANPOINT((-54.509126229139859,-76.,115.39432364683498));
#10895=IFCCARTESIANPOINT((-48.871545586358664,-76.,101.78400000006043));
#10896=IFCCARTESIANPOINT((-39.903449875914504,-76.,90.096550124141132));
#10897=IFCCARTESIANPOINT((-28.215999999995311,-76.,81.128454413696915));
#10898=IFCCARTESIANPOINT((-14.605676353220797,-76.,75.490873770915599));
#10899=IFCCARTESIANPOINT((0.,-76.,73.568000000060238));
#10900=IFCCARTESIANPOINT((14.605676353230079,-76.,75.490873770915471));
#10901=IFCCARTESIANPOINT((28.21600000000463,-76.,81.128454413696659));
#10902=IFCCARTESIANPOINT((39.903449875923918,-76.,90.096550124140762));
#10903=IFCCARTESIANPOINT((48.871545586368164,-76.,101.78400000005995));
#10904=IFCCARTESIANPOINT((54.509126229149494,-76.,115.39432364683447));
#10905=IFCCARTESIANPOINT((56.432000000004891,-76.,130.));
#10906=IFCCARTESIANPOINT((54.509126229149587,-76.,144.60567635328567));
#10907=IFCCARTESIANPOINT((48.871545586368349,-76.,158.21600000006018));
#10908=IFCCARTESIANPOINT((39.903449875924167,-76.,169.90344987597942));
#10909=IFCCARTESIANPOINT((28.216000000004939,-76.,178.87154558642362));
#10910=IFCCARTESIANPOINT((14.605676353230409,-76.,184.5091262292049));
#10911=IFCCARTESIANPOINT((0.,-76.,186.43200000006021));
#10912=IFCCARTESIANPOINT((-14.605676353220469,-76.,184.50912622920495));
#10913=IFCCARTESIANPOINT((-28.215999999995006,-76.,178.87154558642374));
#10914=IFCCARTESIANPOINT((-39.903449875914269,-76.,169.90344987597956));
#10915=IFCCARTESIANPOINT((-48.871545586358479,-76.,158.21600000006035));
#10916=IFCCARTESIANPOINT((-54.50912622913976,-76.,144.60567635328584));
#10917=IFCPOLYLOOP((#10893,#10894,#10895,#10896,#10897,#10898,#10899,#10900,#10901,#10902,#10903,#10904,#10905,#10906,#10907,#10908,#10909,#10910,#10911,#10912,#10913,#10914,#10915,#10916));
#10918=IFCFACEOUTERBOUND(#10917,.T.);
#10919=IFCFACE((#10918));
#10920=IFCPOLYLOOP((#8808,#8807,#10894,#10893));
#10921=IFCFACEOUTERBOUND(#10920,.T.);
#10922=IFCFACE((#10921));
#10923=IFCPOLYLOOP((#8807,#8806,#10895,#10894));
#10924=IFCFACEOUTERBOUND(#10923,.T.);
#10925=IFCFACE((#10924));
#10926=IFCPOLYLOOP((#8805,#8804,#10897,#10896));
#10927=IFCFACEOUTERBOUND(#10926,.T.);
#10928=IFCFACE((#10927));
#10929=IFCPOLYLOOP((#8806,#8805,#10896,#10895));
#10930=IFCFACEOUTERBOUND(#10929,.T.);
#10931=IFCFACE((#10930));
#10932=IFCPOLYLOOP((#8804,#8803,#10898,#10897));
#10933=IFCFACEOUTERBOUND(#10932,.T.);
#10934=IFCFACE((#10933));
#10935=IFCPOLYLOOP((#10899,#10898,#8803,#8802));
#10936=IFCFACEOUTERBOUND(#10935,.T.);
#10937=IFCFACE((#10936));
#10938=IFCPOLYLOOP((#8802,#8828,#10900,#10899));
#10939=IFCFACEOUTERBOUND(#10938,.T.);
#10940=IFCFACE((#10939));
#10941=IFCPOLYLOOP((#8828,#8827,#10901,#10900));
#10942=IFCFACEOUTERBOUND(#10941,.T.);
#10943=IFCFACE((#10942));
#10944=IFCPOLYLOOP((#8826,#8825,#10903,#10902));
#10945=IFCFACEOUTERBOUND(#10944,.T.);
#10946=IFCFACE((#10945));
#10947=IFCPOLYLOOP((#8827,#8826,#10902,#10901));
#10948=IFCFACEOUTERBOUND(#10947,.T.);
#10949=IFCFACE((#10948));
#10950=IFCPOLYLOOP((#8825,#8824,#10904,#10903));
#10951=IFCFACEOUTERBOUND(#10950,.T.);
#10952=IFCFACE((#10951));
#10953=IFCPOLYLOOP((#10905,#10904,#8824,#8823));
#10954=IFCFACEOUTERBOUND(#10953,.T.);
#10955=IFCFACE((#10954));
#10956=IFCPOLYLOOP((#8823,#8822,#10906,#10905));
#10957=IFCFACEOUTERBOUND(#10956,.T.);
#10958=IFCFACE((#10957));
#10959=IFCPOLYLOOP((#8822,#8821,#10907,#10906));
#10960=IFCFACEOUTERBOUND(#10959,.T.);
#10961=IFCFACE((#10960));
#10962=IFCPOLYLOOP((#8820,#8819,#10909,#10908));
#10963=IFCFACEOUTERBOUND(#10962,.T.);
#10964=IFCFACE((#10963));
#10965=IFCPOLYLOOP((#8821,#8820,#10908,#10907));
#10966=IFCFACEOUTERBOUND(#10965,.T.);
#10967=IFCFACE((#10966));
#10968=IFCPOLYLOOP((#8819,#8818,#10910,#10909));
#10969=IFCFACEOUTERBOUND(#10968,.T.);
#10970=IFCFACE((#10969));
#10971=IFCPOLYLOOP((#10911,#10910,#8818,#8814));
#10972=IFCFACEOUTERBOUND(#10971,.T.);
#10973=IFCFACE((#10972));
#10974=IFCPOLYLOOP((#8814,#8813,#10912,#10911));
#10975=IFCFACEOUTERBOUND(#10974,.T.);
#10976=IFCFACE((#10975));
#10977=IFCPOLYLOOP((#8813,#8812,#10913,#10912));
#10978=IFCFACEOUTERBOUND(#10977,.T.);
#10979=IFCFACE((#10978));
#10980=IFCPOLYLOOP((#8811,#8810,#10915,#10914));
#10981=IFCFACEOUTERBOUND(#10980,.T.);
#10982=IFCFACE((#10981));
#10983=IFCPOLYLOOP((#8812,#8811,#10914,#10913));
#10984=IFCFACEOUTERBOUND(#10983,.T.);
#10985=IFCFACE((#10984));
#10986=IFCPOLYLOOP((#8810,#8809,#10916,#10915));
#10987=IFCFACEOUTERBOUND(#10986,.T.);
#10988=IFCFACE((#10987));
#10989=IFCPOLYLOOP((#10893,#10916,#8809,#8808));
#10990=IFCFACEOUTERBOUND(#10989,.T.);
#10991=IFCFACE((#10990));
#10992=IFCCONNECTEDFACESET((#175,#180,#184,#189,#192,#196,#200,#204,#208,#213,#216,#220,#224,#228,#232,#237,#240,#244,#248,#252,#256,#261,#264,#268,#271,#300,#304,#308,#312,#316,#321,#324,#328,#331,#335,#338,#342,#346,#349,#352,#355,#359,#363,#367,#371,#375,#379,#383,#386,#390,#393,#397,#401,#404,#407,#410,#413,#417,#421,#425,#429,#434,#437,#441,#444,#448,#451,#454,#458,#461,#464,#467,#471,#475,#479,#483,#487,#491,#494,#497,#501,#504,#508,#512,#515,#518,#521,#524,#529,#533,#537,#542,#547,#550,#553,#557,#560,#563,#566,#569,#572,#575,#578,#581,#584,#588,#592,#597,#600,#604,#608,#613,#617,#621,#624,#627,#630,#633,#636,#639,#642,#645,#648,#651,#654,#658,#662,#666,#671,#676,#679,#682,#686,#689,#692,#695,#698,#701,#704,#707,#710,#713,#717,#721,#726,#729,#733,#737,#741,#745,#749,#752,#755,#758,#761,#764,#767,#770,#773,#776,#779,#782,#786,#789,#793,#797,#800,#804,#808,#812,#815,#818,#821,#824,#827,#830,#834,#838,#841,#845,#849,#852,#856,#860,#863,#866,#869,#872,#875,#878,#881,#884,#888,#892,#895,#899,#904,#907,#910,#913,#916,#919,#922,#925,#928,#932,#936,#939,#943,#947,#950,#953,#957,#960,#963,#966,#969,#972,#975,#978,#982,#986,#990,#994,#998,#1001,#1004,#1007,#1010,#1014,#1017,#1021,#1025,#1029,#1033,#1037,#1040,#1043,#1046,#1050,#1053,#1056,#1060,#1064,#1068,#1072,#1076,#1079,#1082,#1085,#1088,#1091,#1095,#1099,#1103,#1107,#1111,#1114,#1117,#1120,#1123,#1126,#1129,#1132,#1185,#1188,#1191,#1194,#1197,#1200,#1203,#1206,#1209,#1212,#1215,#1218,#1221,#1224,#1227,#1230,#1233,#1236,#1239,#1242,#1245,#1248,#1251,#1254,#1257,#1260,#1263,#1266,#1269,#1272,#1275,#1278,#1281,#1284,#1287,#1290,#1293,#1296,#1299,#1302,#1305,#1308,#1311,#1314,#1317,#1320,#1323,#1329,#1335,#1341,#1346,#1350,#1354,#1360,#1366,#1369,#1372,#1375,#1378,#1383,#1386,#1391,#1395,#1399,#1403,#1407,#1411,#1414,#1417,#1420,#1423,#1426,#1430,#1436,#1441,#1447,#1452,#1455,#1458,#1461,#1465,#1470,#1473,#1476,#1480,#1486,#1491,#1494,#1498,#1501,#1504,#1507,#1512,#1516,#1519,#1522,#1525,#1528,#1531,#1534,#1537,#1540,#1543,#1546,#1549,#1552,#1555,#1558,#1561,#1564,#1567,#1570,#1573,#1576,#1579,#1582,#1585,#1588,#1591,#1594,#1597,#1600,#1603,#1606,#1609,#1612,#1615,#1618,#1621,#1624,#1627,#1630,#1633,#1636,#1639,#1642,#1645,#1648,#1651,#1654,#1657,#1660,#1663,#1666,#1669,#1672,#1675,#1680,#1684,#1689,#1692,#1696,#1700,#1704,#1708,#1713,#1716,#1720,#1724,#1728,#1732,#1737,#1740,#1744,#1748,#1752,#1756,#1761,#1764,#1768,#1771,#1798,#1851,#1854,#1857,#1860,#1863,#1866,#1869,#1872,#1875,#1878,#1881,#1884,#1887,#1890,#1893,#1896,#1899,#1902,#1905,#1908,#1911,#1914,#1917,#1920,#1923,#1976,#2003,#2006,#2009,#2012,#2015,#2018,#2021,#2024,#2027,#2030,#2033,#2036,#2039,#2042,#2045,#2048,#2051,#2054,#2057,#2060,#2063,#2066,#2069,#2072,#2075,#2081,#2087,#2093,#2099,#2105,#2108,#2114,#2119,#2124,#2130,#2133,#2136,#2139,#2145,#2151,#2157,#2161,#2164,#2168,#2171,#2177,#2180,#2183,#2187,#2190,#2193,#2197,#2201,#2204,#2208,#2212,#2215,#2220,#2224,#2228,#2231,#2234,#2237,#2240,#2243,#2246,#2249,#2252,#2255,#2258,#2261,#2265,#2268,#2272,#2275,#2278,#2281,#2284,#2287,#2291,#2294,#2298,#2301,#2304,#2307,#2310,#2313,#2316,#2319,#2322,#2325,#2328,#2331,#2334,#2337,#2342,#2348,#2354,#2360,#2366,#2369,#2375,#2380,#2383,#2389,#2392,#2395,#2398,#2404,#2407,#2412,#2416,#2420,#2423,#2426,#2430,#2433,#2439,#2443,#2447,#2450,#2455,#2459,#2462,#2465,#2469,#2472,#2476,#2479,#2483,#2486,#2489,#2492,#2495,#2498,#2501,#2504,#2507,#2510,#2513,#2517,#2521,#2524,#2528,#2531,#2534,#2537,#2540,#2543,#2547,#2550,#2554,#2557,#2560,#2563,#2566,#2569,#2572,#2575,#2578,#2581,#2584,#2587,#2590,#2593,#2597,#2602,#2606,#2610,#2614,#2618,#2622,#2625,#2628,#2631,#2637,#2641,#2647,#2650,#2653,#2656,#2660,#2664,#2668,#2672,#2676,#2681,#2685,#2688,#2692,#2695,#2699,#2702,#2705,#2708,#2711,#2714,#2717,#2720,#2724,#2727,#2731,#2735,#2739,#2743,#2747,#2753,#2757,#2761,#2766,#2770,#2773,#2776,#2779,#2782,#2786,#2789,#2793,#2797,#2801,#2805,#2809,#2813,#2817,#2820,#2823,#2827,#2830,#2833,#2836,#2839,#2842,#2845,#2850,#2855,#2859,#2863,#2867,#2873,#2876,#2881,#2885,#2889,#2894,#2900,#2906,#2910,#2916,#2920,#2925,#2929,#2935,#2940,#2943,#2946,#2950,#2953,#2958,#2961,#2965,#2969,#2973,#2978,#2982,#2986,#2990,#2993,#2997,#3000,#3004,#3007,#3011,#3015,#3019,#3022,#3025,#3028,#3032,#3035,#3038,#3042,#3045,#3048,#3051,#3056,#3059,#3062,#3066,#3069,#3072,#3075,#3078,#3081,#3084,#3087,#3090,#3093,#3096,#3099,#3103,#3106,#3110,#3113,#3116,#3119,#3122,#3125,#3128,#3132,#3135,#3138,#3141,#3144,#3147,#3150,#3153,#3156,#3159,#3162,#3167,#3171,#3176,#3181,#3184,#3188,#3192,#3195,#3199,#3203,#3207,#3212,#3216,#3220,#3226,#3230,#3236,#3239,#3245,#3248,#3251,#3254,#3258,#3261,#3267,#3272,#3277,#3280,#3284,#3290,#3295,#3298,#3302,#3305,#3308,#3312,#3316,#3321,#3325,#3329,#3332,#3336,#3339,#3342,#3345,#3349,#3354,#3358,#3362,#3366,#3369,#3372,#3375,#3378,#3382,#3385,#3388,#3391,#3394,#3397,#3400,#3403,#3406,#3409,#3413,#3416,#3419,#3423,#3426,#3429,#3432,#3436,#3439,#3442,#3445,#3448,#3451,#3454,#3457,#3460,#3463,#3466,#3469,#3472,#3475,#3478,#3481,#3484,#3489,#3493,#3497,#3503,#3507,#3512,#3516,#3521,#3527,#3530,#3534,#3538,#3544,#3548,#3552,#3556,#3561,#3566,#3570,#3576,#3579,#3584,#3588,#3591,#3594,#3597,#3601,#3606,#3609,#3612,#3615,#3618,#3622,#3625,#3631,#3636,#3640,#3643,#3646,#3650,#3654,#3657,#3661,#3665,#3670,#3673,#3676,#3679,#3682,#3685,#3688,#3692,#3695,#3698,#3701,#3704,#3707,#3710,#3714,#3717,#3720,#3723,#3726,#3729,#3732,#3736,#3739,#3742,#3745,#3748,#3751,#3754,#3757,#3760,#3763,#3766,#3769,#3772,#3775,#3778,#3781,#3784,#3787,#3790,#3793,#3796,#3799,#3804,#3808,#3812,#3818,#3822,#3826,#3832,#3838,#3842,#3846,#3851,#3856,#3860,#3865,#3868,#3873,#3877,#3881,#3885,#3889,#3893,#3896,#3900,#3903,#3906,#3911,#3916,#3920,#3924,#3927,#3931,#3935,#3940,#3946,#3951,#3956,#3959,#3962,#3965,#3968,#3971,#3974,#3977,#3980,#3984,#3987,#3990,#3993,#3996,#3999,#4002,#4005,#4010,#4013,#4017,#4020,#4023,#4026,#4029,#4032,#4035,#4038,#4041,#4044,#4047,#4050,#4053,#4056,#4059,#4062,#4065,#4068,#4071,#4074,#4077,#4080,#4083,#4086,#4089,#4092,#4095,#4098,#4101,#4104,#4107,#4110,#4115,#4120,#4126,#4129,#4135,#4140,#4143,#4146,#4150,#4154,#4159,#4162,#4166,#4169,#4172,#4175,#4179,#4183,#4187,#4191,#4195,#4199,#4202,#4207,#4210,#4213,#4216,#4219,#4222,#4225,#4228,#4231,#4235,#4238,#4242,#4246,#4250,#4254,#4258,#4261,#4265,#4268,#4271,#4274,#4280,#4283,#4288,#4291,#4294,#4298,#4301,#4305,#4311,#4316,#4319,#4322,#4325,#4329,#4332,#4336,#4341,#4344,#4347,#4350,#4353,#4356,#4359,#4362,#4366,#4372,#4377,#4383,#4389,#4392,#4396,#4400,#4406,#4409,#4413,#4417,#4421,#4425,#4428,#4431,#4435,#4438,#4443,#4446,#4451,#4456,#4460,#4464,#4469,#4473,#4476,#4479,#4482,#4485,#4489,#4492,#4497,#4500,#4503,#4506,#4509,#4512,#4516,#4520,#4523,#4527,#4530,#4533,#4536,#4540,#4543,#4546,#4549,#4552,#4555,#4558,#4561,#4565,#4568,#4571,#4574,#4577,#4580,#4583,#4586,#4589,#4592,#4595,#4598,#4601,#4604,#4607,#4610,#4613,#4618,#4624,#4629,#4634,#4639,#4642,#4648,#4652,#4656,#4659,#4663,#4667,#4673,#4677,#4680,#4684,#4688,#4692,#4696,#4699,#4704,#4708,#4712,#4715,#4719,#4722,#4725,#4729,#4732,#4735,#4739,#4742,#4746,#4749,#4752,#4755,#4758,#4761,#4764,#4768,#4771,#4774,#4777,#4780,#4783,#4787,#4790,#4793,#4796,#4799,#4802,#4805,#4808,#4812,#4815,#4818,#4821,#4824,#4827,#4830,#4833,#4836,#4839,#4842,#4845,#4848,#4851,#4854,#4857,#4860,#4876,#4890,#4893,#4896,#4923,#4926,#4929,#4932,#4935,#4938,#4941,#4944,#4947,#4950,#4953,#4956,#4959,#4962,#4965,#4968,#4971,#4974,#4977,#4980,#4983,#4986,#4989,#4992,#4995,#4999,#5002,#5005,#5008,#5011,#5015,#5018,#5021,#5024,#5027,#5030,#5033,#5036,#5039,#5044,#5047,#5050,#5053,#5056,#5060,#5063,#5066,#5069,#5072,#5075,#5078,#5081,#5084,#5088,#5092,#5095,#5098,#5102,#5105,#5108,#5111,#5114,#5118,#5121,#5124,#5127,#5130,#5133,#5136,#5139,#5142,#5145,#5148,#5151,#5154,#5157,#5160,#5163,#5167,#5170,#5173,#5176,#5179,#5182,#5185,#5188,#5191,#5194,#5197,#5200,#5203,#5206,#5209,#5212,#5215,#5218,#5221,#5224,#5227,#5230,#5233,#5236,#5239,#5242,#5245,#5248,#5251,#5254,#5257,#5260,#5263,#5266,#5269,#5272,#5275,#5279,#5283,#5286,#5289,#5292,#5295,#5298,#5301,#5304,#5307,#5310,#5313,#5316,#5319,#5324,#5327,#5332,#5335,#5338,#5341,#5345,#5348,#5351,#5354,#5359,#5362,#5365,#5368,#5371,#5374,#5378,#5382,#5385,#5388,#5391,#5395,#5398,#5401,#5404,#5408,#5411,#5414,#5417,#5420,#5423,#5426,#5429,#5432,#5435,#5438,#5441,#5444,#5447,#5450,#5453,#5456,#5459,#5463,#5466,#5469,#5472,#5475,#5478,#5481,#5484,#5487,#5490,#5493,#5496,#5499,#5502,#5505,#5508,#5511,#5514,#5517,#5520,#5523,#5526,#5529,#5532,#5535,#5538,#5541,#5544,#5547,#5550,#5553,#5556,#5559,#5562,#5565,#5568,#5571));
#10993=IFCCONNECTEDFACESET((#5624,#5651,#5654,#5657,#5660,#5663,#5666,#5669,#5672,#5675,#5678,#5681,#5684,#5687,#5690,#5693,#5696,#5699,#5702,#5705,#5708,#5711,#5714,#5717,#5720,#5723,#5730,#5737,#5741,#5745,#5749,#5752,#5757,#5761,#5765,#5770,#5774,#5777,#5780,#5783,#5786,#5789,#5792,#5795,#5799,#5804,#5808,#5813,#5817,#5820,#5824,#5827,#5830,#5833,#5836,#5839,#5842,#5845,#5849,#5853,#5858,#5862,#5866,#5872,#5877,#5880,#5885,#5888,#5891,#5897,#5900,#5903,#5907,#5910,#5914,#5917,#5920,#5923,#5927,#5931,#5936,#5940,#5944,#5947,#5951,#5955,#5958,#5962,#5965,#5968,#5972,#5976,#5979,#5983,#5987,#5990,#5995,#5999,#6003,#6007,#6010,#6013,#6018,#6022,#6025,#6028,#6031,#6034,#6038,#6042,#6046,#6050,#6053,#6056,#6059,#6062,#6065,#6068,#6071,#6074,#6080,#6086,#6092,#6098,#6104,#6107,#6113,#6118,#6123,#6129,#6132,#6135,#6138,#6144,#6150,#6156,#6160,#6163,#6167,#6170,#6176,#6179,#6182,#6186,#6189,#6192,#6196,#6200,#6203,#6207,#6211,#6214,#6219,#6223,#6227,#6230,#6233,#6236,#6239,#6242,#6245,#6248,#6251,#6254,#6257,#6260,#6264,#6267,#6271,#6274,#6277,#6280,#6283,#6286,#6290,#6293,#6297,#6300,#6303,#6306,#6309,#6312,#6315,#6318,#6321,#6324,#6327,#6330,#6333,#6336,#6341,#6347,#6353,#6359,#6365,#6368,#6374,#6379,#6382,#6388,#6391,#6394,#6397,#6403,#6406,#6411,#6415,#6419,#6422,#6425,#6429,#6432,#6438,#6442,#6446,#6449,#6454,#6458,#6461,#6464,#6468,#6471,#6475,#6478,#6482,#6485,#6488,#6491,#6494,#6497,#6500,#6503,#6506,#6509,#6512,#6516,#6520,#6523,#6527,#6530,#6533,#6536,#6539,#6542,#6546,#6549,#6553,#6556,#6559,#6562,#6565,#6568,#6571,#6574,#6577,#6580,#6583,#6586,#6589,#6592,#6596,#6601,#6605,#6609,#6613,#6617,#6621,#6624,#6627,#6630,#6635,#6639,#6643,#6646,#6649,#6652,#6656,#6660,#6663,#6666,#6669,#6672,#6675,#6678,#6681,#6684,#6687,#6690,#6693,#6696,#6699,#6702,#6705,#6708,#6711,#6714,#6717,#6720,#6724,#6727,#6732,#6735,#6739,#6742,#6745,#6748,#6751,#6754,#6758,#6761,#6765,#6769,#6773,#6777,#6781,#6785,#6789,#6792,#6795,#6799,#6802,#6805,#6808,#6811,#6814,#6817,#6822,#6827,#6831,#6835,#6839,#6845,#6848,#6851,#6855,#6858,#6863,#6869,#6875,#6879,#6885,#6889,#6894,#6898,#6904,#6909,#6912,#6915,#6919,#6922,#6926,#6929,#6933,#6937,#6941,#6946,#6950,#6954,#6958,#6961,#6965,#6968,#6971,#6974,#6977,#6981,#6984,#6987,#6990,#6993,#6997,#7000,#7003,#7007,#7010,#7013,#7016,#7020,#7023,#7026,#7030,#7033,#7036,#7039,#7042,#7045,#7048,#7051,#7054,#7057,#7060,#7063,#7067,#7070,#7074,#7077,#7080,#7083,#7086,#7089,#7092,#7096,#7099,#7102,#7105,#7108,#7111,#7114,#7117,#7120,#7123,#7126,#7130,#7134,#7139,#7143,#7146,#7150,#7154,#7157,#7160,#7164,#7168,#7173,#7176,#7180,#7186,#7189,#7194,#7197,#7203,#7206,#7209,#7212,#7215,#7218,#7224,#7229,#7234,#7237,#7241,#7247,#7252,#7255,#7259,#7262,#7265,#7269,#7273,#7278,#7282,#7286,#7289,#7293,#7296,#7299,#7302,#7306,#7311,#7315,#7319,#7323,#7326,#7329,#7332,#7335,#7339,#7342,#7345,#7348,#7351,#7354,#7357,#7360,#7363,#7366,#7370,#7373,#7376,#7380,#7383,#7386,#7389,#7393,#7396,#7399,#7402,#7405,#7408,#7411,#7414,#7417,#7420,#7423,#7426,#7429,#7432,#7435,#7438,#7441,#7446,#7450,#7454,#7458,#7462,#7467,#7471,#7476,#7482,#7485,#7489,#7493,#7499,#7503,#7507,#7511,#7516,#7521,#7525,#7529,#7532,#7537,#7541,#7544,#7547,#7550,#7554,#7559,#7562,#7565,#7568,#7571,#7575,#7578,#7584,#7587,#7591,#7594,#7597,#7600,#7604,#7607,#7611,#7614,#7619,#7622,#7625,#7628,#7631,#7634,#7637,#7641,#7644,#7647,#7650,#7653,#7656,#7659,#7663,#7666,#7669,#7672,#7675,#7678,#7681,#7685,#7688,#7691,#7694,#7697,#7700,#7703,#7706,#7709,#7712,#7715,#7718,#7721,#7724,#7727,#7730,#7733,#7736,#7739,#7742,#7745,#7748,#7753,#7756,#7760,#7764,#7767,#7771,#7777,#7783,#7787,#7791,#7796,#7801,#7804,#7809,#7812,#7817,#7820,#7826,#7829,#7833,#7837,#7840,#7843,#7846,#7849,#7853,#7858,#7861,#7865,#7870,#7874,#7877,#7882,#7886,#7891,#7896,#7899,#7902,#7905,#7908,#7911,#7914,#7917,#7920,#7924,#7927,#7930,#7933,#7936,#7940,#7943,#7946,#7950,#7953,#7956,#7959,#7962,#7965,#7968,#7971,#7975,#7978,#7981,#7985,#7988,#7991,#7994,#7997,#8000,#8003,#8006,#8009,#8012,#8015,#8018,#8021,#8024,#8027,#8030,#8033,#8036,#8039,#8042,#8045,#8048,#8051,#8054,#8059,#8064,#8070,#8073,#8079,#8084,#8087,#8090,#8094,#8098,#8103,#8106,#8110,#8113,#8116,#8119,#8123,#8127,#8131,#8135,#8139,#8143,#8146,#8150,#8153,#8156,#8159,#8162,#8165,#8168,#8171,#8174,#8177,#8180,#8184,#8187,#8191,#8195,#8199,#8202,#8206,#8209,#8212,#8215,#8221,#8224,#8229,#8232,#8235,#8239,#8242,#8246,#8252,#8257,#8260,#8263,#8266,#8270,#8273,#8277,#8282,#8285,#8288,#8291,#8294,#8297,#8300,#8303,#8307,#8313,#8318,#8324,#8330,#8333,#8337,#8341,#8347,#8350,#8354,#8358,#8362,#8366,#8369,#8372,#8376,#8379,#8384,#8387,#8392,#8397,#8401,#8405,#8410,#8414,#8417,#8420,#8423,#8426,#8430,#8433,#8438,#8441,#8444,#8447,#8450,#8453,#8457,#8461,#8464,#8468,#8471,#8474,#8477,#8481,#8484,#8487,#8490,#8493,#8496,#8499,#8502,#8506,#8509,#8512,#8515,#8518,#8521,#8524,#8527,#8530,#8533,#8536,#8539,#8542,#8545,#8548,#8551,#8554,#8559,#8565,#8570,#8575,#8580,#8583,#8589,#8593,#8597,#8600,#8604,#8608,#8614,#8618,#8621,#8625,#8629,#8633,#8637,#8640,#8645,#8649,#8653,#8656,#8660,#8663,#8666,#8670,#8673,#8676,#8680,#8683,#8687,#8690,#8693,#8696,#8699,#8702,#8705,#8709,#8712,#8715,#8718,#8721,#8724,#8728,#8731,#8734,#8737,#8740,#8743,#8746,#8749,#8753,#8756,#8759,#8762,#8765,#8768,#8771,#8774,#8777,#8780,#8783,#8786,#8789,#8792,#8795,#8798,#8801,#8817,#8831,#8847,#8861,#8865,#8868,#8871,#8874,#8877,#8881,#8886,#8890,#8894,#8897,#8901,#8904,#8907,#8911,#8916,#8920,#8923,#8926,#8929,#8933,#8936,#8939,#8942,#8945,#8948,#8951,#8954,#8957,#8961,#8965,#8968,#8971,#8975,#8978,#8981,#8984,#8988,#8992,#8996,#8999,#9002,#9005,#9009,#9013,#9016,#9020,#9023,#9026,#9029,#9033,#9036,#9039,#9042,#9046,#9049,#9052,#9055,#9058,#9061,#9064,#9067,#9070,#9073,#9076,#9080,#9084,#9089,#9093,#9096,#9100,#9103,#9106,#9109,#9112,#9115,#9118,#9121,#9124,#9128,#9132,#9137,#9141,#9144,#9147,#9150,#9153,#9156,#9159,#9162,#9165,#9192,#9221,#9224,#9227,#9230,#9233,#9236,#9239,#9242,#9245,#9248,#9251,#9254,#9257,#9260,#9263,#9266,#9269,#9272,#9275,#9278,#9281,#9284,#9287,#9290,#9293,#9298,#9302,#9307,#9310,#9314,#9318,#9322,#9326,#9331,#9334,#9338,#9342,#9346,#9350,#9355,#9358,#9362,#9366,#9370,#9374,#9379,#9382,#9386,#9389,#9393,#9397,#9402,#9406,#9410,#9414,#9419,#9423,#9426,#9429,#9432,#9435,#9439,#9442,#9446,#9450,#9453,#9456,#9460,#9464,#9467,#9470,#9473,#9476,#9479,#9483,#9487,#9491,#9495,#9499,#9502,#9505,#9508,#9512,#9516,#9519,#9522,#9526,#9530,#9534,#9537,#9541,#9544,#9547,#9550,#9554,#9558,#9561,#9564,#9567,#9571,#9576,#9580,#9584,#9588,#9592,#9595,#9598,#9602,#9605,#9609,#9612,#9616,#9620,#9623,#9627,#9630,#9633,#9636,#9639,#9643,#9646,#9649,#9652,#9655,#9659,#9664,#9668,#9672,#9675,#9678,#9681,#9684,#9688,#9692,#9696,#9700,#9704,#9707,#9711,#9714,#9717,#9720,#9723,#9726,#9729,#9732,#9735,#9738,#9741,#9770,#9775,#9779,#9784,#9788,#9791,#9794,#9797,#9800,#9803,#9806,#9809,#9814,#9818,#9823,#9826,#9830,#9833,#9836,#9839,#9842,#9845,#9848,#9851,#9855,#9859,#9864,#9867,#9871,#9874,#9877,#9880,#9883,#9886,#9889,#9894,#9898,#9903,#9906,#9909,#9912,#9915,#9918,#9921,#9924,#9927,#9930,#9935,#9939,#9944,#9947,#9951,#9954,#9957,#9960,#9963,#9966,#9969,#9974,#9978,#9983,#9987,#9990,#9993,#9996,#9999,#10002,#10005,#10008,#10012,#10016,#10021,#10024,#10028,#10031,#10034,#10037,#10040,#10043,#10047,#10052,#10055,#10059,#10063,#10066,#10069,#10072,#10075,#10078,#10081,#10084,#10089,#10093,#10098,#10102,#10105,#10109,#10114,#10117,#10120,#10123,#10126,#10129,#10132,#10136,#10141,#10145,#10149,#10154,#10158,#10161,#10165,#10169,#10172,#10175,#10178,#10181,#10184,#10187,#10190,#10194,#10199,#10203,#10207,#10211,#10215,#10218,#10222,#10225,#10228,#10231,#10234,#10237,#10241,#10246,#10250,#10254,#10259,#10263,#10266,#10269,#10273,#10276,#10279,#10282,#10285,#10288,#10291,#10294,#10347,#10351,#10355,#10359,#10363,#10368,#10371,#10375,#10378,#10382,#10385,#10389,#10393,#10396,#10399,#10402,#10406,#10410,#10414,#10418,#10422,#10426,#10430,#10433,#10437,#10440,#10444,#10448,#10451,#10454,#10457,#10460,#10464,#10468,#10472,#10476,#10481,#10484,#10488,#10491,#10495,#10498,#10501,#10505,#10508,#10511,#10514,#10518,#10522,#10526,#10530,#10534,#10538,#10541,#10544,#10548,#10551,#10555,#10559,#10562,#10565,#10568,#10571,#10598,#10601,#10604,#10607,#10610,#10613,#10616,#10619,#10622,#10625,#10628,#10631,#10634,#10637,#10640,#10643,#10646,#10649,#10652,#10655,#10658,#10661,#10664,#10667,#10670,#10673,#10676,#10679,#10682,#10685,#10688,#10691,#10694,#10697,#10700,#10703,#10706,#10709,#10712,#10715,#10718,#10721,#10724,#10727,#10730,#10733,#10736,#10739,#10742,#10745,#10748,#10751,#10754,#10757,#10760,#10763,#10766,#10769,#10772,#10775,#10778,#10781,#10784,#10787,#10790,#10793,#10796,#10799,#10802,#10805,#10808,#10811,#10814,#10817,#10820,#10823,#10826,#10829,#10832,#10835,#10838,#10841,#10844,#10847,#10850,#10853,#10856,#10859,#10862,#10865,#10868,#10871,#10874,#10877,#10880,#10883,#10886,#10889,#10892,#10919,#10922,#10925,#10928,#10931,#10934,#10937,#10940,#10943,#10946,#10949,#10952,#10955,#10958,#10961,#10964,#10967,#10970,#10973,#10976,#10979,#10982,#10985,#10988,#10991));
#10994=IFCFACEBASEDSURFACEMODEL((#10992,#10993));
#10995=IFCSHAPEREPRESENTATION(#15,'Body','SurfaceModel',(#10994));
#10996=IFCAXIS2PLACEMENT3D(#10,$,$);
#10997=IFCREPRESENTATIONMAP(#10996,#10995);
#10998=IFCBUILDINGELEMENTPROXYTYPE('0z1yKae9j0FeCk$nPOAXyE',#6,'M_Inline Pump - Circulator:3.9 LPS - 0.8 Meter Head',$,$,$,(#10997),'1349393',$,.NOTDEFINED.);
#10999=IFCMATERIAL('<Unnamed>');
#11000=IFCCARTESIANTRANSFORMATIONOPERATOR3D($,$,#10,1.,$);
#11001=IFCMAPPEDITEM(#10997,#11000);
#11002=IFCSHAPEREPRESENTATION(#15,'Body','MappedRepresentation',(#11001));
#11003=IFCPRODUCTDEFINITIONSHAPE($,$,(#11002));
#11004=IFCCARTESIANPOINT((-6910.9791389701841,-952.34914596524936,0.));
#11005=IFCAXIS2PLACEMENT3D(#11004,$,$);
#11006=IFCLOCALPLACEMENT(#24,#11005);
#11007=IFCBUILDINGELEMENTPROXY('0JmuMww311gfxijwkYZQoL',#6,'M_Inline Pump - Circulator:3.9 LPS - 0.8 Meter Head:1665096',$,$,#11006,#11003,'1665096',$);
#11008=IFCPROPERTYSINGLEVALUE('Reference',$,IFCIDENTIFIER('3.9 LPS - 0.8 Meter Head'),$);
#11009=IFCPROPERTYSET('2ieFcx7DARMCR21M3A0kvL',#6,'Pset_BuildingElementProxyCommon',$,(#11008));
#11010=IFCPROPERTYSET('12qFTVJ16BKV$Ru$rdSFd9',#6,'Pset_QuantityTakeOff',$,(#11008));
#11011=IFCRELDEFINESBYPROPERTIES('36LHa_9rfSQJqDysnZQIcy',#6,$,$,(#11007),#11009);
#11012=IFCRELDEFINESBYPROPERTIES('3jwNekuSXrrXVf9pBUq8rt',#6,$,$,(#11007),#11010);
#11013=IFCMAPPEDITEM(#10997,#11000);
#11014=IFCSHAPEREPRESENTATION(#15,'Body','MappedRepresentation',(#11013));
#11015=IFCPRODUCTDEFINITIONSHAPE($,$,(#11014));
#11016=IFCCARTESIANPOINT((-6310.9791389701841,-952.34914596524936,0.));
#11017=IFCAXIS2PLACEMENT3D(#11016,$,$);
#11018=IFCLOCALPLACEMENT(#24,#11017);
#11019=IFCBUILDINGELEMENTPROXY('0JmuMww311gfxijwkYZQmf',#6,'M_Inline Pump - Circulator:3.9 LPS - 0.8 Meter Head:1665268',$,$,#11018,#11015,'1665268',$);
#11020=IFCPROPERTYSET('3eIXTdufedNCc$NmXNzq7H',#6,'Pset_BuildingElementProxyCommon',$,(#11008));
#11021=IFCPROPERTYSET('2e7TjmfkO09EM5Sx6Ezcl$',#6,'Pset_QuantityTakeOff',$,(#11008));
#11022=IFCRELDEFINESBYPROPERTIES('3ZsfySB8fWFlVy$rQfQQNy',#6,$,$,(#11019),#11020);
#11023=IFCRELDEFINESBYPROPERTIES('3WmxKRnDLxpfl4wxKIvhpV',#6,$,$,(#11019),#11021);
#11024=IFCCARTESIANPOINT((520.,460.,217.49999999999997));
#11025=IFCCARTESIANPOINT((-520.,460.,217.49999999999997));
#11026=IFCCARTESIANPOINT((-520.,-460.,217.49999999999997));
#11027=IFCCARTESIANPOINT((520.,-460.,217.49999999999997));
#11028=IFCPOLYLOOP((#11024,#11025,#11026,#11027));
#11029=IFCFACEOUTERBOUND(#11028,.T.);
#11030=IFCFACE((#11029));
#11031=IFCCARTESIANPOINT((520.,460.,-217.50000000000009));
#11032=IFCCARTESIANPOINT((520.,-460.,-217.50000000000009));
#11033=IFCCARTESIANPOINT((-520.,-460.,-217.50000000000009));
#11034=IFCCARTESIANPOINT((-520.,460.,-217.50000000000009));
#11035=IFCPOLYLOOP((#11031,#11032,#11033,#11034));
#11036=IFCFACEOUTERBOUND(#11035,.T.);
#11037=IFCFACE((#11036));
#11038=IFCPOLYLOOP((#11025,#11024,#11031,#11034));
#11039=IFCFACEOUTERBOUND(#11038,.T.);
#11040=IFCFACE((#11039));
#11041=IFCCARTESIANPOINT((-520.,-435.,175.));
#11042=IFCCARTESIANPOINT((-520.,-435.,-175.));
#11043=IFCCARTESIANPOINT((-520.,-35.,-175.));
#11044=IFCCARTESIANPOINT((-520.,-35.,175.));
#11045=IFCPOLYLOOP((#11026,#11025,#11034,#11033));
#11046=IFCFACEOUTERBOUND(#11045,.T.);
#11047=IFCPOLYLOOP((#11041,#11042,#11043,#11044));
#11048=IFCFACEBOUND(#11047,.T.);
#11049=IFCFACE((#11046,#11048));
#11050=IFCPOLYLOOP((#11027,#11026,#11033,#11032));
#11051=IFCFACEOUTERBOUND(#11050,.T.);
#11052=IFCFACE((#11051));
#11053=IFCPOLYLOOP((#11024,#11027,#11032,#11031));
#11054=IFCFACEOUTERBOUND(#11053,.T.);
#11055=IFCFACE((#11054));
#11056=IFCCARTESIANPOINT((0.,-435.,175.));
#11057=IFCCARTESIANPOINT((0.,-35.,175.));
#11058=IFCCARTESIANPOINT((0.,-35.,-175.));
#11059=IFCCARTESIANPOINT((0.,-435.,-175.));
#11060=IFCPOLYLOOP((#11056,#11057,#11058,#11059));
#11061=IFCFACEOUTERBOUND(#11060,.T.);
#11062=IFCFACE((#11061));
#11063=IFCPOLYLOOP((#11056,#11059,#11042,#11041));
#11064=IFCFACEOUTERBOUND(#11063,.T.);
#11065=IFCFACE((#11064));
#11066=IFCPOLYLOOP((#11059,#11058,#11043,#11042));
#11067=IFCFACEOUTERBOUND(#11066,.T.);
#11068=IFCFACE((#11067));
#11069=IFCPOLYLOOP((#11058,#11057,#11044,#11043));
#11070=IFCFACEOUTERBOUND(#11069,.T.);
#11071=IFCFACE((#11070));
#11072=IFCPOLYLOOP((#11057,#11056,#11041,#11044));
#11073=IFCFACEOUTERBOUND(#11072,.T.);
#11074=IFCFACE((#11073));
#11075=IFCCARTESIANPOINT((-520.,235.,0.));
#11076=IFCCARTESIANPOINT((-520.,237.5555630283198,-19.411428382688836));
#11077=IFCCARTESIANPOINT((-520.,245.04809471616693,-37.499999999999787));
#11078=IFCCARTESIANPOINT((-520.,256.96699141100873,-53.033008588990903));
#11079=IFCCARTESIANPOINT((-520.,272.49999999999972,-64.951905283832787));
#11080=IFCCARTESIANPOINT((-520.,290.58857161731061,-72.444436971680076));
#11081=IFCCARTESIANPOINT((-520.,310.,-75.));
#11082=IFCCARTESIANPOINT((-520.,329.41142838268865,-72.444436971680247));
#11083=IFCCARTESIANPOINT((-520.,347.49999999999966,-64.951905283833128));
#11084=IFCCARTESIANPOINT((-520.,363.03300858899075,-53.033008588991393));
#11085=IFCCARTESIANPOINT((-520.,374.95190528383262,-37.500000000000419));
#11086=IFCCARTESIANPOINT((-520.,382.44443697167998,-19.41142838268954));
#11087=IFCCARTESIANPOINT((-520.,385.,-0.));
#11088=IFCCARTESIANPOINT((-520.,382.44443697168009,19.411428382689007));
#11089=IFCCARTESIANPOINT((-520.,374.9519052838329,37.499999999999936));
#11090=IFCCARTESIANPOINT((-520.,363.03300858899109,53.033008588990995));
#11091=IFCCARTESIANPOINT((-520.,347.50000000000006,64.951905283832829));
#11092=IFCCARTESIANPOINT((-520.,329.41142838268917,72.444436971680076));
#11093=IFCCARTESIANPOINT((-520.,310.,75.));
#11094=IFCCARTESIANPOINT((-520.,290.58857161731106,72.444436971680133));
#11095=IFCCARTESIANPOINT((-520.,272.50000000000011,64.951905283832957));
#11096=IFCCARTESIANPOINT((-520.,256.96699141100908,53.033008588991152));
#11097=IFCCARTESIANPOINT((-520.,245.04809471616718,37.500000000000135));
#11098=IFCCARTESIANPOINT((-520.,237.55556302831991,19.411428382689234));
#11099=IFCCARTESIANPOINT((-605.,235.,0.));
#11100=IFCCARTESIANPOINT((-605.,237.55556302831991,19.411428382689234));
#11101=IFCCARTESIANPOINT((-605.,245.04809471616718,37.500000000000135));
#11102=IFCCARTESIANPOINT((-605.,256.96699141100908,53.033008588991152));
#11103=IFCCARTESIANPOINT((-605.,272.50000000000011,64.951905283832957));
#11104=IFCCARTESIANPOINT((-605.,290.58857161731106,72.444436971680133));
#11105=IFCCARTESIANPOINT((-605.,310.,75.));
#11106=IFCCARTESIANPOINT((-605.,329.41142838268917,72.444436971680076));
#11107=IFCCARTESIANPOINT((-605.,347.50000000000006,64.951905283832829));
#11108=IFCCARTESIANPOINT((-605.,363.03300858899109,53.033008588990995));
#11109=IFCCARTESIANPOINT((-605.,374.9519052838329,37.499999999999936));
#11110=IFCCARTESIANPOINT((-605.,382.44443697168009,19.411428382689007));
#11111=IFCCARTESIANPOINT((-605.,385.,-0.));
#11112=IFCCARTESIANPOINT((-605.,382.44443697167998,-19.41142838268954));
#11113=IFCCARTESIANPOINT((-605.,374.95190528383262,-37.500000000000419));
#11114=IFCCARTESIANPOINT((-605.,363.03300858899075,-53.033008588991393));
#11115=IFCCARTESIANPOINT((-605.,347.49999999999966,-64.951905283833128));
#11116=IFCCARTESIANPOINT((-605.,329.41142838268865,-72.444436971680247));
#11117=IFCCARTESIANPOINT((-605.,310.,-75.));
#11118=IFCCARTESIANPOINT((-605.,290.58857161731061,-72.444436971680076));
#11119=IFCCARTESIANPOINT((-605.,272.49999999999972,-64.951905283832787));
#11120=IFCCARTESIANPOINT((-605.,256.96699141100873,-53.033008588990903));
#11121=IFCCARTESIANPOINT((-605.,245.04809471616693,-37.499999999999787));
#11122=IFCCARTESIANPOINT((-605.,237.5555630283198,-19.411428382688836));
#11123=IFCPOLYLOOP((#11085,#11086,#11087,#11088,#11089,#11090,#11091,#11092,#11093,#11094,#11095,#11096,#11097,#11098,#11075,#11076,#11077,#11078,#11079,#11080,#11081,#11082,#11083,#11084));
#11124=IFCFACEOUTERBOUND(#11123,.T.);
#11125=IFCFACE((#11124));
#11126=IFCPOLYLOOP((#11105,#11106,#11107,#11108,#11109,#11110,#11111,#11112,#11113,#11114,#11115,#11116,#11117,#11118,#11119,#11120,#11121,#11122,#11099,#11100,#11101,#11102,#11103,#11104));
#11127=IFCFACEOUTERBOUND(#11126,.T.);
#11128=IFCFACE((#11127));
#11129=IFCPOLYLOOP((#11076,#11122,#11121,#11077));
#11130=IFCFACEOUTERBOUND(#11129,.T.);
#11131=IFCFACE((#11130));
#11132=IFCPOLYLOOP((#11120,#11078,#11077,#11121));
#11133=IFCFACEOUTERBOUND(#11132,.T.);
#11134=IFCFACE((#11133));
#11135=IFCPOLYLOOP((#11079,#11119,#11118,#11080));
#11136=IFCFACEOUTERBOUND(#11135,.T.);
#11137=IFCFACE((#11136));
#11138=IFCPOLYLOOP((#11120,#11119,#11079,#11078));
#11139=IFCFACEOUTERBOUND(#11138,.T.);
#11140=IFCFACE((#11139));
#11141=IFCPOLYLOOP((#11080,#11118,#11117,#11081));
#11142=IFCFACEOUTERBOUND(#11141,.T.);
#11143=IFCFACE((#11142));
#11144=IFCPOLYLOOP((#11122,#11076,#11075,#11099));
#11145=IFCFACEOUTERBOUND(#11144,.T.);
#11146=IFCFACE((#11145));
#11147=IFCPOLYLOOP((#11082,#11116,#11115,#11083));
#11148=IFCFACEOUTERBOUND(#11147,.T.);
#11149=IFCFACE((#11148));
#11150=IFCPOLYLOOP((#11114,#11084,#11083,#11115));
#11151=IFCFACEOUTERBOUND(#11150,.T.);
#11152=IFCFACE((#11151));
#11153=IFCPOLYLOOP((#11085,#11113,#11112,#11086));
#11154=IFCFACEOUTERBOUND(#11153,.T.);
#11155=IFCFACE((#11154));
#11156=IFCPOLYLOOP((#11114,#11113,#11085,#11084));
#11157=IFCFACEOUTERBOUND(#11156,.T.);
#11158=IFCFACE((#11157));
#11159=IFCPOLYLOOP((#11086,#11112,#11111,#11087));
#11160=IFCFACEOUTERBOUND(#11159,.T.);
#11161=IFCFACE((#11160));
#11162=IFCPOLYLOOP((#11116,#11082,#11081,#11117));
#11163=IFCFACEOUTERBOUND(#11162,.T.);
#11164=IFCFACE((#11163));
#11165=IFCPOLYLOOP((#11110,#11088,#11087,#11111));
#11166=IFCFACEOUTERBOUND(#11165,.T.);
#11167=IFCFACE((#11166));
#11168=IFCPOLYLOOP((#11109,#11089,#11088,#11110));
#11169=IFCFACEOUTERBOUND(#11168,.T.);
#11170=IFCFACE((#11169));
#11171=IFCPOLYLOOP((#11106,#11105,#11093,#11092));
#11172=IFCFACEOUTERBOUND(#11171,.T.);
#11173=IFCFACE((#11172));
#11174=IFCPOLYLOOP((#11108,#11090,#11089,#11109));
#11175=IFCFACEOUTERBOUND(#11174,.T.);
#11176=IFCFACE((#11175));
#11177=IFCPOLYLOOP((#11107,#11091,#11090,#11108));
#11178=IFCFACEOUTERBOUND(#11177,.T.);
#11179=IFCFACE((#11178));
#11180=IFCPOLYLOOP((#11107,#11106,#11092,#11091));
#11181=IFCFACEOUTERBOUND(#11180,.T.);
#11182=IFCFACE((#11181));
#11183=IFCPOLYLOOP((#11094,#11104,#11103,#11095));
#11184=IFCFACEOUTERBOUND(#11183,.T.);
#11185=IFCFACE((#11184));
#11186=IFCPOLYLOOP((#11102,#11096,#11095,#11103));
#11187=IFCFACEOUTERBOUND(#11186,.T.);
#11188=IFCFACE((#11187));
#11189=IFCPOLYLOOP((#11097,#11101,#11100,#11098));
#11190=IFCFACEOUTERBOUND(#11189,.T.);
#11191=IFCFACE((#11190));
#11192=IFCPOLYLOOP((#11102,#11101,#11097,#11096));
#11193=IFCFACEOUTERBOUND(#11192,.T.);
#11194=IFCFACE((#11193));
#11195=IFCPOLYLOOP((#11098,#11100,#11099,#11075));
#11196=IFCFACEOUTERBOUND(#11195,.T.);
#11197=IFCFACE((#11196));
#11198=IFCPOLYLOOP((#11104,#11094,#11093,#11105));
#11199=IFCFACEOUTERBOUND(#11198,.T.);
#11200=IFCFACE((#11199));
#11201=IFCCARTESIANPOINT((-447.,460.,150.));
#11202=IFCCARTESIANPOINT((-447.,460.,-150.));
#11203=IFCCARTESIANPOINT((53.,460.,-150.));
#11204=IFCCARTESIANPOINT((53.,460.,150.));
#11205=IFCPOLYLOOP((#11201,#11202,#11203,#11204));
#11206=IFCFACEOUTERBOUND(#11205,.T.);
#11207=IFCFACE((#11206));
#11208=IFCCARTESIANPOINT((-447.,620.,150.));
#11209=IFCCARTESIANPOINT((53.,620.,150.));
#11210=IFCCARTESIANPOINT((53.,620.,-150.));
#11211=IFCCARTESIANPOINT((-447.,620.,-150.));
#11212=IFCPOLYLOOP((#11208,#11209,#11210,#11211));
#11213=IFCFACEOUTERBOUND(#11212,.T.);
#11214=IFCFACE((#11213));
#11215=IFCPOLYLOOP((#11202,#11201,#11208,#11211));
#11216=IFCFACEOUTERBOUND(#11215,.T.);
#11217=IFCFACE((#11216));
#11218=IFCPOLYLOOP((#11203,#11202,#11211,#11210));
#11219=IFCFACEOUTERBOUND(#11218,.T.);
#11220=IFCFACE((#11219));
#11221=IFCPOLYLOOP((#11204,#11203,#11210,#11209));
#11222=IFCFACEOUTERBOUND(#11221,.T.);
#11223=IFCFACE((#11222));
#11224=IFCPOLYLOOP((#11201,#11204,#11209,#11208));
#11225=IFCFACEOUTERBOUND(#11224,.T.);
#11226=IFCFACE((#11225));
#11227=IFCCARTESIANPOINT((535.,-20.,140.));
#11228=IFCCARTESIANPOINT((535.,-370.,140.));
#11229=IFCCARTESIANPOINT((535.,-370.,-140.));
#11230=IFCCARTESIANPOINT((535.,-20.,-140.));
#11231=IFCPOLYLOOP((#11227,#11228,#11229,#11230));
#11232=IFCFACEOUTERBOUND(#11231,.T.);
#11233=IFCFACE((#11232));
#11234=IFCCARTESIANPOINT((519.11250000000007,-20.,140.));
#11235=IFCCARTESIANPOINT((519.11250000000007,-20.,-140.));
#11236=IFCCARTESIANPOINT((519.11250000000007,-370.,-140.));
#11237=IFCCARTESIANPOINT((519.11250000000007,-370.,140.));
#11238=IFCPOLYLOOP((#11234,#11235,#11236,#11237));
#11239=IFCFACEOUTERBOUND(#11238,.T.);
#11240=IFCFACE((#11239));
#11241=IFCPOLYLOOP((#11228,#11227,#11234,#11237));
#11242=IFCFACEOUTERBOUND(#11241,.T.);
#11243=IFCFACE((#11242));
#11244=IFCPOLYLOOP((#11229,#11228,#11237,#11236));
#11245=IFCFACEOUTERBOUND(#11244,.T.);
#11246=IFCFACE((#11245));
#11247=IFCPOLYLOOP((#11230,#11229,#11236,#11235));
#11248=IFCFACEOUTERBOUND(#11247,.T.);
#11249=IFCFACE((#11248));
#11250=IFCPOLYLOOP((#11227,#11230,#11235,#11234));
#11251=IFCFACEOUTERBOUND(#11250,.T.);
#11252=IFCFACE((#11251));
#11253=IFCCLOSEDSHELL((#11030,#11037,#11040,#11049,#11052,#11055,#11062,#11065,#11068,#11071,#11074));
#11254=IFCFACETEDBREP(#11253);
#11255=IFCCLOSEDSHELL((#11125,#11128,#11131,#11134,#11137,#11140,#11143,#11146,#11149,#11152,#11155,#11158,#11161,#11164,#11167,#11170,#11173,#11176,#11179,#11182,#11185,#11188,#11191,#11194,#11197,#11200));
#11256=IFCFACETEDBREP(#11255);
#11257=IFCCLOSEDSHELL((#11207,#11214,#11217,#11220,#11223,#11226));
#11258=IFCFACETEDBREP(#11257);
#11259=IFCCLOSEDSHELL((#11233,#11240,#11243,#11246,#11249,#11252));
#11260=IFCFACETEDBREP(#11259);
#11261=IFCSHAPEREPRESENTATION(#15,'Body','Brep',(#11254,#11256,#11258,#11260));
#11262=IFCAXIS2PLACEMENT3D(#10,$,$);
#11263=IFCREPRESENTATIONMAP(#11262,#11261);
#11264=IFCBUILDINGELEMENTPROXYTYPE('0z1yKae9j0FeCk$nPOAqDb',#6,'M_VAV Unit - Parallel Fan Powered:Size 2 - 150mm Inlet',$,$,$,(#11263),'1428346',$,.NOTDEFINED.);
#11265=IFCMAPPEDITEM(#11263,#11000);
#11266=IFCSHAPEREPRESENTATION(#15,'Body','MappedRepresentation',(#11265));
#11267=IFCPRODUCTDEFINITIONSHAPE($,$,(#11266));
#11268=IFCCARTESIANPOINT((-4010.9791389701772,-2552.3491459652578,0.));
#11269=IFCAXIS2PLACEMENT3D(#11268,$,$);
#11270=IFCLOCALPLACEMENT(#24,#11269);
#11271=IFCBUILDINGELEMENTPROXY('0JmuMww311gfxijwkYZQwg',#6,'M_VAV Unit - Parallel Fan Powered:Size 2 - 150mm Inlet:1665655',$,$,#11270,#11267,'1665655',$);
#11272=IFCPROPERTYSINGLEVALUE('Reference',$,IFCIDENTIFIER('Size 2 - 150mm Inlet'),$);
#11273=IFCPROPERTYSET('0hFfLV6tJzPI4ttvJ1Xw0L',#6,'Pset_BuildingElementProxyCommon',$,(#11272));
#11274=IFCPROPERTYSET('2PjWAD9U5IwoqWlGjkXAD2',#6,'Pset_QuantityTakeOff',$,(#11272));
#11275=IFCRELDEFINESBYPROPERTIES('24gM0l4nLu1tG88RXMFh9H',#6,$,$,(#11271),#11273);
#11276=IFCRELDEFINESBYPROPERTIES('3q7$mXtZVL0pAkm_hIpz_5',#6,$,$,(#11271),#11274);
#11277=IFCCARTESIANPOINT((0.,-0.,260.));
#11278=IFCDIRECTION((0.,0.,-1.));
#11279=IFCAXIS2PLACEMENT3D(#11277,#11278,#126);
#11280=IFCLOCALPLACEMENT(#11006,#11279);
#11281=IFCDISTRIBUTIONPORT('0klpsGF4_QCdaJGlrvFKCj',#6,'InPort_1665096_1','Flow',$,#11280,$,.SINK.);
#11282=IFCRELCONNECTSPORTTOELEMENT('3H12z2hF2O6fBJPNPnvBjp',#6,'1665096|0klpsGF4_QCdaJGlrvFKCj','Flow',#11281,#11007);
#11283=IFCAXIS2PLACEMENT3D(#10,#11278,#126);
#11284=IFCLOCALPLACEMENT(#11006,#11283);
#11285=IFCDISTRIBUTIONPORT('1lz5NFwnAc1J1OaCt9X_0s',#6,'OutPort_1665096_2','Flow',$,#11284,$,.SOURCE.);
#11286=IFCRELCONNECTSPORTTOELEMENT('0zK$pnFd$HfGCe8c$kYboN',#6,'1665096|1lz5NFwnAc1J1OaCt9X_0s','Flow',#11285,#11007);
#11287=IFCCARTESIANPOINT((0.,507.,130.));
#11288=IFCAXIS2PLACEMENT3D(#11287,#78,#11278);
#11289=IFCLOCALPLACEMENT(#11006,#11288);
#11290=IFCDISTRIBUTIONPORT('0tz1Fs4euMkR0jVTBD2x2H',#6,'Port_1665096_3','Flow',$,#11289,$,.SOURCEANDSINK.);
#11291=IFCRELCONNECTSPORTTOELEMENT('2QzGKMrmVdp2aYkucSJnFh',#6,'1665096|0tz1Fs4euMkR0jVTBD2x2H','Flow',#11290,#11007);
#11292=IFCCARTESIANPOINT((0.,-0.,260.));
#11293=IFCAXIS2PLACEMENT3D(#11292,#11278,#126);
#11294=IFCLOCALPLACEMENT(#11018,#11293);
#11295=IFCDISTRIBUTIONPORT('3tSEOvCrEqCTeIcLOXWD39',#6,'InPort_1665268_1','Flow',$,#11294,$,.SINK.);
#11296=IFCRELCONNECTSPORTTOELEMENT('1oj6s_WUgv7BeP_AWD7mYa',#6,'1665268|3tSEOvCrEqCTeIcLOXWD39','Flow',#11295,#11019);
#11297=IFCAXIS2PLACEMENT3D(#10,#11278,#126);
#11298=IFCLOCALPLACEMENT(#11018,#11297);
#11299=IFCDISTRIBUTIONPORT('02Wv37xnRW3XAnBGJLBO3E',#6,'OutPort_1665268_2','Flow',$,#11298,$,.SOURCE.);
#11300=IFCRELCONNECTSPORTTOELEMENT('3bT5KG6O5DZvvaNOPbq_Uj',#6,'1665268|02Wv37xnRW3XAnBGJLBO3E','Flow',#11299,#11019);
#11301=IFCCARTESIANPOINT((0.,507.,130.));
#11302=IFCAXIS2PLACEMENT3D(#11301,#78,#11278);
#11303=IFCLOCALPLACEMENT(#11018,#11302);
#11304=IFCDISTRIBUTIONPORT('244FID7ph0ji09kNXU$FyT',#6,'Port_1665268_3','Flow',$,#11303,$,.SOURCEANDSINK.);
#11305=IFCRELCONNECTSPORTTOELEMENT('15RAbrHfNyjrkXHzrdrTuf',#6,'1665268|244FID7ph0ji09kNXU$FyT','Flow',#11304,#11019);
#11306=IFCCARTESIANPOINT((-605.,310.,-0.));
#11307=IFCDIRECTION((1.,0.,0.));
#11308=IFCAXIS2PLACEMENT3D(#11306,#11307,#78);
#11309=IFCLOCALPLACEMENT(#11270,#11308);
#11310=IFCDISTRIBUTIONPORT('22EDLS0UUAGQy7xCOdo$Lg',#6,'InPort_1665655_0','Flow',$,#11309,$,.SINK.);
#11311=IFCRELCONNECTSPORTTOELEMENT('37A3iML67caHqnfECEvLI4',#6,'1665655|22EDLS0UUAGQy7xCOdo$Lg','Flow',#11310,#11271);
#11312=IFCCARTESIANPOINT((535.,-195.,0.));
#11313=IFCAXIS2PLACEMENT3D(#11312,#11307,#78);
#11314=IFCLOCALPLACEMENT(#11270,#11313);
#11315=IFCDISTRIBUTIONPORT('23w_oF$4dnp8PZjkP9qkFO',#6,'OutPort_1665655_1','Flow',$,#11314,$,.SOURCE.);
#11316=IFCRELCONNECTSPORTTOELEMENT('1cWk3y41t0bXiZIbRjpjmO',#6,'1665655|23w_oF$4dnp8PZjkP9qkFO','Flow',#11315,#11271);
#11317=IFCCARTESIANPOINT((0.,-235.,-0.));
#11318=IFCAXIS2PLACEMENT3D(#11317,#11307,#78);
#11319=IFCLOCALPLACEMENT(#11270,#11318);
#11320=IFCDISTRIBUTIONPORT('19Pid94Vu1ZzB6ur9x_bL5',#6,'InPort_1665655_2','Flow',$,#11319,$,.SINK.);
#11321=IFCRELCONNECTSPORTTOELEMENT('2fNtYTFWtSMxrB8Qi5zDMH',#6,'1665655|19Pid94Vu1ZzB6ur9x_bL5','Flow',#11320,#11271);
#11322=IFCCARTESIANPOINT((-197.,620.,0.));
#11323=IFCAXIS2PLACEMENT3D(#11322,#78,#46);
#11324=IFCLOCALPLACEMENT(#11270,#11323);
#11325=IFCDISTRIBUTIONPORT('3hoOwYi0GaAria_pg0BUr8',#6,'Port_1665655_3','Flow',$,#11324,$,.SOURCEANDSINK.);
#11326=IFCRELCONNECTSPORTTOELEMENT('3MojGt9nQmzUneX_fIjxgU',#6,'1665655|3hoOwYi0GaAria_pg0BUr8','Flow',#11325,#11271);
#11327=IFCPROPERTYSINGLEVALUE('Name',$,IFCLABEL('Ground Floor'),$);
#11328=IFCPROPERTYSET('2l4vqu11LCaZAypUbzwyea',#6,'Pset_AirSideSystemInformation',$,(#11327));
#11329=IFCPROPERTYSINGLEVALUE('AboveGround',$,IFCLOGICAL(.U.),$);
#11330=IFCPROPERTYSET('16L50AfyZF4hYq5TGET4H4',#6,'Pset_BuildingStoreyCommon',$,(#11329));
#11331=IFCPROPERTYSINGLEVALUE('Name',$,IFCLABEL('Ground Floor'),$);
#11332=IFCPROPERTYSET('0Fxv$pCHYe$d1NPq668uup',#6,'Pset_ProductRequirements',$,(#11331));
#11333=IFCRELDEFINESBYPROPERTIES('3NFes7CBV81H0RHVpWu5ZF',#6,$,$,(#25),#11328);
#11334=IFCRELDEFINESBYPROPERTIES('2VdfSfkgzGoZi_3SgzE8$0',#6,$,$,(#25),#11330);
#11335=IFCRELDEFINESBYPROPERTIES('0Vxl9G1EBUZpUdM$cyum7J',#6,$,$,(#25),#11332);
#11336=IFCRELCONTAINEDINSPATIALSTRUCTURE('2JF4e6axWHqu3u0C5FZlmi',#6,$,$,(#54,#92,#116,#140,#11007,#11019,#11271),#25);
#11337=IFCPROPERTYSINGLEVALUE('Name',$,IFCLABEL('Roof'),$);
#11338=IFCPROPERTYSET('2rmMSkA7gc4STb1LnLF8UH',#6,'Pset_AirSideSystemInformation',$,(#11337));
#11339=IFCPROPERTYSET('1n34enW33Z_3Qq2Pm1kjQZ',#6,'Pset_BuildingStoreyCommon',$,(#11329));
#11340=IFCPROPERTYSINGLEVALUE('Name',$,IFCLABEL('Roof'),$);
#11341=IFCPROPERTYSET('3b2aIDv9vaOvbWU0hVWzaG',#6,'Pset_ProductRequirements',$,(#11340));
#11342=IFCRELDEFINESBYPROPERTIES('1kaSOYlg8iono8iflzrHRz',#6,$,$,(#29),#11338);
#11343=IFCRELDEFINESBYPROPERTIES('36oM8gyLQ5_Z6XoGK5uP1E',#6,$,$,(#29),#11339);
#11344=IFCRELDEFINESBYPROPERTIES('2r$5AllCk4VpjESRla$JzH',#6,$,$,(#29),#11341);
#11345=IFCRELAGGREGATES('2Rv0WFPU$ET_vlFGXpmHfJ',#6,$,$,#18,(#32));
#11346=IFCRELAGGREGATES('34XISSTqM11_KZhKlLMn3s',#6,$,$,#32,(#22));
#11347=IFCRELAGGREGATES('1yhDISh1T5aQqAoygxGIhP',#6,$,$,#22,(#25,#29));
#11348=IFCPROPERTYSINGLEVALUE('NumberOfStoreys',$,IFCINTEGER(2),$);
#11349=IFCPROPERTYSINGLEVALUE('IsLandmarked',$,IFCLOGICAL(.U.),$);
#11350=IFCPROPERTYSET('3VExfTUQMD$sTiQQjBRYrR',#6,'Pset_BuildingCommon',$,(#11348,#11349));
#11351=IFCRELDEFINESBYPROPERTIES('2jWJHGNfnj1Et84sCgHM3y',#6,$,$,(#22),#11350);
#11352=IFCRELASSOCIATESMATERIAL('0q7Y$tKUMlraxbDa_1ZpF2',#6,$,$,(#54),#62);
#11353=IFCRELASSOCIATESMATERIAL('1MRllMD0$Iy$LxFkbXgDhT',#6,$,$,(#92),#93);
#11354=IFCRELASSOCIATESMATERIAL('0gebVTvBu_m_XLtggJPnet',#6,$,$,(#116),#117);
#11355=IFCRELASSOCIATESMATERIAL('1vYFXkqU$C8tI_OHzoa2Ia',#6,$,$,(#140),#141);
#11356=IFCRELASSOCIATESMATERIAL('1fTeDRFEwWJvAIgV4Ga4qP',#6,$,$,(#63),#61);
#11357=IFCRELASSOCIATESMATERIAL('1jdke_n7mMwK9ZxecIUd_z',#6,$,$,(#10998,#11007,#11019,#11264,#11271),#10999);
#11358=IFCRELDEFINESBYTYPE('0MSq_ijuC5q4PUKv4QkOsA',#6,$,$,(#54,#92,#116,#140),#63);
#11359=IFCRELDEFINESBYTYPE('28aE7tawvQVNKwxCuLS8uJ',#6,$,$,(#11007,#11019),#10998);
#11360=IFCRELDEFINESBYTYPE('2EAukjfKg7abkA4UUEoVLK',#6,$,$,(#11271),#11264);
#11361=IFCRELCONNECTSPATHELEMENTS('0D8aANoPC0PVm9feSe7ro9',#6,'0JmuMww311gfxijwkYZQ10|0JmuMww311gfxijwkYZQ13','Structural',$,#54,#92,(),(),.ATEND.,.ATSTART.);
#11362=IFCRELCONNECTSPATHELEMENTS('3fHSLmbAIclBqSsqF3z2m1',#6,'0JmuMww311gfxijwkYZQ10|0JmuMww311gfxijwkYZQ1z','Structural',$,#54,#140,(),(),.ATSTART.,.ATEND.);
#11363=IFCRELCONNECTSPATHELEMENTS('1NTp2CkG5UwIErQjVaS2ZI',#6,'0JmuMww311gfxijwkYZQ13|0JmuMww311gfxijwkYZQ12','Structural',$,#92,#116,(),(),.ATEND.,.ATSTART.);
#11364=IFCRELCONNECTSPATHELEMENTS('2EV$F$LBH4A_oXhC7vYtnH',#6,'0JmuMww311gfxijwkYZQ12|0JmuMww311gfxijwkYZQ1z','Structural',$,#116,#140,(),(),.ATEND.,.ATSTART.);
#11365=IFCPRESENTATIONLAYERASSIGNMENT('A-WALL',$,(#39,#53,#83,#91,#107,#115,#131,#139),$);
#11366=IFCPRESENTATIONLAYERASSIGNMENT('M-EQPM',$,(#10995,#11002,#11014,#11261,#11266),$);
#11367=IFCUNITASSIGNMENT((#7,#8,#9));
ENDSEC;

END-ISO-10303-21;